{
  "schema_version": "1.0.0",
  "battle_id": "gen9randombattle-2390599337",
  "format_id": "gen9randombattle",
  "metadata": {
    "timestamp_unix": 1750734545,
    "total_turns": 9,
    "outcome": {
      "result": "win",
      "winner": "p2",
      "reason": "all_fainted"
    }
  },
  "players": {
    "p1": {
      "name": "justinfrog",
      "ladder_rating_pre": 1840,
      "ladder_rating_change": null
    },
    "p2": {
      "name": "Honest Opp",
      "ladder_rating_pre": 1904,
      "ladder_rating_change": null
    }
  },
  "team_revelation": {
    "format_type": "random_battle",
    "revelation_pattern": "progressive",
    "teams_fully_revealed": false,
    "teams": {
      "p1": [
        {
          "pokemon_uid": "p1-0",
          "species": "Glaceon",
          "nickname": null,
          "level": 94,
          "gender": "F",
          "first_seen_turn": 1,
          "revelation_status": "partially_revealed",
          "known_ability": null,
          "known_item": null,
          "known_tera_type": null,
          "base_stats": {
            "hp": 275,
            "attack": null,
            "defense": null,
            "sp_attack": null,
            "sp_defense": null,
            "speed": null
          },
          "known_moves": [],
          "unknown_move_slots": 4
        },
        {
          "pokemon_uid": "p1-1",
          "species": "Carbink",
          "nickname": null,
          "level": 90,
          "gender": null,
          "first_seen_turn": 1,
          "revelation_status": "partially_revealed",
          "known_ability": null,
          "known_item": null,
          "known_tera_type": null,
          "base_stats": {
            "hp": 236,
            "attack": null,
            "defense": null,
            "sp_attack": null,
            "sp_defense": null,
            "speed": null
          },
          "known_moves": [],
          "unknown_move_slots": 4
        },
        {
          "pokemon_uid": "p1-2",
          "species": "Annihilape",
          "nickname": null,
          "level": 76,
          "gender": "F",
          "first_seen_turn": 1,
          "revelation_status": "partially_revealed",
          "known_ability": null,
          "known_item": null,
          "known_tera_type": null,
          "base_stats": {
            "hp": 292,
            "attack": null,
            "defense": null,
            "sp_attack": null,
            "sp_defense": null,
            "speed": null
          },
          "known_moves": [],
          "unknown_move_slots": 4
        },
        {
          "pokemon_uid": "p1-3",
          "species": "Leafeon",
          "nickname": null,
          "level": 88,
          "gender": "F",
          "first_seen_turn": 1,
          "revelation_status": "partially_revealed",
          "known_ability": null,
          "known_item": null,
          "known_tera_type": null,
          "base_stats": {
            "hp": 258,
            "attack": null,
            "defense": null,
            "sp_attack": null,
            "sp_defense": null,
            "speed": null
          },
          "known_moves": [],
          "unknown_move_slots": 4
        }
      ],
      "p2": [
        {
          "pokemon_uid": "p2-0",
          "species": "Hydreigon",
          "nickname": null,
          "level": 79,
          "gender": "F",
          "first_seen_turn": 1,
          "revelation_status": "partially_revealed",
          "known_ability": null,
          "known_item": null,
          "known_tera_type": null,
          "base_stats": {
            "hp": 275,
            "attack": null,
            "defense": null,
            "sp_attack": null,
            "sp_defense": null,
            "speed": null
          },
          "known_moves": [],
          "unknown_move_slots": 4
        },
        {
          "pokemon_uid": "p2-1",
          "species": "Froslass",
          "nickname": null,
          "level": 87,
          "gender": "F",
          "first_seen_turn": 1,
          "revelation_status": "partially_revealed",
          "known_ability": null,
          "known_item": null,
          "known_tera_type": null,
          "base_stats": {
            "hp": 263,
            "attack": null,
            "defense": null,
            "sp_attack": null,
            "sp_defense": null,
            "speed": null
          },
          "known_moves": [],
          "unknown_move_slots": 4
        },
        {
          "pokemon_uid": "p2-2",
          "species": "Seviper",
          "nickname": null,
          "level": 93,
          "gender": "M",
          "first_seen_turn": 1,
          "revelation_status": "partially_revealed",
          "known_ability": null,
          "known_item": null,
          "known_tera_type": null,
          "base_stats": {
            "hp": 287,
            "attack": null,
            "defense": null,
            "sp_attack": null,
            "sp_defense": null,
            "speed": null
          },
          "known_moves": [],
          "unknown_move_slots": 4
        }
      ]
    },
    "team_size": {
      "p1": {
        "known": 4,
        "assumed_total": 6,
        "confirmed": false
      },
      "p2": {
        "known": 3,
        "assumed_total": 6,
        "confirmed": false
      }
    }
  },
  "turns": [
    {
      "turn_number": 1,
      "events": [
        {
          "seq": 0,
          "type": "switch",
          "player": "p2",
          "pokemon_uid": "p2-1",
          "into_uid": "p2-1"
        },
        {
          "seq": 1,
          "type": "move",
          "player": "p1",
          "pokemon_uid": "p1-0",
          "move_id": "freeze-dry",
          "target_uid": "p2-1"
        },
        {
          "seq": 2,
          "type": "effect",
          "effect_type": "resisted",
          "raw_parts": [
            "-resisted",
            "p2a: Froslass"
          ]
        },
        {
          "seq": 3,
          "type": "damage",
          "target_uid": "p2-1",
          "amount": null,
          "hp_after": 197,
          "max_hp": 263,
          "effectiveness": "neutral",
          "crit": false,
          "source": "move"
        },
        {
          "seq": 4,
          "type": "effect",
          "effect_type": "start",
          "raw_parts": [
            "-start",
            "p1a: Glaceon",
            "Disable",
            "Freeze-Dry",
            "[from] ability: Cursed Body",
            "[of] p2a: Froslass"
          ]
        }
      ],
      "state_after": {
        "sides": {
          "p1": {
            "active": [],
            "side_conditions": []
          },
          "p2": {
            "active": [],
            "side_conditions": []
          }
        },
        "field": {
          "global_conditions": [],
          "weather": null
        },
        "clocks": {
          "p1": 150,
          "p2": 150
        }
      }
    },
    {
      "turn_number": 2,
      "events": [
        {
          "seq": 0,
          "type": "switch",
          "player": "p1",
          "pokemon_uid": "p1-1",
          "into_uid": "p1-1"
        },
        {
          "seq": 1,
          "type": "move",
          "player": "p2",
          "pokemon_uid": "p2-1",
          "move_id": "spikes",
          "target_uid": "p1-1"
        },
        {
          "seq": 2,
          "type": "effect",
          "effect_type": "sidestart",
          "raw_parts": [
            "-sidestart",
            "p1: justinfrog",
            "Spikes"
          ]
        }
      ],
      "state_after": {
        "sides": {
          "p1": {
            "active": [],
            "side_conditions": []
          },
          "p2": {
            "active": [],
            "side_conditions": []
          }
        },
        "field": {
          "global_conditions": [],
          "weather": null
        },
        "clocks": {
          "p1": 150,
          "p2": 150
        }
      }
    },
    {
      "turn_number": 3,
      "events": [
        {
          "seq": 0,
          "type": "switch",
          "player": "p2",
          "pokemon_uid": "p2-2",
          "into_uid": "p2-2"
        },
        {
          "seq": 1,
          "type": "move",
          "player": "p1",
          "pokemon_uid": "p1-1",
          "move_id": "moonblast",
          "target_uid": "p2-2"
        },
        {
          "seq": 2,
          "type": "effect",
          "effect_type": "resisted",
          "raw_parts": [
            "-resisted",
            "p2a: Seviper"
          ]
        },
        {
          "seq": 3,
          "type": "effect",
          "effect_type": "crit",
          "raw_parts": [
            "-crit",
            "p2a: Seviper"
          ]
        },
        {
          "seq": 4,
          "type": "damage",
          "target_uid": "p2-2",
          "amount": null,
          "hp_after": 224,
          "max_hp": 287,
          "effectiveness": "neutral",
          "crit": false,
          "source": "move"
        },
        {
          "seq": 5,
          "type": "heal",
          "target_uid": "p2-2",
          "amount": null,
          "hp_after": 241,
          "max_hp": 287,
          "source": "unknown"
        }
      ],
      "state_after": {
        "sides": {
          "p1": {
            "active": [],
            "side_conditions": []
          },
          "p2": {
            "active": [],
            "side_conditions": []
          }
        },
        "field": {
          "global_conditions": [],
          "weather": null
        },
        "clocks": {
          "p1": 150,
          "p2": 150
        }
      }
    },
    {
      "turn_number": 4,
      "events": [
        {
          "seq": 0,
          "type": "switch",
          "player": "p1",
          "pokemon_uid": "p1-2",
          "into_uid": "p1-2"
        },
        {
          "seq": 1,
          "type": "damage",
          "target_uid": "p1-2",
          "amount": null,
          "hp_after": 256,
          "max_hp": 292,
          "effectiveness": "neutral",
          "crit": false,
          "source": "move"
        },
        {
          "seq": 2,
          "type": "move",
          "player": "p2",
          "pokemon_uid": "p2-2",
          "move_id": "swordsdance",
          "target_uid": "p2-2"
        },
        {
          "seq": 3,
          "type": "stat_change",
          "target_uid": "p2-2",
          "stat": "atk",
          "amount": 2
        },
        {
          "seq": 4,
          "type": "heal",
          "target_uid": "p1-2",
          "amount": null,
          "hp_after": 274,
          "max_hp": 292,
          "source": "unknown"
        },
        {
          "seq": 5,
          "type": "heal",
          "target_uid": "p2-2",
          "amount": null,
          "hp_after": 258,
          "max_hp": 287,
          "source": "unknown"
        }
      ],
      "state_after": {
        "sides": {
          "p1": {
            "active": [],
            "side_conditions": []
          },
          "p2": {
            "active": [],
            "side_conditions": []
          }
        },
        "field": {
          "global_conditions": [],
          "weather": null
        },
        "clocks": {
          "p1": 150,
          "p2": 150
        }
      }
    },
    {
      "turn_number": 5,
      "events": [
        {
          "seq": 0,
          "type": "move",
          "player": "p1",
          "pokemon_uid": "p1-2",
          "move_id": "ragefist",
          "target_uid": "p2-2"
        },
        {
          "seq": 1,
          "type": "damage",
          "target_uid": "p2-2",
          "amount": null,
          "hp_after": 200,
          "max_hp": 287,
          "effectiveness": "neutral",
          "crit": false,
          "source": "move"
        },
        {
          "seq": 2,
          "type": "move",
          "player": "p2",
          "pokemon_uid": "p2-2",
          "move_id": "trailblaze",
          "target_uid": "p1-2"
        },
        {
          "seq": 3,
          "type": "effect",
          "effect_type": "crit",
          "raw_parts": [
            "-crit",
            "p1a: Annihilape"
          ]
        },
        {
          "seq": 4,
          "type": "damage",
          "target_uid": "p1-2",
          "amount": null,
          "hp_after": 124,
          "max_hp": 292,
          "effectiveness": "neutral",
          "crit": false,
          "source": "move"
        },
        {
          "seq": 5,
          "type": "stat_change",
          "target_uid": "p2-2",
          "stat": "spe",
          "amount": 1
        },
        {
          "seq": 6,
          "type": "heal",
          "target_uid": "p2-2",
          "amount": null,
          "hp_after": 217,
          "max_hp": 287,
          "source": "unknown"
        },
        {
          "seq": 7,
          "type": "heal",
          "target_uid": "p1-2",
          "amount": null,
          "hp_after": 142,
          "max_hp": 292,
          "source": "unknown"
        }
      ],
      "state_after": {
        "sides": {
          "p1": {
            "active": [],
            "side_conditions": []
          },
          "p2": {
            "active": [],
            "side_conditions": []
          }
        },
        "field": {
          "global_conditions": [],
          "weather": null
        },
        "clocks": {
          "p1": 150,
          "p2": 150
        }
      }
    },
    {
      "turn_number": 6,
      "events": [
        {
          "seq": 0,
          "type": "move",
          "player": "p2",
          "pokemon_uid": "p2-2",
          "move_id": "earthquake",
          "target_uid": "p1-2"
        },
        {
          "seq": 1,
          "type": "damage",
          "target_uid": "p1-2",
          "amount": null,
          "hp_after": 0,
          "max_hp": null,
          "effectiveness": "neutral",
          "crit": false,
          "source": "move"
        },
        {
          "seq": 2,
          "type": "faint",
          "target_uid": "p1-2"
        },
        {
          "seq": 3,
          "type": "heal",
          "target_uid": "p2-2",
          "amount": null,
          "hp_after": 234,
          "max_hp": 287,
          "source": "unknown"
        },
        {
          "seq": 4,
          "type": "switch",
          "player": "p1",
          "pokemon_uid": "p1-3",
          "into_uid": "p1-3"
        },
        {
          "seq": 5,
          "type": "damage",
          "target_uid": "p1-3",
          "amount": null,
          "hp_after": 226,
          "max_hp": 258,
          "effectiveness": "neutral",
          "crit": false,
          "source": "move"
        }
      ],
      "state_after": {
        "sides": {
          "p1": {
            "active": [],
            "side_conditions": []
          },
          "p2": {
            "active": [],
            "side_conditions": []
          }
        },
        "field": {
          "global_conditions": [],
          "weather": null
        },
        "clocks": {
          "p1": 150,
          "p2": 150
        }
      }
    },
    {
      "turn_number": 7,
      "events": [
        {
          "seq": 0,
          "type": "form_change",
          "target_uid": "p1-3",
          "mechanic": "terastallize",
          "tera_type": "Normal"
        },
        {
          "seq": 1,
          "type": "move",
          "player": "p2",
          "pokemon_uid": "p2-2",
          "move_id": "gunkshot",
          "target_uid": "p1-3"
        },
        {
          "seq": 2,
          "type": "damage",
          "target_uid": "p1-3",
          "amount": null,
          "hp_after": 0,
          "max_hp": null,
          "effectiveness": "neutral",
          "crit": false,
          "source": "move"
        },
        {
          "seq": 3,
          "type": "faint",
          "target_uid": "p1-3"
        },
        {
          "seq": 4,
          "type": "heal",
          "target_uid": "p2-2",
          "amount": null,
          "hp_after": 251,
          "max_hp": 287,
          "source": "unknown"
        },
        {
          "seq": 5,
          "type": "switch",
          "player": "p1",
          "pokemon_uid": "p1-1",
          "into_uid": "p1-1"
        },
        {
          "seq": 6,
          "type": "damage",
          "target_uid": "p1-1",
          "amount": null,
          "hp_after": 207,
          "max_hp": 236,
          "effectiveness": "neutral",
          "crit": false,
          "source": "move"
        }
      ],
      "state_after": {
        "sides": {
          "p1": {
            "active": [],
            "side_conditions": []
          },
          "p2": {
            "active": [],
            "side_conditions": []
          }
        },
        "field": {
          "global_conditions": [],
          "weather": null
        },
        "clocks": {
          "p1": 150,
          "p2": 150
        }
      }
    },
    {
      "turn_number": 8,
      "events": [
        {
          "seq": 0,
          "type": "move",
          "player": "p2",
          "pokemon_uid": "p2-2",
          "move_id": "earthquake",
          "target_uid": "p1-1"
        },
        {
          "seq": 1,
          "type": "effect",
          "effect_type": "supereffective",
          "raw_parts": [
            "-supereffective",
            "p1a: Carbink"
          ]
        },
        {
          "seq": 2,
          "type": "damage",
          "target_uid": "p1-1",
          "amount": null,
          "hp_after": 1,
          "max_hp": 236,
          "effectiveness": "neutral",
          "crit": false,
          "source": "move"
        },
        {
          "seq": 3,
          "type": "move",
          "player": "p1",
          "pokemon_uid": "p1-1",
          "move_id": "irondefense",
          "target_uid": "p1-1"
        },
        {
          "seq": 4,
          "type": "stat_change",
          "target_uid": "p1-1",
          "stat": "def",
          "amount": 2
        },
        {
          "seq": 5,
          "type": "heal",
          "target_uid": "p2-2",
          "amount": null,
          "hp_after": 268,
          "max_hp": 287,
          "source": "unknown"
        }
      ],
      "state_after": {
        "sides": {
          "p1": {
            "active": [],
            "side_conditions": []
          },
          "p2": {
            "active": [],
            "side_conditions": []
          }
        },
        "field": {
          "global_conditions": [],
          "weather": null
        },
        "clocks": {
          "p1": 150,
          "p2": 150
        }
      }
    },
    {
      "turn_number": 9,
      "events": [
        {
          "seq": 0,
          "type": "move",
          "player": "p2",
          "pokemon_uid": "p2-2",
          "move_id": "trailblaze",
          "target_uid": "p1-1"
        },
        {
          "seq": 1,
          "type": "effect",
          "effect_type": "supereffective",
          "raw_parts": [
            "-supereffective",
            "p1a: Carbink"
          ]
        },
        {
          "seq": 2,
          "type": "damage",
          "target_uid": "p1-1",
          "amount": null,
          "hp_after": 0,
          "max_hp": null,
          "effectiveness": "neutral",
          "crit": false,
          "source": "move"
        },
        {
          "seq": 3,
          "type": "stat_change",
          "target_uid": "p2-2",
          "stat": "spe",
          "amount": 1
        },
        {
          "seq": 4,
          "type": "faint",
          "target_uid": "p1-1"
        },
        {
          "seq": 5,
          "type": "heal",
          "target_uid": "p2-2",
          "amount": null,
          "hp_after": 285,
          "max_hp": 287,
          "source": "unknown"
        },
        {
          "seq": 6,
          "type": "effect",
          "effect_type": "message",
          "raw_parts": [
            "-message",
            "justinfrog forfeited."
          ]
        }
      ],
      "state_after": {
        "sides": {
          "p1": {
            "active": [],
            "side_conditions": []
          },
          "p2": {
            "active": [],
            "side_conditions": []
          }
        },
        "field": {
          "global_conditions": [],
          "weather": null
        },
        "clocks": {
          "p1": 150,
          "p2": 150
        }
      }
    }
  ],
  "summary": {
    "pokemon_used": {
      "p1": [
        "p1-0",
        "p1-1",
        "p1-2",
        "p1-3"
      ],
      "p2": [
        "p2-0",
        "p2-1",
        "p2-2"
      ]
    },
    "fainted_order": {
      "p1": [],
      "p2": []
    },
    "major_events": null
  },
  "integrity": {
    "validated": true,
    "issues": [],
    "sha256_raw_log": "e7bb1604f94cc45f0f533b964da8fe5d",
    "generation_time_ms": 0
  }
}