{
  "schema_version": "1.0.0",
  "battle_id": "gen9randombattle-2390565076",
  "format_id": "gen9randombattle",
  "metadata": {
    "timestamp_unix": 1750730127,
    "total_turns": 38,
    "outcome": {
      "result": "win",
      "winner": "p2",
      "reason": "all_fainted"
    }
  },
  "players": {
    "p1": {
      "name": "micco47",
      "ladder_rating_pre": 1468,
      "ladder_rating_change": null
    },
    "p2": {
      "name": "nobodyhatesyou",
      "ladder_rating_pre": 1463,
      "ladder_rating_change": null
    }
  },
  "team_revelation": {
    "format_type": "random_battle",
    "revelation_pattern": "progressive",
    "teams_fully_revealed": false,
    "teams": {
      "p1": [
        {
          "pokemon_uid": "p1-0",
          "species": "Sudowoodo",
          "nickname": null,
          "level": 94,
          "gender": "F",
          "first_seen_turn": 1,
          "revelation_status": "partially_revealed",
          "known_ability": null,
          "known_item": null,
          "known_tera_type": null,
          "base_stats": {
            "hp": 284,
            "attack": null,
            "defense": null,
            "sp_attack": null,
            "sp_defense": null,
            "speed": null
          },
          "known_moves": [],
          "unknown_move_slots": 4
        },
        {
          "pokemon_uid": "p1-1",
          "species": "Braviary",
          "nickname": null,
          "level": 85,
          "gender": "M",
          "first_seen_turn": 1,
          "revelation_status": "partially_revealed",
          "known_ability": null,
          "known_item": null,
          "known_tera_type": null,
          "base_stats": {
            "hp": 326,
            "attack": null,
            "defense": null,
            "sp_attack": null,
            "sp_defense": null,
            "speed": null
          },
          "known_moves": [],
          "unknown_move_slots": 4
        },
        {
          "pokemon_uid": "p1-2",
          "species": "Spectrier",
          "nickname": null,
          "level": 75,
          "gender": null,
          "first_seen_turn": 1,
          "revelation_status": "partially_revealed",
          "known_ability": null,
          "known_item": null,
          "known_tera_type": null,
          "base_stats": {
            "hp": 274,
            "attack": null,
            "defense": null,
            "sp_attack": null,
            "sp_defense": null,
            "speed": null
          },
          "known_moves": [],
          "unknown_move_slots": 4
        },
        {
          "pokemon_uid": "p1-3",
          "species": "Quagsire",
          "nickname": null,
          "level": 84,
          "gender": "F",
          "first_seen_turn": 1,
          "revelation_status": "partially_revealed",
          "known_ability": null,
          "known_item": null,
          "known_tera_type": null,
          "base_stats": {
            "hp": 297,
            "attack": null,
            "defense": null,
            "sp_attack": null,
            "sp_defense": null,
            "speed": null
          },
          "known_moves": [],
          "unknown_move_slots": 4
        },
        {
          "pokemon_uid": "p1-4",
          "species": "Deoxys",
          "nickname": null,
          "level": 74,
          "gender": null,
          "first_seen_turn": 1,
          "revelation_status": "partially_revealed",
          "known_ability": null,
          "known_item": null,
          "known_tera_type": null,
          "base_stats": {
            "hp": 196,
            "attack": null,
            "defense": null,
            "sp_attack": null,
            "sp_defense": null,
            "speed": null
          },
          "known_moves": [],
          "unknown_move_slots": 4
        },
        {
          "pokemon_uid": "p1-5",
          "species": "Iron Moth",
          "nickname": null,
          "level": 78,
          "gender": null,
          "first_seen_turn": 1,
          "revelation_status": "partially_revealed",
          "known_ability": null,
          "known_item": null,
          "known_tera_type": null,
          "base_stats": {
            "hp": 253,
            "attack": null,
            "defense": null,
            "sp_attack": null,
            "sp_defense": null,
            "speed": null
          },
          "known_moves": [],
          "unknown_move_slots": 4
        }
      ],
      "p2": [
        {
          "pokemon_uid": "p2-0",
          "species": "Ursaring",
          "nickname": null,
          "level": 84,
          "gender": "M",
          "first_seen_turn": 1,
          "revelation_status": "partially_revealed",
          "known_ability": null,
          "known_item": null,
          "known_tera_type": null,
          "base_stats": {
            "hp": 288,
            "attack": null,
            "defense": null,
            "sp_attack": null,
            "sp_defense": null,
            "speed": null
          },
          "known_moves": [],
          "unknown_move_slots": 4
        },
        {
          "pokemon_uid": "p2-1",
          "species": "Chansey",
          "nickname": null,
          "level": 85,
          "gender": "F",
          "first_seen_turn": 1,
          "revelation_status": "partially_revealed",
          "known_ability": null,
          "known_item": null,
          "known_tera_type": null,
          "base_stats": {
            "hp": 564,
            "attack": null,
            "defense": null,
            "sp_attack": null,
            "sp_defense": null,
            "speed": null
          },
          "known_moves": [],
          "unknown_move_slots": 4
        },
        {
          "pokemon_uid": "p2-2",
          "species": "Muk",
          "nickname": null,
          "level": 86,
          "gender": "F",
          "first_seen_turn": 1,
          "revelation_status": "partially_revealed",
          "known_ability": null,
          "known_item": null,
          "known_tera_type": null,
          "base_stats": {
            "hp": 321,
            "attack": null,
            "defense": null,
            "sp_attack": null,
            "sp_defense": null,
            "speed": null
          },
          "known_moves": [],
          "unknown_move_slots": 4
        },
        {
          "pokemon_uid": "p2-3",
          "species": "Sneasler",
          "nickname": null,
          "level": 74,
          "gender": "M",
          "first_seen_turn": 1,
          "revelation_status": "partially_revealed",
          "known_ability": null,
          "known_item": null,
          "known_tera_type": null,
          "base_stats": {
            "hp": 240,
            "attack": null,
            "defense": null,
            "sp_attack": null,
            "sp_defense": null,
            "speed": null
          },
          "known_moves": [],
          "unknown_move_slots": 4
        },
        {
          "pokemon_uid": "p2-4",
          "species": "Noivern",
          "nickname": null,
          "level": 82,
          "gender": "F",
          "first_seen_turn": 1,
          "revelation_status": "partially_revealed",
          "known_ability": null,
          "known_item": null,
          "known_tera_type": null,
          "base_stats": {
            "hp": 274,
            "attack": null,
            "defense": null,
            "sp_attack": null,
            "sp_defense": null,
            "speed": null
          },
          "known_moves": [],
          "unknown_move_slots": 4
        },
        {
          "pokemon_uid": "p2-5",
          "species": "Hoopa",
          "nickname": null,
          "level": 80,
          "gender": null,
          "first_seen_turn": 1,
          "revelation_status": "partially_revealed",
          "known_ability": null,
          "known_item": null,
          "known_tera_type": null,
          "base_stats": {
            "hp": 259,
            "attack": null,
            "defense": null,
            "sp_attack": null,
            "sp_defense": null,
            "speed": null
          },
          "known_moves": [],
          "unknown_move_slots": 4
        }
      ]
    },
    "team_size": {
      "p1": {
        "known": 6,
        "assumed_total": 6,
        "confirmed": false
      },
      "p2": {
        "known": 6,
        "assumed_total": 6,
        "confirmed": false
      }
    }
  },
  "turns": [
    {
      "turn_number": 1,
      "events": [
        {
          "seq": 0,
          "type": "switch",
          "player": "p1",
          "pokemon_uid": "p1-1",
          "into_uid": "p1-1"
        },
        {
          "seq": 1,
          "type": "move",
          "player": "p2",
          "pokemon_uid": "p2-0",
          "move_id": "bodyslam",
          "target_uid": "p1-1"
        },
        {
          "seq": 2,
          "type": "damage",
          "target_uid": "p1-1",
          "amount": null,
          "hp_after": 191,
          "max_hp": 326,
          "effectiveness": "neutral",
          "crit": false,
          "source": "move"
        }
      ],
      "state_after": {
        "sides": {
          "p1": {
            "active": [],
            "side_conditions": []
          },
          "p2": {
            "active": [],
            "side_conditions": []
          }
        },
        "field": {
          "global_conditions": [],
          "weather": null
        },
        "clocks": {
          "p1": 150,
          "p2": 150
        }
      }
    },
    {
      "turn_number": 2,
      "events": [
        {
          "seq": 0,
          "type": "move",
          "player": "p1",
          "pokemon_uid": "p1-1",
          "move_id": "esperwing",
          "target_uid": "p2-0"
        },
        {
          "seq": 1,
          "type": "damage",
          "target_uid": "p2-0",
          "amount": null,
          "hp_after": 212,
          "max_hp": 288,
          "effectiveness": "neutral",
          "crit": false,
          "source": "move"
        },
        {
          "seq": 2,
          "type": "stat_change",
          "target_uid": "p1-1",
          "stat": "spe",
          "amount": 1
        },
        {
          "seq": 3,
          "type": "move",
          "player": "p2",
          "pokemon_uid": "p2-0",
          "move_id": "bodyslam",
          "target_uid": "p1-1"
        },
        {
          "seq": 4,
          "type": "damage",
          "target_uid": "p1-1",
          "amount": null,
          "hp_after": 64,
          "max_hp": 326,
          "effectiveness": "neutral",
          "crit": false,
          "source": "move"
        },
        {
          "seq": 5,
          "type": "status_start",
          "target_uid": "p1-1",
          "status": "par",
          "source": "unknown"
        }
      ],
      "state_after": {
        "sides": {
          "p1": {
            "active": [],
            "side_conditions": []
          },
          "p2": {
            "active": [],
            "side_conditions": []
          }
        },
        "field": {
          "global_conditions": [],
          "weather": null
        },
        "clocks": {
          "p1": 150,
          "p2": 150
        }
      }
    },
    {
      "turn_number": 3,
      "events": [
        {
          "seq": 0,
          "type": "move",
          "player": "p2",
          "pokemon_uid": "p2-0",
          "move_id": "bodyslam",
          "target_uid": "p1-1"
        },
        {
          "seq": 1,
          "type": "damage",
          "target_uid": "p1-1",
          "amount": null,
          "hp_after": 0,
          "max_hp": null,
          "effectiveness": "neutral",
          "crit": false,
          "source": "move"
        },
        {
          "seq": 2,
          "type": "faint",
          "target_uid": "p1-1"
        },
        {
          "seq": 3,
          "type": "switch",
          "player": "p1",
          "pokemon_uid": "p1-2",
          "into_uid": "p1-2"
        }
      ],
      "state_after": {
        "sides": {
          "p1": {
            "active": [],
            "side_conditions": []
          },
          "p2": {
            "active": [],
            "side_conditions": []
          }
        },
        "field": {
          "global_conditions": [],
          "weather": null
        },
        "clocks": {
          "p1": 150,
          "p2": 150
        }
      }
    },
    {
      "turn_number": 4,
      "events": [
        {
          "seq": 0,
          "type": "switch",
          "player": "p2",
          "pokemon_uid": "p2-1",
          "into_uid": "p2-1"
        },
        {
          "seq": 1,
          "type": "move",
          "player": "p1",
          "pokemon_uid": "p1-2",
          "move_id": "darkpulse",
          "target_uid": "p2-1"
        },
        {
          "seq": 2,
          "type": "damage",
          "target_uid": "p2-1",
          "amount": null,
          "hp_after": 528,
          "max_hp": 564,
          "effectiveness": "neutral",
          "crit": false,
          "source": "move"
        }
      ],
      "state_after": {
        "sides": {
          "p1": {
            "active": [],
            "side_conditions": []
          },
          "p2": {
            "active": [],
            "side_conditions": []
          }
        },
        "field": {
          "global_conditions": [],
          "weather": null
        },
        "clocks": {
          "p1": 150,
          "p2": 150
        }
      }
    },
    {
      "turn_number": 5,
      "events": [
        {
          "seq": 0,
          "type": "switch",
          "player": "p1",
          "pokemon_uid": "p1-3",
          "into_uid": "p1-3"
        },
        {
          "seq": 1,
          "type": "move",
          "player": "p2",
          "pokemon_uid": "p2-1",
          "move_id": "thunderwave",
          "target_uid": "p1-3"
        },
        {
          "seq": 2,
          "type": "effect",
          "effect_type": "immune",
          "raw_parts": [
            "-immune",
            "p1a: Quagsire"
          ]
        }
      ],
      "state_after": {
        "sides": {
          "p1": {
            "active": [],
            "side_conditions": []
          },
          "p2": {
            "active": [],
            "side_conditions": []
          }
        },
        "field": {
          "global_conditions": [],
          "weather": null
        },
        "clocks": {
          "p1": 150,
          "p2": 150
        }
      }
    },
    {
      "turn_number": 6,
      "events": [
        {
          "seq": 0,
          "type": "move",
          "player": "p2",
          "pokemon_uid": "p2-1",
          "move_id": "seismictoss",
          "target_uid": "p1-3"
        },
        {
          "seq": 1,
          "type": "damage",
          "target_uid": "p1-3",
          "amount": null,
          "hp_after": 212,
          "max_hp": 297,
          "effectiveness": "neutral",
          "crit": false,
          "source": "move"
        },
        {
          "seq": 2,
          "type": "move",
          "player": "p1",
          "pokemon_uid": "p1-3",
          "move_id": "toxic",
          "target_uid": "p2-1"
        },
        {
          "seq": 3,
          "type": "status_start",
          "target_uid": "p2-1",
          "status": "tox",
          "source": "unknown"
        },
        {
          "seq": 4,
          "type": "heal",
          "target_uid": "p1-3",
          "amount": null,
          "hp_after": 230,
          "max_hp": 297,
          "source": "unknown"
        },
        {
          "seq": 5,
          "type": "damage",
          "target_uid": "p2-1",
          "amount": null,
          "hp_after": 493,
          "max_hp": 564,
          "effectiveness": "neutral",
          "crit": false,
          "source": "move"
        }
      ],
      "state_after": {
        "sides": {
          "p1": {
            "active": [],
            "side_conditions": []
          },
          "p2": {
            "active": [],
            "side_conditions": []
          }
        },
        "field": {
          "global_conditions": [],
          "weather": null
        },
        "clocks": {
          "p1": 150,
          "p2": 150
        }
      }
    },
    {
      "turn_number": 7,
      "events": [
        {
          "seq": 0,
          "type": "status_end",
          "target_uid": "p2-1",
          "status": "tox"
        },
        {
          "seq": 1,
          "type": "switch",
          "player": "p2",
          "pokemon_uid": "p2-2",
          "into_uid": "p2-2"
        },
        {
          "seq": 2,
          "type": "move",
          "player": "p1",
          "pokemon_uid": "p1-3",
          "move_id": "spikes",
          "target_uid": "p2-2"
        },
        {
          "seq": 3,
          "type": "effect",
          "effect_type": "sidestart",
          "raw_parts": [
            "-sidestart",
            "p2: nobodyhatesyou",
            "Spikes"
          ]
        },
        {
          "seq": 4,
          "type": "heal",
          "target_uid": "p1-3",
          "amount": null,
          "hp_after": 248,
          "max_hp": 297,
          "source": "unknown"
        }
      ],
      "state_after": {
        "sides": {
          "p1": {
            "active": [],
            "side_conditions": []
          },
          "p2": {
            "active": [],
            "side_conditions": []
          }
        },
        "field": {
          "global_conditions": [],
          "weather": null
        },
        "clocks": {
          "p1": 150,
          "p2": 150
        }
      }
    },
    {
      "turn_number": 8,
      "events": [
        {
          "seq": 0,
          "type": "switch",
          "player": "p1",
          "pokemon_uid": "p1-0",
          "into_uid": "p1-0"
        },
        {
          "seq": 1,
          "type": "move",
          "player": "p2",
          "pokemon_uid": "p2-2",
          "move_id": "knockoff",
          "target_uid": "p1-0"
        },
        {
          "seq": 2,
          "type": "damage",
          "target_uid": "p1-0",
          "amount": null,
          "hp_after": 230,
          "max_hp": 284,
          "effectiveness": "neutral",
          "crit": false,
          "source": "move"
        },
        {
          "seq": 3,
          "type": "effect",
          "effect_type": "enditem",
          "raw_parts": [
            "-enditem",
            "p1a: Sudowoodo",
            "Choice Band",
            "[from] move: Knock Off",
            "[of] p2a: Muk"
          ]
        }
      ],
      "state_after": {
        "sides": {
          "p1": {
            "active": [],
            "side_conditions": []
          },
          "p2": {
            "active": [],
            "side_conditions": []
          }
        },
        "field": {
          "global_conditions": [],
          "weather": null
        },
        "clocks": {
          "p1": 150,
          "p2": 150
        }
      }
    },
    {
      "turn_number": 9,
      "events": [
        {
          "seq": 0,
          "type": "switch",
          "player": "p2",
          "pokemon_uid": "p2-3",
          "into_uid": "p2-3"
        },
        {
          "seq": 1,
          "type": "damage",
          "target_uid": "p2-3",
          "amount": null,
          "hp_after": 210,
          "max_hp": 240,
          "effectiveness": "neutral",
          "crit": false,
          "source": "move"
        },
        {
          "seq": 2,
          "type": "move",
          "player": "p1",
          "pokemon_uid": "p1-0",
          "move_id": "earthquake",
          "target_uid": "p2-3"
        },
        {
          "seq": 3,
          "type": "effect",
          "effect_type": "supereffective",
          "raw_parts": [
            "-supereffective",
            "p2a: Sneasler"
          ]
        },
        {
          "seq": 4,
          "type": "damage",
          "target_uid": "p2-3",
          "amount": null,
          "hp_after": 0,
          "max_hp": null,
          "effectiveness": "neutral",
          "crit": false,
          "source": "move"
        },
        {
          "seq": 5,
          "type": "faint",
          "target_uid": "p2-3"
        },
        {
          "seq": 6,
          "type": "switch",
          "player": "p2",
          "pokemon_uid": "p2-0",
          "into_uid": "p2-0"
        },
        {
          "seq": 7,
          "type": "damage",
          "target_uid": "p2-0",
          "amount": null,
          "hp_after": 176,
          "max_hp": 288,
          "effectiveness": "neutral",
          "crit": false,
          "source": "move"
        }
      ],
      "state_after": {
        "sides": {
          "p1": {
            "active": [],
            "side_conditions": []
          },
          "p2": {
            "active": [],
            "side_conditions": []
          }
        },
        "field": {
          "global_conditions": [],
          "weather": null
        },
        "clocks": {
          "p1": 150,
          "p2": 150
        }
      }
    },
    {
      "turn_number": 10,
      "events": [
        {
          "seq": 0,
          "type": "switch",
          "player": "p1",
          "pokemon_uid": "p1-2",
          "into_uid": "p1-2"
        },
        {
          "seq": 1,
          "type": "move",
          "player": "p2",
          "pokemon_uid": "p2-0",
          "move_id": "earthquake",
          "target_uid": "p1-2"
        },
        {
          "seq": 2,
          "type": "damage",
          "target_uid": "p1-2",
          "amount": null,
          "hp_after": 152,
          "max_hp": 274,
          "effectiveness": "neutral",
          "crit": false,
          "source": "move"
        },
        {
          "seq": 3,
          "type": "heal",
          "target_uid": "p1-2",
          "amount": null,
          "hp_after": 169,
          "max_hp": 274,
          "source": "unknown"
        }
      ],
      "state_after": {
        "sides": {
          "p1": {
            "active": [],
            "side_conditions": []
          },
          "p2": {
            "active": [],
            "side_conditions": []
          }
        },
        "field": {
          "global_conditions": [],
          "weather": null
        },
        "clocks": {
          "p1": 150,
          "p2": 150
        }
      }
    },
    {
      "turn_number": 11,
      "events": [
        {
          "seq": 0,
          "type": "move",
          "player": "p1",
          "pokemon_uid": "p1-2",
          "move_id": "darkpulse",
          "target_uid": "p2-0"
        },
        {
          "seq": 1,
          "type": "damage",
          "target_uid": "p2-0",
          "amount": null,
          "hp_after": 128,
          "max_hp": 288,
          "effectiveness": "neutral",
          "crit": false,
          "source": "move"
        },
        {
          "seq": 2,
          "type": "move",
          "player": "p2",
          "pokemon_uid": "p2-0",
          "move_id": "earthquake",
          "target_uid": "p1-2"
        },
        {
          "seq": 3,
          "type": "damage",
          "target_uid": "p1-2",
          "amount": null,
          "hp_after": 47,
          "max_hp": 274,
          "effectiveness": "neutral",
          "crit": false,
          "source": "move"
        },
        {
          "seq": 4,
          "type": "heal",
          "target_uid": "p1-2",
          "amount": null,
          "hp_after": 64,
          "max_hp": 274,
          "source": "unknown"
        }
      ],
      "state_after": {
        "sides": {
          "p1": {
            "active": [],
            "side_conditions": []
          },
          "p2": {
            "active": [],
            "side_conditions": []
          }
        },
        "field": {
          "global_conditions": [],
          "weather": null
        },
        "clocks": {
          "p1": 150,
          "p2": 150
        }
      }
    },
    {
      "turn_number": 12,
      "events": [
        {
          "seq": 0,
          "type": "move",
          "player": "p1",
          "pokemon_uid": "p1-2",
          "move_id": "darkpulse",
          "target_uid": "p2-0"
        },
        {
          "seq": 1,
          "type": "damage",
          "target_uid": "p2-0",
          "amount": null,
          "hp_after": 82,
          "max_hp": 288,
          "effectiveness": "neutral",
          "crit": false,
          "source": "move"
        },
        {
          "seq": 2,
          "type": "move",
          "player": "p2",
          "pokemon_uid": "p2-0",
          "move_id": "rest",
          "target_uid": "p2-0"
        },
        {
          "seq": 3,
          "type": "status_start",
          "target_uid": "p2-0",
          "status": "slp",
          "source": "[from] move: Rest"
        },
        {
          "seq": 4,
          "type": "heal",
          "target_uid": "p2-0",
          "amount": null,
          "hp_after": 288,
          "max_hp": 288,
          "source": "unknown"
        },
        {
          "seq": 5,
          "type": "heal",
          "target_uid": "p1-2",
          "amount": null,
          "hp_after": 81,
          "max_hp": 274,
          "source": "unknown"
        }
      ],
      "state_after": {
        "sides": {
          "p1": {
            "active": [],
            "side_conditions": []
          },
          "p2": {
            "active": [],
            "side_conditions": []
          }
        },
        "field": {
          "global_conditions": [],
          "weather": null
        },
        "clocks": {
          "p1": 150,
          "p2": 150
        }
      }
    },
    {
      "turn_number": 13,
      "events": [
        {
          "seq": 0,
          "type": "move",
          "player": "p1",
          "pokemon_uid": "p1-2",
          "move_id": "nastyplot",
          "target_uid": "p1-2"
        },
        {
          "seq": 1,
          "type": "stat_change",
          "target_uid": "p1-2",
          "stat": "spa",
          "amount": 2
        },
        {
          "seq": 2,
          "type": "move",
          "player": "p2",
          "pokemon_uid": "p2-0",
          "move_id": "sleeptalk",
          "target_uid": "p2-0"
        },
        {
          "seq": 3,
          "type": "move",
          "player": "p2",
          "pokemon_uid": "p2-0",
          "move_id": "rest",
          "target_uid": null
        },
        {
          "seq": 4,
          "type": "effect",
          "effect_type": "fail",
          "raw_parts": [
            "-fail",
            "p2a: Ursaring"
          ]
        },
        {
          "seq": 5,
          "type": "heal",
          "target_uid": "p1-2",
          "amount": null,
          "hp_after": 98,
          "max_hp": 274,
          "source": "unknown"
        }
      ],
      "state_after": {
        "sides": {
          "p1": {
            "active": [],
            "side_conditions": []
          },
          "p2": {
            "active": [],
            "side_conditions": []
          }
        },
        "field": {
          "global_conditions": [],
          "weather": null
        },
        "clocks": {
          "p1": 150,
          "p2": 150
        }
      }
    },
    {
      "turn_number": 14,
      "events": [
        {
          "seq": 0,
          "type": "move",
          "player": "p1",
          "pokemon_uid": "p1-2",
          "move_id": "darkpulse",
          "target_uid": "p2-0"
        },
        {
          "seq": 1,
          "type": "damage",
          "target_uid": "p2-0",
          "amount": null,
          "hp_after": 188,
          "max_hp": 288,
          "effectiveness": "neutral",
          "crit": false,
          "source": "move"
        },
        {
          "seq": 2,
          "type": "heal",
          "target_uid": "p1-2",
          "amount": null,
          "hp_after": 115,
          "max_hp": 274,
          "source": "unknown"
        }
      ],
      "state_after": {
        "sides": {
          "p1": {
            "active": [],
            "side_conditions": []
          },
          "p2": {
            "active": [],
            "side_conditions": []
          }
        },
        "field": {
          "global_conditions": [],
          "weather": null
        },
        "clocks": {
          "p1": 150,
          "p2": 150
        }
      }
    },
    {
      "turn_number": 15,
      "events": [
        {
          "seq": 0,
          "type": "move",
          "player": "p1",
          "pokemon_uid": "p1-2",
          "move_id": "darkpulse",
          "target_uid": "p2-0"
        },
        {
          "seq": 1,
          "type": "damage",
          "target_uid": "p2-0",
          "amount": null,
          "hp_after": 89,
          "max_hp": 288,
          "effectiveness": "neutral",
          "crit": false,
          "source": "move"
        },
        {
          "seq": 2,
          "type": "status_end",
          "target_uid": "p2-0",
          "status": "slp"
        },
        {
          "seq": 3,
          "type": "move",
          "player": "p2",
          "pokemon_uid": "p2-0",
          "move_id": "earthquake",
          "target_uid": "p1-2"
        },
        {
          "seq": 4,
          "type": "damage",
          "target_uid": "p1-2",
          "amount": null,
          "hp_after": 0,
          "max_hp": null,
          "effectiveness": "neutral",
          "crit": false,
          "source": "move"
        },
        {
          "seq": 5,
          "type": "faint",
          "target_uid": "p1-2"
        },
        {
          "seq": 6,
          "type": "switch",
          "player": "p1",
          "pokemon_uid": "p1-4",
          "into_uid": "p1-4"
        },
        {
          "seq": 7,
          "type": "effect",
          "effect_type": "ability",
          "raw_parts": [
            "-ability",
            "p1a: Deoxys",
            "Pressure"
          ]
        }
      ],
      "state_after": {
        "sides": {
          "p1": {
            "active": [],
            "side_conditions": []
          },
          "p2": {
            "active": [],
            "side_conditions": []
          }
        },
        "field": {
          "global_conditions": [],
          "weather": null
        },
        "clocks": {
          "p1": 150,
          "p2": 150
        }
      }
    },
    {
      "turn_number": 16,
      "events": [
        {
          "seq": 0,
          "type": "switch",
          "player": "p2",
          "pokemon_uid": "p2-2",
          "into_uid": "p2-2"
        },
        {
          "seq": 1,
          "type": "damage",
          "target_uid": "p2-2",
          "amount": null,
          "hp_after": 281,
          "max_hp": 321,
          "effectiveness": "neutral",
          "crit": false,
          "source": "move"
        },
        {
          "seq": 2,
          "type": "move",
          "player": "p1",
          "pokemon_uid": "p1-4",
          "move_id": "superpower",
          "target_uid": "p2-2"
        },
        {
          "seq": 3,
          "type": "effect",
          "effect_type": "resisted",
          "raw_parts": [
            "-resisted",
            "p2a: Muk"
          ]
        },
        {
          "seq": 4,
          "type": "damage",
          "target_uid": "p2-2",
          "amount": null,
          "hp_after": 219,
          "max_hp": 321,
          "effectiveness": "neutral",
          "crit": false,
          "source": "move"
        },
        {
          "seq": 5,
          "type": "stat_change",
          "target_uid": "p1-4",
          "stat": "atk",
          "amount": -1
        },
        {
          "seq": 6,
          "type": "stat_change",
          "target_uid": "p1-4",
          "stat": "def",
          "amount": -1
        },
        {
          "seq": 7,
          "type": "damage",
          "target_uid": "p1-4",
          "amount": null,
          "hp_after": 177,
          "max_hp": 196,
          "effectiveness": "neutral",
          "crit": false,
          "source": "move"
        }
      ],
      "state_after": {
        "sides": {
          "p1": {
            "active": [],
            "side_conditions": []
          },
          "p2": {
            "active": [],
            "side_conditions": []
          }
        },
        "field": {
          "global_conditions": [],
          "weather": null
        },
        "clocks": {
          "p1": 150,
          "p2": 150
        }
      }
    },
    {
      "turn_number": 17,
      "events": [
        {
          "seq": 0,
          "type": "form_change",
          "target_uid": "p2-2",
          "mechanic": "terastallize",
          "tera_type": "Dark"
        },
        {
          "seq": 1,
          "type": "move",
          "player": "p1",
          "pokemon_uid": "p1-4",
          "move_id": "psychoboost",
          "target_uid": "p2-2"
        },
        {
          "seq": 2,
          "type": "effect",
          "effect_type": "immune",
          "raw_parts": [
            "-immune",
            "p2a: Muk"
          ]
        },
        {
          "seq": 3,
          "type": "move",
          "player": "p2",
          "pokemon_uid": "p2-2",
          "move_id": "knockoff",
          "target_uid": "p1-4"
        },
        {
          "seq": 4,
          "type": "effect",
          "effect_type": "supereffective",
          "raw_parts": [
            "-supereffective",
            "p1a: Deoxys"
          ]
        },
        {
          "seq": 5,
          "type": "damage",
          "target_uid": "p1-4",
          "amount": null,
          "hp_after": 0,
          "max_hp": null,
          "effectiveness": "neutral",
          "crit": false,
          "source": "move"
        },
        {
          "seq": 6,
          "type": "effect",
          "effect_type": "enditem",
          "raw_parts": [
            "-enditem",
            "p1a: Deoxys",
            "Life Orb",
            "[from] move: Knock Off",
            "[of] p2a: Muk"
          ]
        },
        {
          "seq": 7,
          "type": "faint",
          "target_uid": "p1-4"
        },
        {
          "seq": 8,
          "type": "switch",
          "player": "p1",
          "pokemon_uid": "p1-3",
          "into_uid": "p1-3"
        }
      ],
      "state_after": {
        "sides": {
          "p1": {
            "active": [],
            "side_conditions": []
          },
          "p2": {
            "active": [],
            "side_conditions": []
          }
        },
        "field": {
          "global_conditions": [],
          "weather": null
        },
        "clocks": {
          "p1": 150,
          "p2": 150
        }
      }
    },
    {
      "turn_number": 18,
      "events": [
        {
          "seq": 0,
          "type": "move",
          "player": "p2",
          "pokemon_uid": "p2-2",
          "move_id": "drainpunch",
          "target_uid": "p1-3"
        },
        {
          "seq": 1,
          "type": "damage",
          "target_uid": "p1-3",
          "amount": null,
          "hp_after": 186,
          "max_hp": 297,
          "effectiveness": "neutral",
          "crit": false,
          "source": "move"
        },
        {
          "seq": 2,
          "type": "heal",
          "target_uid": "p2-2",
          "amount": null,
          "hp_after": 250,
          "max_hp": 321,
          "source": "unknown"
        },
        {
          "seq": 3,
          "type": "move",
          "player": "p1",
          "pokemon_uid": "p1-3",
          "move_id": "toxic",
          "target_uid": "p2-2"
        },
        {
          "seq": 4,
          "type": "status_start",
          "target_uid": "p2-2",
          "status": "tox",
          "source": "unknown"
        },
        {
          "seq": 5,
          "type": "heal",
          "target_uid": "p1-3",
          "amount": null,
          "hp_after": 204,
          "max_hp": 297,
          "source": "unknown"
        },
        {
          "seq": 6,
          "type": "damage",
          "target_uid": "p2-2",
          "amount": null,
          "hp_after": 230,
          "max_hp": 321,
          "effectiveness": "neutral",
          "crit": false,
          "source": "move"
        }
      ],
      "state_after": {
        "sides": {
          "p1": {
            "active": [],
            "side_conditions": []
          },
          "p2": {
            "active": [],
            "side_conditions": []
          }
        },
        "field": {
          "global_conditions": [],
          "weather": null
        },
        "clocks": {
          "p1": 150,
          "p2": 150
        }
      }
    },
    {
      "turn_number": 19,
      "events": [
        {
          "seq": 0,
          "type": "move",
          "player": "p2",
          "pokemon_uid": "p2-2",
          "move_id": "knockoff",
          "target_uid": "p1-3"
        },
        {
          "seq": 1,
          "type": "damage",
          "target_uid": "p1-3",
          "amount": null,
          "hp_after": 80,
          "max_hp": 297,
          "effectiveness": "neutral",
          "crit": false,
          "source": "move"
        },
        {
          "seq": 2,
          "type": "effect",
          "effect_type": "enditem",
          "raw_parts": [
            "-enditem",
            "p1a: Quagsire",
            "Leftovers",
            "[from] move: Knock Off",
            "[of] p2a: Muk"
          ]
        },
        {
          "seq": 3,
          "type": "move",
          "player": "p1",
          "pokemon_uid": "p1-3",
          "move_id": "spikes",
          "target_uid": "p2-2"
        },
        {
          "seq": 4,
          "type": "effect",
          "effect_type": "sidestart",
          "raw_parts": [
            "-sidestart",
            "p2: nobodyhatesyou",
            "Spikes"
          ]
        },
        {
          "seq": 5,
          "type": "damage",
          "target_uid": "p2-2",
          "amount": null,
          "hp_after": 190,
          "max_hp": 321,
          "effectiveness": "neutral",
          "crit": false,
          "source": "move"
        }
      ],
      "state_after": {
        "sides": {
          "p1": {
            "active": [],
            "side_conditions": []
          },
          "p2": {
            "active": [],
            "side_conditions": []
          }
        },
        "field": {
          "global_conditions": [],
          "weather": null
        },
        "clocks": {
          "p1": 150,
          "p2": 150
        }
      }
    },
    {
      "turn_number": 20,
      "events": [
        {
          "seq": 0,
          "type": "move",
          "player": "p2",
          "pokemon_uid": "p2-2",
          "move_id": "drainpunch",
          "target_uid": "p1-3"
        },
        {
          "seq": 1,
          "type": "damage",
          "target_uid": "p1-3",
          "amount": null,
          "hp_after": 20,
          "max_hp": 297,
          "effectiveness": "neutral",
          "crit": false,
          "source": "move"
        },
        {
          "seq": 2,
          "type": "heal",
          "target_uid": "p2-2",
          "amount": null,
          "hp_after": 220,
          "max_hp": 321,
          "source": "unknown"
        },
        {
          "seq": 3,
          "type": "move",
          "player": "p1",
          "pokemon_uid": "p1-3",
          "move_id": "recover",
          "target_uid": "p1-3"
        },
        {
          "seq": 4,
          "type": "heal",
          "target_uid": "p1-3",
          "amount": null,
          "hp_after": 169,
          "max_hp": 297,
          "source": "unknown"
        },
        {
          "seq": 5,
          "type": "damage",
          "target_uid": "p2-2",
          "amount": null,
          "hp_after": 160,
          "max_hp": 321,
          "effectiveness": "neutral",
          "crit": false,
          "source": "move"
        }
      ],
      "state_after": {
        "sides": {
          "p1": {
            "active": [],
            "side_conditions": []
          },
          "p2": {
            "active": [],
            "side_conditions": []
          }
        },
        "field": {
          "global_conditions": [],
          "weather": null
        },
        "clocks": {
          "p1": 150,
          "p2": 150
        }
      }
    },
    {
      "turn_number": 21,
      "events": [
        {
          "seq": 0,
          "type": "move",
          "player": "p2",
          "pokemon_uid": "p2-2",
          "move_id": "gunkshot",
          "target_uid": "p1-3"
        },
        {
          "seq": 1,
          "type": "effect",
          "effect_type": "resisted",
          "raw_parts": [
            "-resisted",
            "p1a: Quagsire"
          ]
        },
        {
          "seq": 2,
          "type": "damage",
          "target_uid": "p1-3",
          "amount": null,
          "hp_after": 100,
          "max_hp": 297,
          "effectiveness": "neutral",
          "crit": false,
          "source": "move"
        },
        {
          "seq": 3,
          "type": "move",
          "player": "p1",
          "pokemon_uid": "p1-3",
          "move_id": "recover",
          "target_uid": "p1-3"
        },
        {
          "seq": 4,
          "type": "heal",
          "target_uid": "p1-3",
          "amount": null,
          "hp_after": 249,
          "max_hp": 297,
          "source": "unknown"
        },
        {
          "seq": 5,
          "type": "damage",
          "target_uid": "p2-2",
          "amount": null,
          "hp_after": 80,
          "max_hp": 321,
          "effectiveness": "neutral",
          "crit": false,
          "source": "move"
        }
      ],
      "state_after": {
        "sides": {
          "p1": {
            "active": [],
            "side_conditions": []
          },
          "p2": {
            "active": [],
            "side_conditions": []
          }
        },
        "field": {
          "global_conditions": [],
          "weather": null
        },
        "clocks": {
          "p1": 150,
          "p2": 150
        }
      }
    },
    {
      "turn_number": 22,
      "events": [
        {
          "seq": 0,
          "type": "switch",
          "player": "p2",
          "pokemon_uid": "p2-0",
          "into_uid": "p2-0"
        },
        {
          "seq": 1,
          "type": "damage",
          "target_uid": "p2-0",
          "amount": null,
          "hp_after": 41,
          "max_hp": 288,
          "effectiveness": "neutral",
          "crit": false,
          "source": "move"
        },
        {
          "seq": 2,
          "type": "move",
          "player": "p1",
          "pokemon_uid": "p1-3",
          "move_id": "spikes",
          "target_uid": "p2-0"
        },
        {
          "seq": 3,
          "type": "effect",
          "effect_type": "sidestart",
          "raw_parts": [
            "-sidestart",
            "p2: nobodyhatesyou",
            "Spikes"
          ]
        }
      ],
      "state_after": {
        "sides": {
          "p1": {
            "active": [],
            "side_conditions": []
          },
          "p2": {
            "active": [],
            "side_conditions": []
          }
        },
        "field": {
          "global_conditions": [],
          "weather": null
        },
        "clocks": {
          "p1": 150,
          "p2": 150
        }
      }
    },
    {
      "turn_number": 23,
      "events": [
        {
          "seq": 0,
          "type": "move",
          "player": "p2",
          "pokemon_uid": "p2-0",
          "move_id": "rest",
          "target_uid": "p2-0"
        },
        {
          "seq": 1,
          "type": "status_start",
          "target_uid": "p2-0",
          "status": "slp",
          "source": "[from] move: Rest"
        },
        {
          "seq": 2,
          "type": "heal",
          "target_uid": "p2-0",
          "amount": null,
          "hp_after": 288,
          "max_hp": 288,
          "source": "unknown"
        },
        {
          "seq": 3,
          "type": "move",
          "player": "p1",
          "pokemon_uid": "p1-3",
          "move_id": "earthquake",
          "target_uid": "p2-0"
        },
        {
          "seq": 4,
          "type": "damage",
          "target_uid": "p2-0",
          "amount": null,
          "hp_after": 209,
          "max_hp": 288,
          "effectiveness": "neutral",
          "crit": false,
          "source": "move"
        }
      ],
      "state_after": {
        "sides": {
          "p1": {
            "active": [],
            "side_conditions": []
          },
          "p2": {
            "active": [],
            "side_conditions": []
          }
        },
        "field": {
          "global_conditions": [],
          "weather": null
        },
        "clocks": {
          "p1": 150,
          "p2": 150
        }
      }
    },
    {
      "turn_number": 24,
      "events": [
        {
          "seq": 0,
          "type": "switch",
          "player": "p1",
          "pokemon_uid": "p1-0",
          "into_uid": "p1-0"
        },
        {
          "seq": 1,
          "type": "move",
          "player": "p2",
          "pokemon_uid": "p2-0",
          "move_id": "sleeptalk",
          "target_uid": "p2-0"
        },
        {
          "seq": 2,
          "type": "move",
          "player": "p2",
          "pokemon_uid": "p2-0",
          "move_id": "bodyslam",
          "target_uid": "p1-0"
        },
        {
          "seq": 3,
          "type": "effect",
          "effect_type": "resisted",
          "raw_parts": [
            "-resisted",
            "p1a: Sudowoodo"
          ]
        },
        {
          "seq": 4,
          "type": "damage",
          "target_uid": "p1-0",
          "amount": null,
          "hp_after": 163,
          "max_hp": 284,
          "effectiveness": "neutral",
          "crit": false,
          "source": "move"
        }
      ],
      "state_after": {
        "sides": {
          "p1": {
            "active": [],
            "side_conditions": []
          },
          "p2": {
            "active": [],
            "side_conditions": []
          }
        },
        "field": {
          "global_conditions": [],
          "weather": null
        },
        "clocks": {
          "p1": 150,
          "p2": 150
        }
      }
    },
    {
      "turn_number": 25,
      "events": [
        {
          "seq": 0,
          "type": "move",
          "player": "p2",
          "pokemon_uid": "p2-0",
          "move_id": "sleeptalk",
          "target_uid": "p2-0"
        },
        {
          "seq": 1,
          "type": "move",
          "player": "p2",
          "pokemon_uid": "p2-0",
          "move_id": "bodyslam",
          "target_uid": "p1-0"
        },
        {
          "seq": 2,
          "type": "effect",
          "effect_type": "resisted",
          "raw_parts": [
            "-resisted",
            "p1a: Sudowoodo"
          ]
        },
        {
          "seq": 3,
          "type": "damage",
          "target_uid": "p1-0",
          "amount": null,
          "hp_after": 102,
          "max_hp": 284,
          "effectiveness": "neutral",
          "crit": false,
          "source": "move"
        },
        {
          "seq": 4,
          "type": "status_start",
          "target_uid": "p1-0",
          "status": "par",
          "source": "unknown"
        },
        {
          "seq": 5,
          "type": "move",
          "player": "p1",
          "pokemon_uid": "p1-0",
          "move_id": "headsmash",
          "target_uid": "p2-0"
        },
        {
          "seq": 6,
          "type": "damage",
          "target_uid": "p2-0",
          "amount": null,
          "hp_after": 65,
          "max_hp": 288,
          "effectiveness": "neutral",
          "crit": false,
          "source": "move"
        }
      ],
      "state_after": {
        "sides": {
          "p1": {
            "active": [],
            "side_conditions": []
          },
          "p2": {
            "active": [],
            "side_conditions": []
          }
        },
        "field": {
          "global_conditions": [],
          "weather": null
        },
        "clocks": {
          "p1": 150,
          "p2": 150
        }
      }
    },
    {
      "turn_number": 26,
      "events": [
        {
          "seq": 0,
          "type": "status_end",
          "target_uid": "p2-0",
          "status": "slp"
        },
        {
          "seq": 1,
          "type": "move",
          "player": "p2",
          "pokemon_uid": "p2-0",
          "move_id": "rest",
          "target_uid": "p2-0"
        },
        {
          "seq": 2,
          "type": "status_start",
          "target_uid": "p2-0",
          "status": "slp",
          "source": "[from] move: Rest"
        },
        {
          "seq": 3,
          "type": "heal",
          "target_uid": "p2-0",
          "amount": null,
          "hp_after": 288,
          "max_hp": 288,
          "source": "unknown"
        },
        {
          "seq": 4,
          "type": "move",
          "player": "p1",
          "pokemon_uid": "p1-0",
          "move_id": "headsmash",
          "target_uid": "p2-0"
        },
        {
          "seq": 5,
          "type": "damage",
          "target_uid": "p2-0",
          "amount": null,
          "hp_after": 129,
          "max_hp": 288,
          "effectiveness": "neutral",
          "crit": false,
          "source": "move"
        }
      ],
      "state_after": {
        "sides": {
          "p1": {
            "active": [],
            "side_conditions": []
          },
          "p2": {
            "active": [],
            "side_conditions": []
          }
        },
        "field": {
          "global_conditions": [],
          "weather": null
        },
        "clocks": {
          "p1": 150,
          "p2": 150
        }
      }
    },
    {
      "turn_number": 27,
      "events": [
        {
          "seq": 0,
          "type": "move",
          "player": "p2",
          "pokemon_uid": "p2-0",
          "move_id": "sleeptalk",
          "target_uid": "p2-0"
        },
        {
          "seq": 1,
          "type": "move",
          "player": "p2",
          "pokemon_uid": "p2-0",
          "move_id": "rest",
          "target_uid": null
        },
        {
          "seq": 2,
          "type": "effect",
          "effect_type": "fail",
          "raw_parts": [
            "-fail",
            "p2a: Ursaring"
          ]
        },
        {
          "seq": 3,
          "type": "move",
          "player": "p1",
          "pokemon_uid": "p1-0",
          "move_id": "headsmash",
          "target_uid": "p2-0"
        },
        {
          "seq": 4,
          "type": "effect",
          "effect_type": "miss",
          "raw_parts": [
            "-miss",
            "p1a: Sudowoodo",
            "p2a: Ursaring"
          ]
        }
      ],
      "state_after": {
        "sides": {
          "p1": {
            "active": [],
            "side_conditions": []
          },
          "p2": {
            "active": [],
            "side_conditions": []
          }
        },
        "field": {
          "global_conditions": [],
          "weather": null
        },
        "clocks": {
          "p1": 150,
          "p2": 150
        }
      }
    },
    {
      "turn_number": 28,
      "events": [
        {
          "seq": 0,
          "type": "move",
          "player": "p2",
          "pokemon_uid": "p2-0",
          "move_id": "sleeptalk",
          "target_uid": "p2-0"
        },
        {
          "seq": 1,
          "type": "move",
          "player": "p2",
          "pokemon_uid": "p2-0",
          "move_id": "earthquake",
          "target_uid": "p1-0"
        },
        {
          "seq": 2,
          "type": "effect",
          "effect_type": "supereffective",
          "raw_parts": [
            "-supereffective",
            "p1a: Sudowoodo"
          ]
        },
        {
          "seq": 3,
          "type": "damage",
          "target_uid": "p1-0",
          "amount": null,
          "hp_after": 0,
          "max_hp": null,
          "effectiveness": "neutral",
          "crit": false,
          "source": "move"
        },
        {
          "seq": 4,
          "type": "faint",
          "target_uid": "p1-0"
        },
        {
          "seq": 5,
          "type": "switch",
          "player": "p1",
          "pokemon_uid": "p1-5",
          "into_uid": "p1-5"
        }
      ],
      "state_after": {
        "sides": {
          "p1": {
            "active": [],
            "side_conditions": []
          },
          "p2": {
            "active": [],
            "side_conditions": []
          }
        },
        "field": {
          "global_conditions": [],
          "weather": null
        },
        "clocks": {
          "p1": 150,
          "p2": 150
        }
      }
    },
    {
      "turn_number": 29,
      "events": [
        {
          "seq": 0,
          "type": "move",
          "player": "p1",
          "pokemon_uid": "p1-5",
          "move_id": "sludgewave",
          "target_uid": "p2-0"
        },
        {
          "seq": 1,
          "type": "damage",
          "target_uid": "p2-0",
          "amount": null,
          "hp_after": 0,
          "max_hp": null,
          "effectiveness": "neutral",
          "crit": false,
          "source": "move"
        },
        {
          "seq": 2,
          "type": "faint",
          "target_uid": "p2-0"
        },
        {
          "seq": 3,
          "type": "switch",
          "player": "p2",
          "pokemon_uid": "p2-4",
          "into_uid": "p2-4"
        }
      ],
      "state_after": {
        "sides": {
          "p1": {
            "active": [],
            "side_conditions": []
          },
          "p2": {
            "active": [],
            "side_conditions": []
          }
        },
        "field": {
          "global_conditions": [],
          "weather": null
        },
        "clocks": {
          "p1": 150,
          "p2": 150
        }
      }
    },
    {
      "turn_number": 30,
      "events": [
        {
          "seq": 0,
          "type": "move",
          "player": "p2",
          "pokemon_uid": "p2-4",
          "move_id": "defog",
          "target_uid": "p1-5"
        },
        {
          "seq": 1,
          "type": "stat_change",
          "target_uid": "p1-5",
          "stat": "evasion",
          "amount": -1
        },
        {
          "seq": 2,
          "type": "effect",
          "effect_type": "sideend",
          "raw_parts": [
            "-sideend",
            "p2: nobodyhatesyou",
            "Spikes",
            "[from] move: Defog",
            "[of] p2a: Noivern"
          ]
        },
        {
          "seq": 3,
          "type": "move",
          "player": "p1",
          "pokemon_uid": "p1-5",
          "move_id": "sludgewave",
          "target_uid": "p2-4"
        },
        {
          "seq": 4,
          "type": "damage",
          "target_uid": "p2-4",
          "amount": null,
          "hp_after": 67,
          "max_hp": 274,
          "effectiveness": "neutral",
          "crit": false,
          "source": "move"
        }
      ],
      "state_after": {
        "sides": {
          "p1": {
            "active": [],
            "side_conditions": []
          },
          "p2": {
            "active": [],
            "side_conditions": []
          }
        },
        "field": {
          "global_conditions": [],
          "weather": null
        },
        "clocks": {
          "p1": 150,
          "p2": 150
        }
      }
    },
    {
      "turn_number": 31,
      "events": [
        {
          "seq": 0,
          "type": "move",
          "player": "p2",
          "pokemon_uid": "p2-4",
          "move_id": "dracometeor",
          "target_uid": "p1-5"
        },
        {
          "seq": 1,
          "type": "damage",
          "target_uid": "p1-5",
          "amount": null,
          "hp_after": 126,
          "max_hp": 253,
          "effectiveness": "neutral",
          "crit": false,
          "source": "move"
        },
        {
          "seq": 2,
          "type": "stat_change",
          "target_uid": "p2-4",
          "stat": "spa",
          "amount": -2
        },
        {
          "seq": 3,
          "type": "move",
          "player": "p1",
          "pokemon_uid": "p1-5",
          "move_id": "sludgewave",
          "target_uid": "p2-4"
        },
        {
          "seq": 4,
          "type": "damage",
          "target_uid": "p2-4",
          "amount": null,
          "hp_after": 0,
          "max_hp": null,
          "effectiveness": "neutral",
          "crit": false,
          "source": "move"
        },
        {
          "seq": 5,
          "type": "faint",
          "target_uid": "p2-4"
        },
        {
          "seq": 6,
          "type": "switch",
          "player": "p2",
          "pokemon_uid": "p2-1",
          "into_uid": "p2-1"
        }
      ],
      "state_after": {
        "sides": {
          "p1": {
            "active": [],
            "side_conditions": []
          },
          "p2": {
            "active": [],
            "side_conditions": []
          }
        },
        "field": {
          "global_conditions": [],
          "weather": null
        },
        "clocks": {
          "p1": 150,
          "p2": 150
        }
      }
    },
    {
      "turn_number": 32,
      "events": [
        {
          "seq": 0,
          "type": "effect",
          "effect_type": "end",
          "raw_parts": [
            "-end",
            "p1a: Iron Moth",
            "Quark Drive",
            "[silent]"
          ]
        },
        {
          "seq": 1,
          "type": "switch",
          "player": "p1",
          "pokemon_uid": "p1-3",
          "into_uid": "p1-3"
        },
        {
          "seq": 2,
          "type": "move",
          "player": "p2",
          "pokemon_uid": "p2-1",
          "move_id": "seismictoss",
          "target_uid": "p1-3"
        },
        {
          "seq": 3,
          "type": "damage",
          "target_uid": "p1-3",
          "amount": null,
          "hp_after": 164,
          "max_hp": 297,
          "effectiveness": "neutral",
          "crit": false,
          "source": "move"
        }
      ],
      "state_after": {
        "sides": {
          "p1": {
            "active": [],
            "side_conditions": []
          },
          "p2": {
            "active": [],
            "side_conditions": []
          }
        },
        "field": {
          "global_conditions": [],
          "weather": null
        },
        "clocks": {
          "p1": 150,
          "p2": 150
        }
      }
    },
    {
      "turn_number": 33,
      "events": [
        {
          "seq": 0,
          "type": "move",
          "player": "p2",
          "pokemon_uid": "p2-1",
          "move_id": "healbell",
          "target_uid": "p2-1"
        },
        {
          "seq": 1,
          "type": "effect",
          "effect_type": "activate",
          "raw_parts": [
            "-activate",
            "p2a: Chansey",
            "move: Heal Bell"
          ]
        },
        {
          "seq": 2,
          "type": "status_end",
          "target_uid": "p2-2",
          "status": "tox"
        },
        {
          "seq": 3,
          "type": "move",
          "player": "p1",
          "pokemon_uid": "p1-3",
          "move_id": "recover",
          "target_uid": "p1-3"
        },
        {
          "seq": 4,
          "type": "heal",
          "target_uid": "p1-3",
          "amount": null,
          "hp_after": 297,
          "max_hp": 297,
          "source": "unknown"
        }
      ],
      "state_after": {
        "sides": {
          "p1": {
            "active": [],
            "side_conditions": []
          },
          "p2": {
            "active": [],
            "side_conditions": []
          }
        },
        "field": {
          "global_conditions": [],
          "weather": null
        },
        "clocks": {
          "p1": 150,
          "p2": 150
        }
      }
    },
    {
      "turn_number": 34,
      "events": [
        {
          "seq": 0,
          "type": "move",
          "player": "p2",
          "pokemon_uid": "p2-1",
          "move_id": "seismictoss",
          "target_uid": "p1-3"
        },
        {
          "seq": 1,
          "type": "damage",
          "target_uid": "p1-3",
          "amount": null,
          "hp_after": 212,
          "max_hp": 297,
          "effectiveness": "neutral",
          "crit": false,
          "source": "move"
        },
        {
          "seq": 2,
          "type": "move",
          "player": "p1",
          "pokemon_uid": "p1-3",
          "move_id": "earthquake",
          "target_uid": "p2-1"
        },
        {
          "seq": 3,
          "type": "damage",
          "target_uid": "p2-1",
          "amount": null,
          "hp_after": 270,
          "max_hp": 564,
          "effectiveness": "neutral",
          "crit": false,
          "source": "move"
        }
      ],
      "state_after": {
        "sides": {
          "p1": {
            "active": [],
            "side_conditions": []
          },
          "p2": {
            "active": [],
            "side_conditions": []
          }
        },
        "field": {
          "global_conditions": [],
          "weather": null
        },
        "clocks": {
          "p1": 150,
          "p2": 150
        }
      }
    },
    {
      "turn_number": 35,
      "events": [
        {
          "seq": 0,
          "type": "switch",
          "player": "p2",
          "pokemon_uid": "p2-2",
          "into_uid": "p2-2"
        },
        {
          "seq": 1,
          "type": "move",
          "player": "p1",
          "pokemon_uid": "p1-3",
          "move_id": "earthquake",
          "target_uid": "p2-2"
        },
        {
          "seq": 2,
          "type": "damage",
          "target_uid": "p2-2",
          "amount": null,
          "hp_after": 0,
          "max_hp": null,
          "effectiveness": "neutral",
          "crit": false,
          "source": "move"
        },
        {
          "seq": 3,
          "type": "faint",
          "target_uid": "p2-2"
        },
        {
          "seq": 4,
          "type": "switch",
          "player": "p2",
          "pokemon_uid": "p2-5",
          "into_uid": "p2-5"
        }
      ],
      "state_after": {
        "sides": {
          "p1": {
            "active": [],
            "side_conditions": []
          },
          "p2": {
            "active": [],
            "side_conditions": []
          }
        },
        "field": {
          "global_conditions": [],
          "weather": null
        },
        "clocks": {
          "p1": 150,
          "p2": 150
        }
      }
    },
    {
      "turn_number": 36,
      "events": [
        {
          "seq": 0,
          "type": "move",
          "player": "p2",
          "pokemon_uid": "p2-5",
          "move_id": "zenheadbutt",
          "target_uid": "p1-3"
        },
        {
          "seq": 1,
          "type": "damage",
          "target_uid": "p1-3",
          "amount": null,
          "hp_after": 32,
          "max_hp": 297,
          "effectiveness": "neutral",
          "crit": false,
          "source": "move"
        },
        {
          "seq": 2,
          "type": "move",
          "player": "p1",
          "pokemon_uid": "p1-3",
          "move_id": "recover",
          "target_uid": "p1-3"
        },
        {
          "seq": 3,
          "type": "heal",
          "target_uid": "p1-3",
          "amount": null,
          "hp_after": 181,
          "max_hp": 297,
          "source": "unknown"
        }
      ],
      "state_after": {
        "sides": {
          "p1": {
            "active": [],
            "side_conditions": []
          },
          "p2": {
            "active": [],
            "side_conditions": []
          }
        },
        "field": {
          "global_conditions": [],
          "weather": null
        },
        "clocks": {
          "p1": 150,
          "p2": 150
        }
      }
    },
    {
      "turn_number": 37,
      "events": [
        {
          "seq": 0,
          "type": "form_change",
          "target_uid": "p1-3",
          "mechanic": "terastallize",
          "tera_type": "Fairy"
        },
        {
          "seq": 1,
          "type": "move",
          "player": "p2",
          "pokemon_uid": "p2-5",
          "move_id": "zenheadbutt",
          "target_uid": "p1-3"
        },
        {
          "seq": 2,
          "type": "damage",
          "target_uid": "p1-3",
          "amount": null,
          "hp_after": 0,
          "max_hp": null,
          "effectiveness": "neutral",
          "crit": false,
          "source": "move"
        },
        {
          "seq": 3,
          "type": "faint",
          "target_uid": "p1-3"
        },
        {
          "seq": 4,
          "type": "switch",
          "player": "p1",
          "pokemon_uid": "p1-5",
          "into_uid": "p1-5"
        }
      ],
      "state_after": {
        "sides": {
          "p1": {
            "active": [],
            "side_conditions": []
          },
          "p2": {
            "active": [],
            "side_conditions": []
          }
        },
        "field": {
          "global_conditions": [],
          "weather": null
        },
        "clocks": {
          "p1": 150,
          "p2": 150
        }
      }
    },
    {
      "turn_number": 38,
      "events": [
        {
          "seq": 0,
          "type": "move",
          "player": "p1",
          "pokemon_uid": "p1-5",
          "move_id": "sludgewave",
          "target_uid": "p2-5"
        },
        {
          "seq": 1,
          "type": "damage",
          "target_uid": "p2-5",
          "amount": null,
          "hp_after": 133,
          "max_hp": 259,
          "effectiveness": "neutral",
          "crit": false,
          "source": "move"
        },
        {
          "seq": 2,
          "type": "move",
          "player": "p2",
          "pokemon_uid": "p2-5",
          "move_id": "zenheadbutt",
          "target_uid": "p1-5"
        },
        {
          "seq": 3,
          "type": "effect",
          "effect_type": "supereffective",
          "raw_parts": [
            "-supereffective",
            "p1a: Iron Moth"
          ]
        },
        {
          "seq": 4,
          "type": "damage",
          "target_uid": "p1-5",
          "amount": null,
          "hp_after": 0,
          "max_hp": null,
          "effectiveness": "neutral",
          "crit": false,
          "source": "move"
        },
        {
          "seq": 5,
          "type": "faint",
          "target_uid": "p1-5"
        },
        {
          "seq": 6,
          "type": "effect",
          "effect_type": "end",
          "raw_parts": [
            "-end",
            "p1a: Iron Moth",
            "Quark Drive",
            "[silent]"
          ]
        }
      ],
      "state_after": {
        "sides": {
          "p1": {
            "active": [],
            "side_conditions": []
          },
          "p2": {
            "active": [],
            "side_conditions": []
          }
        },
        "field": {
          "global_conditions": [],
          "weather": null
        },
        "clocks": {
          "p1": 150,
          "p2": 150
        }
      }
    }
  ],
  "summary": {
    "pokemon_used": {
      "p1": [
        "p1-0",
        "p1-1",
        "p1-2",
        "p1-3",
        "p1-4",
        "p1-5"
      ],
      "p2": [
        "p2-0",
        "p2-1",
        "p2-2",
        "p2-3",
        "p2-4",
        "p2-5"
      ]
    },
    "fainted_order": {
      "p1": [],
      "p2": []
    },
    "major_events": null
  },
  "integrity": {
    "validated": true,
    "issues": [],
    "sha256_raw_log": "21c3874e479c8aff3b454f22aeb94e23",
    "generation_time_ms": 0
  }
}