{
  "schema_version": "1.0.0",
  "battle_id": "gen9randombattle-2390766794",
  "format_id": "gen9randombattle",
  "metadata": {
    "timestamp_unix": 1750764703,
    "total_turns": 13,
    "outcome": {
      "result": "win",
      "winner": "p1",
      "reason": "all_fainted"
    }
  },
  "players": {
    "p1": {
      "name": "Roeif 2",
      "ladder_rating_pre": 1239,
      "ladder_rating_change": null
    },
    "p2": {
      "name": "amosvdv",
      "ladder_rating_pre": 1244,
      "ladder_rating_change": null
    }
  },
  "team_revelation": {
    "format_type": "random_battle",
    "revelation_pattern": "progressive",
    "teams_fully_revealed": false,
    "teams": {
      "p1": [
        {
          "pokemon_uid": "p1-0",
          "species": "Raging Bolt",
          "nickname": null,
          "level": 78,
          "gender": null,
          "first_seen_turn": 1,
          "revelation_status": "partially_revealed",
          "known_ability": null,
          "known_item": null,
          "known_tera_type": null,
          "base_stats": {
            "hp": 323,
            "attack": null,
            "defense": null,
            "sp_attack": null,
            "sp_defense": null,
            "speed": null
          },
          "known_moves": [],
          "unknown_move_slots": 4
        },
        {
          "pokemon_uid": "p1-1",
          "species": "Comfey",
          "nickname": null,
          "level": 85,
          "gender": "F",
          "first_seen_turn": 1,
          "revelation_status": "partially_revealed",
          "known_ability": null,
          "known_item": null,
          "known_tera_type": null,
          "base_stats": {
            "hp": 225,
            "attack": null,
            "defense": null,
            "sp_attack": null,
            "sp_defense": null,
            "speed": null
          },
          "known_moves": [],
          "unknown_move_slots": 4
        }
      ],
      "p2": [
        {
          "pokemon_uid": "p2-0",
          "species": "Gouging Fire",
          "nickname": null,
          "level": 74,
          "gender": null,
          "first_seen_turn": 1,
          "revelation_status": "partially_revealed",
          "known_ability": null,
          "known_item": null,
          "known_tera_type": null,
          "base_stats": {
            "hp": 277,
            "attack": null,
            "defense": null,
            "sp_attack": null,
            "sp_defense": null,
            "speed": null
          },
          "known_moves": [],
          "unknown_move_slots": 4
        },
        {
          "pokemon_uid": "p2-1",
          "species": "Eelektross",
          "nickname": null,
          "level": 87,
          "gender": "F",
          "first_seen_turn": 1,
          "revelation_status": "partially_revealed",
          "known_ability": null,
          "known_item": null,
          "known_tera_type": null,
          "base_stats": {
            "hp": 290,
            "attack": null,
            "defense": null,
            "sp_attack": null,
            "sp_defense": null,
            "speed": null
          },
          "known_moves": [],
          "unknown_move_slots": 4
        },
        {
          "pokemon_uid": "p2-2",
          "species": "Jolteon",
          "nickname": null,
          "level": 84,
          "gender": "F",
          "first_seen_turn": 1,
          "revelation_status": "partially_revealed",
          "known_ability": null,
          "known_item": null,
          "known_tera_type": null,
          "base_stats": {
            "hp": 246,
            "attack": null,
            "defense": null,
            "sp_attack": null,
            "sp_defense": null,
            "speed": null
          },
          "known_moves": [],
          "unknown_move_slots": 4
        }
      ]
    },
    "team_size": {
      "p1": {
        "known": 2,
        "assumed_total": 6,
        "confirmed": false
      },
      "p2": {
        "known": 3,
        "assumed_total": 6,
        "confirmed": false
      }
    }
  },
  "turns": [
    {
      "turn_number": 1,
      "events": [
        {
          "seq": 0,
          "type": "move",
          "player": "p2",
          "pokemon_uid": "p2-0",
          "move_id": "outrage",
          "target_uid": "p1-0"
        },
        {
          "seq": 1,
          "type": "effect",
          "effect_type": "supereffective",
          "raw_parts": [
            "-supereffective",
            "p1a: Raging Bolt"
          ]
        },
        {
          "seq": 2,
          "type": "effect",
          "effect_type": "crit",
          "raw_parts": [
            "-crit",
            "p1a: Raging Bolt"
          ]
        },
        {
          "seq": 3,
          "type": "damage",
          "target_uid": "p1-0",
          "amount": null,
          "hp_after": 0,
          "max_hp": null,
          "effectiveness": "neutral",
          "crit": false,
          "source": "move"
        },
        {
          "seq": 4,
          "type": "faint",
          "target_uid": "p1-0"
        },
        {
          "seq": 5,
          "type": "effect",
          "effect_type": "end",
          "raw_parts": [
            "-end",
            "p1a: Raging Bolt",
            "Protosynthesis",
            "[silent]"
          ]
        },
        {
          "seq": 6,
          "type": "switch",
          "player": "p1",
          "pokemon_uid": "p1-1",
          "into_uid": "p1-1"
        }
      ],
      "state_after": {
        "sides": {
          "p1": {
            "active": [],
            "side_conditions": []
          },
          "p2": {
            "active": [],
            "side_conditions": []
          }
        },
        "field": {
          "global_conditions": [],
          "weather": null
        },
        "clocks": {
          "p1": 150,
          "p2": 150
        }
      }
    },
    {
      "turn_number": 2,
      "events": [
        {
          "seq": 0,
          "type": "move",
          "player": "p1",
          "pokemon_uid": "p1-1",
          "move_id": "calmmind",
          "target_uid": "p1-1"
        },
        {
          "seq": 1,
          "type": "stat_change",
          "target_uid": "p1-1",
          "stat": "spa",
          "amount": 1
        },
        {
          "seq": 2,
          "type": "stat_change",
          "target_uid": "p1-1",
          "stat": "spd",
          "amount": 1
        },
        {
          "seq": 3,
          "type": "move",
          "player": "p2",
          "pokemon_uid": "p2-0",
          "move_id": "outrage",
          "target_uid": "p1-1"
        },
        {
          "seq": 4,
          "type": "effect",
          "effect_type": "immune",
          "raw_parts": [
            "-immune",
            "p1a: Comfey"
          ]
        },
        {
          "seq": 5,
          "type": "effect",
          "effect_type": "start",
          "raw_parts": [
            "-start",
            "p2a: Gouging Fire",
            "confusion",
            "[fatigue]"
          ]
        }
      ],
      "state_after": {
        "sides": {
          "p1": {
            "active": [],
            "side_conditions": []
          },
          "p2": {
            "active": [],
            "side_conditions": []
          }
        },
        "field": {
          "global_conditions": [],
          "weather": null
        },
        "clocks": {
          "p1": 150,
          "p2": 150
        }
      }
    },
    {
      "turn_number": 3,
      "events": [
        {
          "seq": 0,
          "type": "move",
          "player": "p1",
          "pokemon_uid": "p1-1",
          "move_id": "calmmind",
          "target_uid": "p1-1"
        },
        {
          "seq": 1,
          "type": "stat_change",
          "target_uid": "p1-1",
          "stat": "spa",
          "amount": 1
        },
        {
          "seq": 2,
          "type": "stat_change",
          "target_uid": "p1-1",
          "stat": "spd",
          "amount": 1
        },
        {
          "seq": 3,
          "type": "effect",
          "effect_type": "activate",
          "raw_parts": [
            "-activate",
            "p2a: Gouging Fire",
            "confusion"
          ]
        },
        {
          "seq": 4,
          "type": "move",
          "player": "p2",
          "pokemon_uid": "p2-0",
          "move_id": "heatcrash",
          "target_uid": "p1-1"
        },
        {
          "seq": 5,
          "type": "damage",
          "target_uid": "p1-1",
          "amount": null,
          "hp_after": 123,
          "max_hp": 225,
          "effectiveness": "neutral",
          "crit": false,
          "source": "move"
        },
        {
          "seq": 6,
          "type": "heal",
          "target_uid": "p1-1",
          "amount": null,
          "hp_after": 137,
          "max_hp": 225,
          "source": "unknown"
        }
      ],
      "state_after": {
        "sides": {
          "p1": {
            "active": [],
            "side_conditions": []
          },
          "p2": {
            "active": [],
            "side_conditions": []
          }
        },
        "field": {
          "global_conditions": [],
          "weather": null
        },
        "clocks": {
          "p1": 150,
          "p2": 150
        }
      }
    },
    {
      "turn_number": 4,
      "events": [
        {
          "seq": 0,
          "type": "move",
          "player": "p1",
          "pokemon_uid": "p1-1",
          "move_id": "drainingkiss",
          "target_uid": "p2-0"
        },
        {
          "seq": 1,
          "type": "damage",
          "target_uid": "p2-0",
          "amount": null,
          "hp_after": 178,
          "max_hp": 277,
          "effectiveness": "neutral",
          "crit": false,
          "source": "move"
        },
        {
          "seq": 2,
          "type": "heal",
          "target_uid": "p1-1",
          "amount": null,
          "hp_after": 211,
          "max_hp": 225,
          "source": "unknown"
        },
        {
          "seq": 3,
          "type": "effect",
          "effect_type": "activate",
          "raw_parts": [
            "-activate",
            "p2a: Gouging Fire",
            "confusion"
          ]
        },
        {
          "seq": 4,
          "type": "move",
          "player": "p2",
          "pokemon_uid": "p2-0",
          "move_id": "heatcrash",
          "target_uid": "p1-1"
        },
        {
          "seq": 5,
          "type": "damage",
          "target_uid": "p1-1",
          "amount": null,
          "hp_after": 106,
          "max_hp": 225,
          "effectiveness": "neutral",
          "crit": false,
          "source": "move"
        },
        {
          "seq": 6,
          "type": "heal",
          "target_uid": "p1-1",
          "amount": null,
          "hp_after": 120,
          "max_hp": 225,
          "source": "unknown"
        }
      ],
      "state_after": {
        "sides": {
          "p1": {
            "active": [],
            "side_conditions": []
          },
          "p2": {
            "active": [],
            "side_conditions": []
          }
        },
        "field": {
          "global_conditions": [],
          "weather": null
        },
        "clocks": {
          "p1": 150,
          "p2": 150
        }
      }
    },
    {
      "turn_number": 5,
      "events": [
        {
          "seq": 0,
          "type": "move",
          "player": "p1",
          "pokemon_uid": "p1-1",
          "move_id": "drainingkiss",
          "target_uid": "p2-0"
        },
        {
          "seq": 1,
          "type": "damage",
          "target_uid": "p2-0",
          "amount": null,
          "hp_after": 81,
          "max_hp": 277,
          "effectiveness": "neutral",
          "crit": false,
          "source": "move"
        },
        {
          "seq": 2,
          "type": "heal",
          "target_uid": "p1-1",
          "amount": null,
          "hp_after": 193,
          "max_hp": 225,
          "source": "unknown"
        },
        {
          "seq": 3,
          "type": "effect",
          "effect_type": "end",
          "raw_parts": [
            "-end",
            "p2a: Gouging Fire",
            "confusion"
          ]
        },
        {
          "seq": 4,
          "type": "move",
          "player": "p2",
          "pokemon_uid": "p2-0",
          "move_id": "heatcrash",
          "target_uid": "p1-1"
        },
        {
          "seq": 5,
          "type": "damage",
          "target_uid": "p1-1",
          "amount": null,
          "hp_after": 78,
          "max_hp": 225,
          "effectiveness": "neutral",
          "crit": false,
          "source": "move"
        },
        {
          "seq": 6,
          "type": "heal",
          "target_uid": "p1-1",
          "amount": null,
          "hp_after": 92,
          "max_hp": 225,
          "source": "unknown"
        }
      ],
      "state_after": {
        "sides": {
          "p1": {
            "active": [],
            "side_conditions": []
          },
          "p2": {
            "active": [],
            "side_conditions": []
          }
        },
        "field": {
          "global_conditions": [],
          "weather": null
        },
        "clocks": {
          "p1": 150,
          "p2": 150
        }
      }
    },
    {
      "turn_number": 6,
      "events": [
        {
          "seq": 0,
          "type": "move",
          "player": "p1",
          "pokemon_uid": "p1-1",
          "move_id": "drainingkiss",
          "target_uid": "p2-0"
        },
        {
          "seq": 1,
          "type": "damage",
          "target_uid": "p2-0",
          "amount": null,
          "hp_after": 0,
          "max_hp": null,
          "effectiveness": "neutral",
          "crit": false,
          "source": "move"
        },
        {
          "seq": 2,
          "type": "heal",
          "target_uid": "p1-1",
          "amount": null,
          "hp_after": 153,
          "max_hp": 225,
          "source": "unknown"
        },
        {
          "seq": 3,
          "type": "faint",
          "target_uid": "p2-0"
        },
        {
          "seq": 4,
          "type": "effect",
          "effect_type": "end",
          "raw_parts": [
            "-end",
            "p2a: Gouging Fire",
            "Protosynthesis",
            "[silent]"
          ]
        },
        {
          "seq": 5,
          "type": "heal",
          "target_uid": "p1-1",
          "amount": null,
          "hp_after": 167,
          "max_hp": 225,
          "source": "unknown"
        },
        {
          "seq": 6,
          "type": "switch",
          "player": "p2",
          "pokemon_uid": "p2-1",
          "into_uid": "p2-1"
        }
      ],
      "state_after": {
        "sides": {
          "p1": {
            "active": [],
            "side_conditions": []
          },
          "p2": {
            "active": [],
            "side_conditions": []
          }
        },
        "field": {
          "global_conditions": [],
          "weather": null
        },
        "clocks": {
          "p1": 150,
          "p2": 150
        }
      }
    },
    {
      "turn_number": 7,
      "events": [
        {
          "seq": 0,
          "type": "move",
          "player": "p1",
          "pokemon_uid": "p1-1",
          "move_id": "drainingkiss",
          "target_uid": "p2-1"
        },
        {
          "seq": 1,
          "type": "damage",
          "target_uid": "p2-1",
          "amount": null,
          "hp_after": 194,
          "max_hp": 290,
          "effectiveness": "neutral",
          "crit": false,
          "source": "move"
        },
        {
          "seq": 2,
          "type": "heal",
          "target_uid": "p1-1",
          "amount": null,
          "hp_after": 225,
          "max_hp": 225,
          "source": "unknown"
        },
        {
          "seq": 3,
          "type": "move",
          "player": "p2",
          "pokemon_uid": "p2-1",
          "move_id": "supercellslam",
          "target_uid": "p1-1"
        },
        {
          "seq": 4,
          "type": "damage",
          "target_uid": "p1-1",
          "amount": null,
          "hp_after": 93,
          "max_hp": 225,
          "effectiveness": "neutral",
          "crit": false,
          "source": "move"
        },
        {
          "seq": 5,
          "type": "heal",
          "target_uid": "p1-1",
          "amount": null,
          "hp_after": 107,
          "max_hp": 225,
          "source": "unknown"
        },
        {
          "seq": 6,
          "type": "heal",
          "target_uid": "p2-1",
          "amount": null,
          "hp_after": 212,
          "max_hp": 290,
          "source": "unknown"
        }
      ],
      "state_after": {
        "sides": {
          "p1": {
            "active": [],
            "side_conditions": []
          },
          "p2": {
            "active": [],
            "side_conditions": []
          }
        },
        "field": {
          "global_conditions": [],
          "weather": null
        },
        "clocks": {
          "p1": 150,
          "p2": 150
        }
      }
    },
    {
      "turn_number": 8,
      "events": [
        {
          "seq": 0,
          "type": "move",
          "player": "p1",
          "pokemon_uid": "p1-1",
          "move_id": "drainingkiss",
          "target_uid": "p2-1"
        },
        {
          "seq": 1,
          "type": "damage",
          "target_uid": "p2-1",
          "amount": null,
          "hp_after": 118,
          "max_hp": 290,
          "effectiveness": "neutral",
          "crit": false,
          "source": "move"
        },
        {
          "seq": 2,
          "type": "heal",
          "target_uid": "p1-1",
          "amount": null,
          "hp_after": 178,
          "max_hp": 225,
          "source": "unknown"
        },
        {
          "seq": 3,
          "type": "move",
          "player": "p2",
          "pokemon_uid": "p2-1",
          "move_id": "supercellslam",
          "target_uid": "p1-1"
        },
        {
          "seq": 4,
          "type": "damage",
          "target_uid": "p1-1",
          "amount": null,
          "hp_after": 46,
          "max_hp": 225,
          "effectiveness": "neutral",
          "crit": false,
          "source": "move"
        },
        {
          "seq": 5,
          "type": "heal",
          "target_uid": "p1-1",
          "amount": null,
          "hp_after": 60,
          "max_hp": 225,
          "source": "unknown"
        },
        {
          "seq": 6,
          "type": "heal",
          "target_uid": "p2-1",
          "amount": null,
          "hp_after": 136,
          "max_hp": 290,
          "source": "unknown"
        }
      ],
      "state_after": {
        "sides": {
          "p1": {
            "active": [],
            "side_conditions": []
          },
          "p2": {
            "active": [],
            "side_conditions": []
          }
        },
        "field": {
          "global_conditions": [],
          "weather": null
        },
        "clocks": {
          "p1": 150,
          "p2": 150
        }
      }
    },
    {
      "turn_number": 9,
      "events": [
        {
          "seq": 0,
          "type": "move",
          "player": "p1",
          "pokemon_uid": "p1-1",
          "move_id": "drainingkiss",
          "target_uid": "p2-1"
        },
        {
          "seq": 1,
          "type": "damage",
          "target_uid": "p2-1",
          "amount": null,
          "hp_after": 27,
          "max_hp": 290,
          "effectiveness": "neutral",
          "crit": false,
          "source": "move"
        },
        {
          "seq": 2,
          "type": "heal",
          "target_uid": "p1-1",
          "amount": null,
          "hp_after": 142,
          "max_hp": 225,
          "source": "unknown"
        },
        {
          "seq": 3,
          "type": "move",
          "player": "p2",
          "pokemon_uid": "p2-1",
          "move_id": "supercellslam",
          "target_uid": "p1-1"
        },
        {
          "seq": 4,
          "type": "damage",
          "target_uid": "p1-1",
          "amount": null,
          "hp_after": 6,
          "max_hp": 225,
          "effectiveness": "neutral",
          "crit": false,
          "source": "move"
        },
        {
          "seq": 5,
          "type": "heal",
          "target_uid": "p1-1",
          "amount": null,
          "hp_after": 20,
          "max_hp": 225,
          "source": "unknown"
        },
        {
          "seq": 6,
          "type": "heal",
          "target_uid": "p2-1",
          "amount": null,
          "hp_after": 45,
          "max_hp": 290,
          "source": "unknown"
        }
      ],
      "state_after": {
        "sides": {
          "p1": {
            "active": [],
            "side_conditions": []
          },
          "p2": {
            "active": [],
            "side_conditions": []
          }
        },
        "field": {
          "global_conditions": [],
          "weather": null
        },
        "clocks": {
          "p1": 150,
          "p2": 150
        }
      }
    },
    {
      "turn_number": 10,
      "events": [
        {
          "seq": 0,
          "type": "move",
          "player": "p1",
          "pokemon_uid": "p1-1",
          "move_id": "drainingkiss",
          "target_uid": "p2-1"
        },
        {
          "seq": 1,
          "type": "damage",
          "target_uid": "p2-1",
          "amount": null,
          "hp_after": 0,
          "max_hp": null,
          "effectiveness": "neutral",
          "crit": false,
          "source": "move"
        },
        {
          "seq": 2,
          "type": "heal",
          "target_uid": "p1-1",
          "amount": null,
          "hp_after": 54,
          "max_hp": 225,
          "source": "unknown"
        },
        {
          "seq": 3,
          "type": "faint",
          "target_uid": "p2-1"
        },
        {
          "seq": 4,
          "type": "heal",
          "target_uid": "p1-1",
          "amount": null,
          "hp_after": 68,
          "max_hp": 225,
          "source": "unknown"
        },
        {
          "seq": 5,
          "type": "switch",
          "player": "p2",
          "pokemon_uid": "p2-2",
          "into_uid": "p2-2"
        }
      ],
      "state_after": {
        "sides": {
          "p1": {
            "active": [],
            "side_conditions": []
          },
          "p2": {
            "active": [],
            "side_conditions": []
          }
        },
        "field": {
          "global_conditions": [],
          "weather": null
        },
        "clocks": {
          "p1": 150,
          "p2": 150
        }
      }
    },
    {
      "turn_number": 11,
      "events": [
        {
          "seq": 0,
          "type": "move",
          "player": "p1",
          "pokemon_uid": "p1-1",
          "move_id": "drainingkiss",
          "target_uid": "p2-2"
        },
        {
          "seq": 1,
          "type": "damage",
          "target_uid": "p2-2",
          "amount": null,
          "hp_after": 155,
          "max_hp": 246,
          "effectiveness": "neutral",
          "crit": false,
          "source": "move"
        },
        {
          "seq": 2,
          "type": "heal",
          "target_uid": "p1-1",
          "amount": null,
          "hp_after": 136,
          "max_hp": 225,
          "source": "unknown"
        },
        {
          "seq": 3,
          "type": "move",
          "player": "p2",
          "pokemon_uid": "p2-2",
          "move_id": "substitute",
          "target_uid": "p2-2"
        },
        {
          "seq": 4,
          "type": "effect",
          "effect_type": "start",
          "raw_parts": [
            "-start",
            "p2a: Jolteon",
            "Substitute"
          ]
        },
        {
          "seq": 5,
          "type": "damage",
          "target_uid": "p2-2",
          "amount": null,
          "hp_after": 94,
          "max_hp": 246,
          "effectiveness": "neutral",
          "crit": false,
          "source": "move"
        },
        {
          "seq": 6,
          "type": "heal",
          "target_uid": "p2-2",
          "amount": null,
          "hp_after": 109,
          "max_hp": 246,
          "source": "unknown"
        },
        {
          "seq": 7,
          "type": "heal",
          "target_uid": "p1-1",
          "amount": null,
          "hp_after": 150,
          "max_hp": 225,
          "source": "unknown"
        }
      ],
      "state_after": {
        "sides": {
          "p1": {
            "active": [],
            "side_conditions": []
          },
          "p2": {
            "active": [],
            "side_conditions": []
          }
        },
        "field": {
          "global_conditions": [],
          "weather": null
        },
        "clocks": {
          "p1": 150,
          "p2": 150
        }
      }
    },
    {
      "turn_number": 12,
      "events": [
        {
          "seq": 0,
          "type": "move",
          "player": "p1",
          "pokemon_uid": "p1-1",
          "move_id": "drainingkiss",
          "target_uid": "p2-2"
        },
        {
          "seq": 1,
          "type": "effect",
          "effect_type": "end",
          "raw_parts": [
            "-end",
            "p2a: Jolteon",
            "Substitute"
          ]
        },
        {
          "seq": 2,
          "type": "heal",
          "target_uid": "p1-1",
          "amount": null,
          "hp_after": 196,
          "max_hp": 225,
          "source": "unknown"
        },
        {
          "seq": 3,
          "type": "move",
          "player": "p2",
          "pokemon_uid": "p2-2",
          "move_id": "thunderbolt",
          "target_uid": "p1-1"
        },
        {
          "seq": 4,
          "type": "damage",
          "target_uid": "p1-1",
          "amount": null,
          "hp_after": 148,
          "max_hp": 225,
          "effectiveness": "neutral",
          "crit": false,
          "source": "move"
        },
        {
          "seq": 5,
          "type": "heal",
          "target_uid": "p2-2",
          "amount": null,
          "hp_after": 124,
          "max_hp": 246,
          "source": "unknown"
        },
        {
          "seq": 6,
          "type": "heal",
          "target_uid": "p1-1",
          "amount": null,
          "hp_after": 162,
          "max_hp": 225,
          "source": "unknown"
        }
      ],
      "state_after": {
        "sides": {
          "p1": {
            "active": [],
            "side_conditions": []
          },
          "p2": {
            "active": [],
            "side_conditions": []
          }
        },
        "field": {
          "global_conditions": [],
          "weather": null
        },
        "clocks": {
          "p1": 150,
          "p2": 150
        }
      }
    },
    {
      "turn_number": 13,
      "events": [
        {
          "seq": 0,
          "type": "effect",
          "effect_type": "message",
          "raw_parts": [
            "-message",
            "amosvdv forfeited."
          ]
        }
      ],
      "state_after": {
        "sides": {
          "p1": {
            "active": [],
            "side_conditions": []
          },
          "p2": {
            "active": [],
            "side_conditions": []
          }
        },
        "field": {
          "global_conditions": [],
          "weather": null
        },
        "clocks": {
          "p1": 150,
          "p2": 150
        }
      }
    }
  ],
  "summary": {
    "pokemon_used": {
      "p1": [
        "p1-0",
        "p1-1"
      ],
      "p2": [
        "p2-0",
        "p2-1",
        "p2-2"
      ]
    },
    "fainted_order": {
      "p1": [],
      "p2": []
    },
    "major_events": null
  },
  "integrity": {
    "validated": true,
    "issues": [],
    "sha256_raw_log": "4ed0aef726c0cde2e183838d4e88762f",
    "generation_time_ms": 0
  }
}