{
  "schema_version": "1.0.0",
  "battle_id": "gen9randombattle-2390821671",
  "format_id": "gen9randombattle",
  "metadata": {
    "timestamp_unix": 1750772593,
    "total_turns": 17,
    "outcome": {
      "result": "win",
      "winner": "p1",
      "reason": "all_fainted"
    }
  },
  "players": {
    "p1": {
      "name": "ataela",
      "ladder_rating_pre": 1304,
      "ladder_rating_change": null
    },
    "p2": {
      "name": "Ryry987654",
      "ladder_rating_pre": 1342,
      "ladder_rating_change": null
    }
  },
  "team_revelation": {
    "format_type": "random_battle",
    "revelation_pattern": "progressive",
    "teams_fully_revealed": false,
    "teams": {
      "p1": [
        {
          "pokemon_uid": "p1-0",
          "species": "Rotom",
          "nickname": null,
          "level": 83,
          "gender": null,
          "first_seen_turn": 1,
          "revelation_status": "partially_revealed",
          "known_ability": null,
          "known_item": null,
          "known_tera_type": null,
          "base_stats": {
            "hp": 219,
            "attack": null,
            "defense": null,
            "sp_attack": null,
            "sp_defense": null,
            "speed": null
          },
          "known_moves": [],
          "unknown_move_slots": 4
        },
        {
          "pokemon_uid": "p1-1",
          "species": "Cyclizar",
          "nickname": null,
          "level": 83,
          "gender": "F",
          "first_seen_turn": 1,
          "revelation_status": "partially_revealed",
          "known_ability": null,
          "known_item": null,
          "known_tera_type": null,
          "base_stats": {
            "hp": 252,
            "attack": null,
            "defense": null,
            "sp_attack": null,
            "sp_defense": null,
            "speed": null
          },
          "known_moves": [],
          "unknown_move_slots": 4
        },
        {
          "pokemon_uid": "p1-2",
          "species": "Toedscruel",
          "nickname": null,
          "level": 87,
          "gender": "M",
          "first_seen_turn": 1,
          "revelation_status": "partially_revealed",
          "known_ability": null,
          "known_item": null,
          "known_tera_type": null,
          "base_stats": {
            "hp": 281,
            "attack": null,
            "defense": null,
            "sp_attack": null,
            "sp_defense": null,
            "speed": null
          },
          "known_moves": [],
          "unknown_move_slots": 4
        },
        {
          "pokemon_uid": "p1-3",
          "species": "Malamar",
          "nickname": null,
          "level": 82,
          "gender": "M",
          "first_seen_turn": 1,
          "revelation_status": "partially_revealed",
          "known_ability": null,
          "known_item": null,
          "known_tera_type": null,
          "base_stats": {
            "hp": 275,
            "attack": null,
            "defense": null,
            "sp_attack": null,
            "sp_defense": null,
            "speed": null
          },
          "known_moves": [],
          "unknown_move_slots": 4
        }
      ],
      "p2": [
        {
          "pokemon_uid": "p2-0",
          "species": "Samurott",
          "nickname": null,
          "level": 77,
          "gender": "M",
          "first_seen_turn": 1,
          "revelation_status": "partially_revealed",
          "known_ability": null,
          "known_item": null,
          "known_tera_type": null,
          "base_stats": {
            "hp": 265,
            "attack": null,
            "defense": null,
            "sp_attack": null,
            "sp_defense": null,
            "speed": null
          },
          "known_moves": [],
          "unknown_move_slots": 4
        },
        {
          "pokemon_uid": "p2-1",
          "species": "Jolteon",
          "nickname": null,
          "level": 84,
          "gender": "F",
          "first_seen_turn": 1,
          "revelation_status": "partially_revealed",
          "known_ability": null,
          "known_item": null,
          "known_tera_type": null,
          "base_stats": {
            "hp": 246,
            "attack": null,
            "defense": null,
            "sp_attack": null,
            "sp_defense": null,
            "speed": null
          },
          "known_moves": [],
          "unknown_move_slots": 4
        },
        {
          "pokemon_uid": "p2-2",
          "species": "Sandslash",
          "nickname": null,
          "level": 88,
          "gender": "F",
          "first_seen_turn": 1,
          "revelation_status": "partially_revealed",
          "known_ability": null,
          "known_item": null,
          "known_tera_type": null,
          "base_stats": {
            "hp": 275,
            "attack": null,
            "defense": null,
            "sp_attack": null,
            "sp_defense": null,
            "speed": null
          },
          "known_moves": [],
          "unknown_move_slots": 4
        },
        {
          "pokemon_uid": "p2-3",
          "species": "Chi",
          "nickname": "Chi-Yu",
          "level": 77,
          "gender": null,
          "first_seen_turn": 1,
          "revelation_status": "partially_revealed",
          "known_ability": null,
          "known_item": null,
          "known_tera_type": null,
          "base_stats": {
            "hp": 211,
            "attack": null,
            "defense": null,
            "sp_attack": null,
            "sp_defense": null,
            "speed": null
          },
          "known_moves": [],
          "unknown_move_slots": 4
        },
        {
          "pokemon_uid": "p2-4",
          "species": "Mewtwo",
          "nickname": null,
          "level": 72,
          "gender": null,
          "first_seen_turn": 1,
          "revelation_status": "partially_revealed",
          "known_ability": null,
          "known_item": null,
          "known_tera_type": null,
          "base_stats": {
            "hp": 272,
            "attack": null,
            "defense": null,
            "sp_attack": null,
            "sp_defense": null,
            "speed": null
          },
          "known_moves": [],
          "unknown_move_slots": 4
        },
        {
          "pokemon_uid": "p2-5",
          "species": "Basculin",
          "nickname": null,
          "level": 86,
          "gender": "M",
          "first_seen_turn": 1,
          "revelation_status": "partially_revealed",
          "known_ability": null,
          "known_item": null,
          "known_tera_type": null,
          "base_stats": {
            "hp": 261,
            "attack": null,
            "defense": null,
            "sp_attack": null,
            "sp_defense": null,
            "speed": null
          },
          "known_moves": [],
          "unknown_move_slots": 4
        }
      ]
    },
    "team_size": {
      "p1": {
        "known": 4,
        "assumed_total": 6,
        "confirmed": false
      },
      "p2": {
        "known": 6,
        "assumed_total": 6,
        "confirmed": false
      }
    }
  },
  "turns": [
    {
      "turn_number": 1,
      "events": [
        {
          "seq": 0,
          "type": "move",
          "player": "p1",
          "pokemon_uid": "p1-0",
          "move_id": "will-o-wisp",
          "target_uid": "p2-0"
        },
        {
          "seq": 1,
          "type": "status_start",
          "target_uid": "p2-0",
          "status": "brn",
          "source": "unknown"
        },
        {
          "seq": 2,
          "type": "move",
          "player": "p2",
          "pokemon_uid": "p2-0",
          "move_id": "swordsdance",
          "target_uid": "p2-0"
        },
        {
          "seq": 3,
          "type": "stat_change",
          "target_uid": "p2-0",
          "stat": "atk",
          "amount": 2
        },
        {
          "seq": 4,
          "type": "damage",
          "target_uid": "p2-0",
          "amount": null,
          "hp_after": 249,
          "max_hp": 265,
          "effectiveness": "neutral",
          "crit": false,
          "source": "move"
        }
      ],
      "state_after": {
        "sides": {
          "p1": {
            "active": [],
            "side_conditions": []
          },
          "p2": {
            "active": [],
            "side_conditions": []
          }
        },
        "field": {
          "global_conditions": [],
          "weather": null
        },
        "clocks": {
          "p1": 150,
          "p2": 150
        }
      }
    },
    {
      "turn_number": 2,
      "events": [
        {
          "seq": 0,
          "type": "move",
          "player": "p1",
          "pokemon_uid": "p1-0",
          "move_id": "thunderbolt",
          "target_uid": "p2-0"
        },
        {
          "seq": 1,
          "type": "effect",
          "effect_type": "supereffective",
          "raw_parts": [
            "-supereffective",
            "p2a: Samurott"
          ]
        },
        {
          "seq": 2,
          "type": "damage",
          "target_uid": "p2-0",
          "amount": null,
          "hp_after": 0,
          "max_hp": null,
          "effectiveness": "neutral",
          "crit": false,
          "source": "move"
        },
        {
          "seq": 3,
          "type": "faint",
          "target_uid": "p2-0"
        },
        {
          "seq": 4,
          "type": "switch",
          "player": "p2",
          "pokemon_uid": "p2-1",
          "into_uid": "p2-1"
        }
      ],
      "state_after": {
        "sides": {
          "p1": {
            "active": [],
            "side_conditions": []
          },
          "p2": {
            "active": [],
            "side_conditions": []
          }
        },
        "field": {
          "global_conditions": [],
          "weather": null
        },
        "clocks": {
          "p1": 150,
          "p2": 150
        }
      }
    },
    {
      "turn_number": 3,
      "events": [
        {
          "seq": 0,
          "type": "switch",
          "player": "p1",
          "pokemon_uid": "p1-1",
          "into_uid": "p1-1"
        },
        {
          "seq": 1,
          "type": "move",
          "player": "p2",
          "pokemon_uid": "p2-1",
          "move_id": "thunderbolt",
          "target_uid": "p1-1"
        },
        {
          "seq": 2,
          "type": "effect",
          "effect_type": "resisted",
          "raw_parts": [
            "-resisted",
            "p1a: Cyclizar"
          ]
        },
        {
          "seq": 3,
          "type": "damage",
          "target_uid": "p1-1",
          "amount": null,
          "hp_after": 146,
          "max_hp": 252,
          "effectiveness": "neutral",
          "crit": false,
          "source": "move"
        }
      ],
      "state_after": {
        "sides": {
          "p1": {
            "active": [],
            "side_conditions": []
          },
          "p2": {
            "active": [],
            "side_conditions": []
          }
        },
        "field": {
          "global_conditions": [],
          "weather": null
        },
        "clocks": {
          "p1": 150,
          "p2": 150
        }
      }
    },
    {
      "turn_number": 4,
      "events": [
        {
          "seq": 0,
          "type": "move",
          "player": "p2",
          "pokemon_uid": "p2-1",
          "move_id": "thunderbolt",
          "target_uid": "p1-1"
        },
        {
          "seq": 1,
          "type": "effect",
          "effect_type": "resisted",
          "raw_parts": [
            "-resisted",
            "p1a: Cyclizar"
          ]
        },
        {
          "seq": 2,
          "type": "damage",
          "target_uid": "p1-1",
          "amount": null,
          "hp_after": 44,
          "max_hp": 252,
          "effectiveness": "neutral",
          "crit": false,
          "source": "move"
        },
        {
          "seq": 3,
          "type": "move",
          "player": "p1",
          "pokemon_uid": "p1-1",
          "move_id": "dracometeor",
          "target_uid": "p2-1"
        },
        {
          "seq": 4,
          "type": "damage",
          "target_uid": "p2-1",
          "amount": null,
          "hp_after": 122,
          "max_hp": 246,
          "effectiveness": "neutral",
          "crit": false,
          "source": "move"
        },
        {
          "seq": 5,
          "type": "stat_change",
          "target_uid": "p1-1",
          "stat": "spa",
          "amount": -2
        }
      ],
      "state_after": {
        "sides": {
          "p1": {
            "active": [],
            "side_conditions": []
          },
          "p2": {
            "active": [],
            "side_conditions": []
          }
        },
        "field": {
          "global_conditions": [],
          "weather": null
        },
        "clocks": {
          "p1": 150,
          "p2": 150
        }
      }
    },
    {
      "turn_number": 5,
      "events": [
        {
          "seq": 0,
          "type": "switch",
          "player": "p1",
          "pokemon_uid": "p1-2",
          "into_uid": "p1-2"
        },
        {
          "seq": 1,
          "type": "move",
          "player": "p2",
          "pokemon_uid": "p2-1",
          "move_id": "thunderbolt",
          "target_uid": "p1-2"
        },
        {
          "seq": 2,
          "type": "effect",
          "effect_type": "immune",
          "raw_parts": [
            "-immune",
            "p1a: Toedscruel"
          ]
        }
      ],
      "state_after": {
        "sides": {
          "p1": {
            "active": [],
            "side_conditions": []
          },
          "p2": {
            "active": [],
            "side_conditions": []
          }
        },
        "field": {
          "global_conditions": [],
          "weather": null
        },
        "clocks": {
          "p1": 150,
          "p2": 150
        }
      }
    },
    {
      "turn_number": 6,
      "events": [
        {
          "seq": 0,
          "type": "switch",
          "player": "p2",
          "pokemon_uid": "p2-2",
          "into_uid": "p2-2"
        },
        {
          "seq": 1,
          "type": "move",
          "player": "p1",
          "pokemon_uid": "p1-2",
          "move_id": "earthpower",
          "target_uid": "p2-2"
        },
        {
          "seq": 2,
          "type": "effect",
          "effect_type": "supereffective",
          "raw_parts": [
            "-supereffective",
            "p2a: Sandslash"
          ]
        },
        {
          "seq": 3,
          "type": "damage",
          "target_uid": "p2-2",
          "amount": null,
          "hp_after": 75,
          "max_hp": 275,
          "effectiveness": "neutral",
          "crit": false,
          "source": "move"
        }
      ],
      "state_after": {
        "sides": {
          "p1": {
            "active": [],
            "side_conditions": []
          },
          "p2": {
            "active": [],
            "side_conditions": []
          }
        },
        "field": {
          "global_conditions": [],
          "weather": null
        },
        "clocks": {
          "p1": 150,
          "p2": 150
        }
      }
    },
    {
      "turn_number": 7,
      "events": [
        {
          "seq": 0,
          "type": "move",
          "player": "p1",
          "pokemon_uid": "p1-2",
          "move_id": "earthpower",
          "target_uid": "p2-2"
        },
        {
          "seq": 1,
          "type": "effect",
          "effect_type": "supereffective",
          "raw_parts": [
            "-supereffective",
            "p2a: Sandslash"
          ]
        },
        {
          "seq": 2,
          "type": "damage",
          "target_uid": "p2-2",
          "amount": null,
          "hp_after": 0,
          "max_hp": null,
          "effectiveness": "neutral",
          "crit": false,
          "source": "move"
        },
        {
          "seq": 3,
          "type": "faint",
          "target_uid": "p2-2"
        },
        {
          "seq": 4,
          "type": "switch",
          "player": "p2",
          "pokemon_uid": "p2-3",
          "into_uid": "p2-3"
        },
        {
          "seq": 5,
          "type": "effect",
          "effect_type": "ability",
          "raw_parts": [
            "-ability",
            "p2a: Chi-Yu",
            "Beads of Ruin"
          ]
        }
      ],
      "state_after": {
        "sides": {
          "p1": {
            "active": [],
            "side_conditions": []
          },
          "p2": {
            "active": [],
            "side_conditions": []
          }
        },
        "field": {
          "global_conditions": [],
          "weather": null
        },
        "clocks": {
          "p1": 150,
          "p2": 150
        }
      }
    },
    {
      "turn_number": 8,
      "events": [
        {
          "seq": 0,
          "type": "form_change",
          "target_uid": "p1-2",
          "mechanic": "terastallize",
          "tera_type": "Water"
        },
        {
          "seq": 1,
          "type": "move",
          "player": "p1",
          "pokemon_uid": "p1-2",
          "move_id": "earthpower",
          "target_uid": "p2-3"
        },
        {
          "seq": 2,
          "type": "effect",
          "effect_type": "supereffective",
          "raw_parts": [
            "-supereffective",
            "p2a: Chi-Yu"
          ]
        },
        {
          "seq": 3,
          "type": "damage",
          "target_uid": "p2-3",
          "amount": null,
          "hp_after": 71,
          "max_hp": 211,
          "effectiveness": "neutral",
          "crit": false,
          "source": "move"
        },
        {
          "seq": 4,
          "type": "move",
          "player": "p2",
          "pokemon_uid": "p2-3",
          "move_id": "flamethrower",
          "target_uid": "p1-2"
        },
        {
          "seq": 5,
          "type": "effect",
          "effect_type": "resisted",
          "raw_parts": [
            "-resisted",
            "p1a: Toedscruel"
          ]
        },
        {
          "seq": 6,
          "type": "damage",
          "target_uid": "p1-2",
          "amount": null,
          "hp_after": 204,
          "max_hp": 281,
          "effectiveness": "neutral",
          "crit": false,
          "source": "move"
        },
        {
          "seq": 7,
          "type": "heal",
          "target_uid": "p1-2",
          "amount": null,
          "hp_after": 221,
          "max_hp": 281,
          "source": "unknown"
        }
      ],
      "state_after": {
        "sides": {
          "p1": {
            "active": [],
            "side_conditions": []
          },
          "p2": {
            "active": [],
            "side_conditions": []
          }
        },
        "field": {
          "global_conditions": [],
          "weather": null
        },
        "clocks": {
          "p1": 150,
          "p2": 150
        }
      }
    },
    {
      "turn_number": 9,
      "events": [
        {
          "seq": 0,
          "type": "move",
          "player": "p1",
          "pokemon_uid": "p1-2",
          "move_id": "earthpower",
          "target_uid": "p2-3"
        },
        {
          "seq": 1,
          "type": "effect",
          "effect_type": "supereffective",
          "raw_parts": [
            "-supereffective",
            "p2a: Chi-Yu"
          ]
        },
        {
          "seq": 2,
          "type": "damage",
          "target_uid": "p2-3",
          "amount": null,
          "hp_after": 0,
          "max_hp": null,
          "effectiveness": "neutral",
          "crit": false,
          "source": "move"
        },
        {
          "seq": 3,
          "type": "faint",
          "target_uid": "p2-3"
        },
        {
          "seq": 4,
          "type": "heal",
          "target_uid": "p1-2",
          "amount": null,
          "hp_after": 238,
          "max_hp": 281,
          "source": "unknown"
        },
        {
          "seq": 5,
          "type": "switch",
          "player": "p2",
          "pokemon_uid": "p2-1",
          "into_uid": "p2-1"
        }
      ],
      "state_after": {
        "sides": {
          "p1": {
            "active": [],
            "side_conditions": []
          },
          "p2": {
            "active": [],
            "side_conditions": []
          }
        },
        "field": {
          "global_conditions": [],
          "weather": null
        },
        "clocks": {
          "p1": 150,
          "p2": 150
        }
      }
    },
    {
      "turn_number": 10,
      "events": [
        {
          "seq": 0,
          "type": "move",
          "player": "p2",
          "pokemon_uid": "p2-1",
          "move_id": "shadowball",
          "target_uid": "p1-2"
        },
        {
          "seq": 1,
          "type": "damage",
          "target_uid": "p1-2",
          "amount": null,
          "hp_after": 161,
          "max_hp": 281,
          "effectiveness": "neutral",
          "crit": false,
          "source": "move"
        },
        {
          "seq": 2,
          "type": "stat_change",
          "target_uid": "p1-2",
          "stat": "spd",
          "amount": -1
        },
        {
          "seq": 3,
          "type": "move",
          "player": "p1",
          "pokemon_uid": "p1-2",
          "move_id": "earthpower",
          "target_uid": "p2-1"
        },
        {
          "seq": 4,
          "type": "effect",
          "effect_type": "supereffective",
          "raw_parts": [
            "-supereffective",
            "p2a: Jolteon"
          ]
        },
        {
          "seq": 5,
          "type": "damage",
          "target_uid": "p2-1",
          "amount": null,
          "hp_after": 0,
          "max_hp": null,
          "effectiveness": "neutral",
          "crit": false,
          "source": "move"
        },
        {
          "seq": 6,
          "type": "faint",
          "target_uid": "p2-1"
        },
        {
          "seq": 7,
          "type": "heal",
          "target_uid": "p1-2",
          "amount": null,
          "hp_after": 178,
          "max_hp": 281,
          "source": "unknown"
        },
        {
          "seq": 8,
          "type": "switch",
          "player": "p2",
          "pokemon_uid": "p2-4",
          "into_uid": "p2-4"
        },
        {
          "seq": 9,
          "type": "effect",
          "effect_type": "ability",
          "raw_parts": [
            "-ability",
            "p2a: Mewtwo",
            "Pressure"
          ]
        }
      ],
      "state_after": {
        "sides": {
          "p1": {
            "active": [],
            "side_conditions": []
          },
          "p2": {
            "active": [],
            "side_conditions": []
          }
        },
        "field": {
          "global_conditions": [],
          "weather": null
        },
        "clocks": {
          "p1": 150,
          "p2": 150
        }
      }
    },
    {
      "turn_number": 11,
      "events": [
        {
          "seq": 0,
          "type": "switch",
          "player": "p1",
          "pokemon_uid": "p1-1",
          "into_uid": "p1-1"
        },
        {
          "seq": 1,
          "type": "move",
          "player": "p2",
          "pokemon_uid": "p2-4",
          "move_id": "nastyplot",
          "target_uid": "p2-4"
        },
        {
          "seq": 2,
          "type": "stat_change",
          "target_uid": "p2-4",
          "stat": "spa",
          "amount": 2
        }
      ],
      "state_after": {
        "sides": {
          "p1": {
            "active": [],
            "side_conditions": []
          },
          "p2": {
            "active": [],
            "side_conditions": []
          }
        },
        "field": {
          "global_conditions": [],
          "weather": null
        },
        "clocks": {
          "p1": 150,
          "p2": 150
        }
      }
    },
    {
      "turn_number": 12,
      "events": [
        {
          "seq": 0,
          "type": "move",
          "player": "p1",
          "pokemon_uid": "p1-1",
          "move_id": "shedtail",
          "target_uid": "p1-1"
        },
        {
          "seq": 1,
          "type": "effect",
          "effect_type": "start",
          "raw_parts": [
            "-start",
            "p1a: Cyclizar",
            "Substitute",
            "[from] move: Shed Tail"
          ]
        },
        {
          "seq": 2,
          "type": "damage",
          "target_uid": "p1-1",
          "amount": null,
          "hp_after": 2,
          "max_hp": 252,
          "effectiveness": "neutral",
          "crit": false,
          "source": "move"
        },
        {
          "seq": 3,
          "type": "switch",
          "player": "p1",
          "pokemon_uid": "p1-3",
          "into_uid": "p1-3"
        },
        {
          "seq": 4,
          "type": "move",
          "player": "p2",
          "pokemon_uid": "p2-4",
          "move_id": "psystrike",
          "target_uid": "p1-3"
        },
        {
          "seq": 5,
          "type": "effect",
          "effect_type": "immune",
          "raw_parts": [
            "-immune",
            "p1a: Malamar"
          ]
        }
      ],
      "state_after": {
        "sides": {
          "p1": {
            "active": [],
            "side_conditions": []
          },
          "p2": {
            "active": [],
            "side_conditions": []
          }
        },
        "field": {
          "global_conditions": [],
          "weather": null
        },
        "clocks": {
          "p1": 150,
          "p2": 150
        }
      }
    },
    {
      "turn_number": 13,
      "events": [
        {
          "seq": 0,
          "type": "form_change",
          "target_uid": "p2-4",
          "mechanic": "terastallize",
          "tera_type": "Fire"
        },
        {
          "seq": 1,
          "type": "move",
          "player": "p2",
          "pokemon_uid": "p2-4",
          "move_id": "darkpulse",
          "target_uid": "p1-3"
        },
        {
          "seq": 2,
          "type": "effect",
          "effect_type": "end",
          "raw_parts": [
            "-end",
            "p1a: Malamar",
            "Substitute"
          ]
        },
        {
          "seq": 3,
          "type": "damage",
          "target_uid": "p2-4",
          "amount": null,
          "hp_after": 245,
          "max_hp": 272,
          "effectiveness": "neutral",
          "crit": false,
          "source": "move"
        },
        {
          "seq": 4,
          "type": "move",
          "player": "p1",
          "pokemon_uid": "p1-3",
          "move_id": "knockoff",
          "target_uid": "p2-4"
        },
        {
          "seq": 5,
          "type": "damage",
          "target_uid": "p2-4",
          "amount": null,
          "hp_after": 143,
          "max_hp": 272,
          "effectiveness": "neutral",
          "crit": false,
          "source": "move"
        },
        {
          "seq": 6,
          "type": "effect",
          "effect_type": "enditem",
          "raw_parts": [
            "-enditem",
            "p2a: Mewtwo",
            "Life Orb",
            "[from] move: Knock Off",
            "[of] p1a: Malamar"
          ]
        }
      ],
      "state_after": {
        "sides": {
          "p1": {
            "active": [],
            "side_conditions": []
          },
          "p2": {
            "active": [],
            "side_conditions": []
          }
        },
        "field": {
          "global_conditions": [],
          "weather": null
        },
        "clocks": {
          "p1": 150,
          "p2": 150
        }
      }
    },
    {
      "turn_number": 14,
      "events": [
        {
          "seq": 0,
          "type": "move",
          "player": "p2",
          "pokemon_uid": "p2-4",
          "move_id": "darkpulse",
          "target_uid": "p1-3"
        },
        {
          "seq": 1,
          "type": "damage",
          "target_uid": "p1-3",
          "amount": null,
          "hp_after": 126,
          "max_hp": 275,
          "effectiveness": "neutral",
          "crit": false,
          "source": "move"
        },
        {
          "seq": 2,
          "type": "move",
          "player": "p1",
          "pokemon_uid": "p1-3",
          "move_id": "superpower",
          "target_uid": "p2-4"
        },
        {
          "seq": 3,
          "type": "damage",
          "target_uid": "p2-4",
          "amount": null,
          "hp_after": 49,
          "max_hp": 272,
          "effectiveness": "neutral",
          "crit": false,
          "source": "move"
        },
        {
          "seq": 4,
          "type": "stat_change",
          "target_uid": "p1-3",
          "stat": "atk",
          "amount": 1
        },
        {
          "seq": 5,
          "type": "stat_change",
          "target_uid": "p1-3",
          "stat": "def",
          "amount": 1
        },
        {
          "seq": 6,
          "type": "heal",
          "target_uid": "p1-3",
          "amount": null,
          "hp_after": 143,
          "max_hp": 275,
          "source": "unknown"
        }
      ],
      "state_after": {
        "sides": {
          "p1": {
            "active": [],
            "side_conditions": []
          },
          "p2": {
            "active": [],
            "side_conditions": []
          }
        },
        "field": {
          "global_conditions": [],
          "weather": null
        },
        "clocks": {
          "p1": 150,
          "p2": 150
        }
      }
    },
    {
      "turn_number": 15,
      "events": [
        {
          "seq": 0,
          "type": "move",
          "player": "p2",
          "pokemon_uid": "p2-4",
          "move_id": "fireblast",
          "target_uid": "p1-3"
        },
        {
          "seq": 1,
          "type": "effect",
          "effect_type": "miss",
          "raw_parts": [
            "-miss",
            "p2a: Mewtwo",
            "p1a: Malamar"
          ]
        },
        {
          "seq": 2,
          "type": "move",
          "player": "p1",
          "pokemon_uid": "p1-3",
          "move_id": "superpower",
          "target_uid": "p2-4"
        },
        {
          "seq": 3,
          "type": "damage",
          "target_uid": "p2-4",
          "amount": null,
          "hp_after": 0,
          "max_hp": null,
          "effectiveness": "neutral",
          "crit": false,
          "source": "move"
        },
        {
          "seq": 4,
          "type": "stat_change",
          "target_uid": "p1-3",
          "stat": "atk",
          "amount": 1
        },
        {
          "seq": 5,
          "type": "stat_change",
          "target_uid": "p1-3",
          "stat": "def",
          "amount": 1
        },
        {
          "seq": 6,
          "type": "faint",
          "target_uid": "p2-4"
        },
        {
          "seq": 7,
          "type": "heal",
          "target_uid": "p1-3",
          "amount": null,
          "hp_after": 160,
          "max_hp": 275,
          "source": "unknown"
        },
        {
          "seq": 8,
          "type": "switch",
          "player": "p2",
          "pokemon_uid": "p2-5",
          "into_uid": "p2-5"
        }
      ],
      "state_after": {
        "sides": {
          "p1": {
            "active": [],
            "side_conditions": []
          },
          "p2": {
            "active": [],
            "side_conditions": []
          }
        },
        "field": {
          "global_conditions": [],
          "weather": null
        },
        "clocks": {
          "p1": 150,
          "p2": 150
        }
      }
    },
    {
      "turn_number": 16,
      "events": [
        {
          "seq": 0,
          "type": "move",
          "player": "p2",
          "pokemon_uid": "p2-5",
          "move_id": "wavecrash",
          "target_uid": "p1-3"
        },
        {
          "seq": 1,
          "type": "damage",
          "target_uid": "p1-3",
          "amount": null,
          "hp_after": 32,
          "max_hp": 275,
          "effectiveness": "neutral",
          "crit": false,
          "source": "move"
        },
        {
          "seq": 2,
          "type": "damage",
          "target_uid": "p2-5",
          "amount": null,
          "hp_after": 219,
          "max_hp": 261,
          "effectiveness": "neutral",
          "crit": false,
          "source": "move"
        },
        {
          "seq": 3,
          "type": "move",
          "player": "p1",
          "pokemon_uid": "p1-3",
          "move_id": "superpower",
          "target_uid": "p2-5"
        },
        {
          "seq": 4,
          "type": "damage",
          "target_uid": "p2-5",
          "amount": null,
          "hp_after": 17,
          "max_hp": 261,
          "effectiveness": "neutral",
          "crit": false,
          "source": "move"
        },
        {
          "seq": 5,
          "type": "stat_change",
          "target_uid": "p1-3",
          "stat": "atk",
          "amount": 1
        },
        {
          "seq": 6,
          "type": "stat_change",
          "target_uid": "p1-3",
          "stat": "def",
          "amount": 1
        },
        {
          "seq": 7,
          "type": "heal",
          "target_uid": "p1-3",
          "amount": null,
          "hp_after": 49,
          "max_hp": 275,
          "source": "unknown"
        }
      ],
      "state_after": {
        "sides": {
          "p1": {
            "active": [],
            "side_conditions": []
          },
          "p2": {
            "active": [],
            "side_conditions": []
          }
        },
        "field": {
          "global_conditions": [],
          "weather": null
        },
        "clocks": {
          "p1": 150,
          "p2": 150
        }
      }
    },
    {
      "turn_number": 17,
      "events": [
        {
          "seq": 0,
          "type": "switch",
          "player": "p1",
          "pokemon_uid": "p1-0",
          "into_uid": "p1-0"
        },
        {
          "seq": 1,
          "type": "move",
          "player": "p2",
          "pokemon_uid": "p2-5",
          "move_id": "wavecrash",
          "target_uid": "p1-0"
        },
        {
          "seq": 2,
          "type": "effect",
          "effect_type": "resisted",
          "raw_parts": [
            "-resisted",
            "p1a: Rotom"
          ]
        },
        {
          "seq": 3,
          "type": "damage",
          "target_uid": "p1-0",
          "amount": null,
          "hp_after": 117,
          "max_hp": 219,
          "effectiveness": "neutral",
          "crit": false,
          "source": "move"
        },
        {
          "seq": 4,
          "type": "damage",
          "target_uid": "p2-5",
          "amount": null,
          "hp_after": 0,
          "max_hp": null,
          "effectiveness": "neutral",
          "crit": false,
          "source": "move"
        },
        {
          "seq": 5,
          "type": "faint",
          "target_uid": "p2-5"
        }
      ],
      "state_after": {
        "sides": {
          "p1": {
            "active": [],
            "side_conditions": []
          },
          "p2": {
            "active": [],
            "side_conditions": []
          }
        },
        "field": {
          "global_conditions": [],
          "weather": null
        },
        "clocks": {
          "p1": 150,
          "p2": 150
        }
      }
    }
  ],
  "summary": {
    "pokemon_used": {
      "p1": [
        "p1-0",
        "p1-1",
        "p1-2",
        "p1-3"
      ],
      "p2": [
        "p2-0",
        "p2-1",
        "p2-2",
        "p2-3",
        "p2-4",
        "p2-5"
      ]
    },
    "fainted_order": {
      "p1": [],
      "p2": []
    },
    "major_events": null
  },
  "integrity": {
    "validated": true,
    "issues": [],
    "sha256_raw_log": "092a75224ff59b4f2f41d7304e6663fc",
    "generation_time_ms": 0
  }
}