{
  "schema_version": "1.0.0",
  "battle_id": "gen9randombattle-2390869374",
  "format_id": "gen9randombattle",
  "metadata": {
    "timestamp_unix": 1750777931,
    "total_turns": 25,
    "outcome": {
      "result": "win",
      "winner": "p1",
      "reason": "all_fainted"
    }
  },
  "players": {
    "p1": {
      "name": "Scrubland",
      "ladder_rating_pre": 1798,
      "ladder_rating_change": null
    },
    "p2": {
      "name": "gibbs0",
      "ladder_rating_pre": 1784,
      "ladder_rating_change": null
    }
  },
  "team_revelation": {
    "format_type": "random_battle",
    "revelation_pattern": "progressive",
    "teams_fully_revealed": false,
    "teams": {
      "p1": [
        {
          "pokemon_uid": "p1-0",
          "species": "Decidueye",
          "nickname": null,
          "level": 88,
          "gender": "F",
          "first_seen_turn": 1,
          "revelation_status": "partially_revealed",
          "known_ability": null,
          "known_item": null,
          "known_tera_type": null,
          "base_stats": {
            "hp": 281,
            "attack": null,
            "defense": null,
            "sp_attack": null,
            "sp_defense": null,
            "speed": null
          },
          "known_moves": [],
          "unknown_move_slots": 4
        },
        {
          "pokemon_uid": "p1-1",
          "species": "Coalossal",
          "nickname": null,
          "level": 89,
          "gender": "M",
          "first_seen_turn": 1,
          "revelation_status": "partially_revealed",
          "known_ability": null,
          "known_item": null,
          "known_tera_type": null,
          "base_stats": {
            "hp": 341,
            "attack": null,
            "defense": null,
            "sp_attack": null,
            "sp_defense": null,
            "speed": null
          },
          "known_moves": [],
          "unknown_move_slots": 4
        },
        {
          "pokemon_uid": "p1-2",
          "species": "Basculegion",
          "nickname": null,
          "level": 81,
          "gender": "M",
          "first_seen_turn": 1,
          "revelation_status": "partially_revealed",
          "known_ability": null,
          "known_item": null,
          "known_tera_type": null,
          "base_stats": {
            "hp": 327,
            "attack": null,
            "defense": null,
            "sp_attack": null,
            "sp_defense": null,
            "speed": null
          },
          "known_moves": [],
          "unknown_move_slots": 4
        },
        {
          "pokemon_uid": "p1-3",
          "species": "Azumarill",
          "nickname": null,
          "level": 82,
          "gender": "F",
          "first_seen_turn": 1,
          "revelation_status": "partially_revealed",
          "known_ability": null,
          "known_item": null,
          "known_tera_type": null,
          "base_stats": {
            "hp": 298,
            "attack": null,
            "defense": null,
            "sp_attack": null,
            "sp_defense": null,
            "speed": null
          },
          "known_moves": [],
          "unknown_move_slots": 4
        },
        {
          "pokemon_uid": "p1-4",
          "species": "Ninetales",
          "nickname": null,
          "level": 78,
          "gender": "M",
          "first_seen_turn": 1,
          "revelation_status": "partially_revealed",
          "known_ability": null,
          "known_item": null,
          "known_tera_type": null,
          "base_stats": {
            "hp": 242,
            "attack": null,
            "defense": null,
            "sp_attack": null,
            "sp_defense": null,
            "speed": null
          },
          "known_moves": [],
          "unknown_move_slots": 4
        },
        {
          "pokemon_uid": "p1-5",
          "species": "Venomoth",
          "nickname": null,
          "level": 84,
          "gender": "F",
          "first_seen_turn": 1,
          "revelation_status": "partially_revealed",
          "known_ability": null,
          "known_item": null,
          "known_tera_type": null,
          "base_stats": {
            "hp": 255,
            "attack": null,
            "defense": null,
            "sp_attack": null,
            "sp_defense": null,
            "speed": null
          },
          "known_moves": [],
          "unknown_move_slots": 4
        }
      ],
      "p2": [
        {
          "pokemon_uid": "p2-0",
          "species": "Moltres",
          "nickname": null,
          "level": 81,
          "gender": null,
          "first_seen_turn": 1,
          "revelation_status": "partially_revealed",
          "known_ability": null,
          "known_item": null,
          "known_tera_type": null,
          "base_stats": {
            "hp": 278,
            "attack": null,
            "defense": null,
            "sp_attack": null,
            "sp_defense": null,
            "speed": null
          },
          "known_moves": [],
          "unknown_move_slots": 4
        },
        {
          "pokemon_uid": "p2-1",
          "species": "Blissey",
          "nickname": null,
          "level": 85,
          "gender": "F",
          "first_seen_turn": 1,
          "revelation_status": "partially_revealed",
          "known_ability": null,
          "known_item": null,
          "known_tera_type": null,
          "base_stats": {
            "hp": 572,
            "attack": null,
            "defense": null,
            "sp_attack": null,
            "sp_defense": null,
            "speed": null
          },
          "known_moves": [],
          "unknown_move_slots": 4
        },
        {
          "pokemon_uid": "p2-2",
          "species": "Raikou",
          "nickname": null,
          "level": 81,
          "gender": null,
          "first_seen_turn": 1,
          "revelation_status": "partially_revealed",
          "known_ability": null,
          "known_item": null,
          "known_tera_type": null,
          "base_stats": {
            "hp": 278,
            "attack": null,
            "defense": null,
            "sp_attack": null,
            "sp_defense": null,
            "speed": null
          },
          "known_moves": [],
          "unknown_move_slots": 4
        },
        {
          "pokemon_uid": "p2-3",
          "species": "Clefable",
          "nickname": null,
          "level": 83,
          "gender": "F",
          "first_seen_turn": 1,
          "revelation_status": "partially_revealed",
          "known_ability": null,
          "known_item": null,
          "known_tera_type": null,
          "base_stats": {
            "hp": 293,
            "attack": null,
            "defense": null,
            "sp_attack": null,
            "sp_defense": null,
            "speed": null
          },
          "known_moves": [],
          "unknown_move_slots": 4
        },
        {
          "pokemon_uid": "p2-4",
          "species": "Phione",
          "nickname": null,
          "level": 91,
          "gender": null,
          "first_seen_turn": 1,
          "revelation_status": "partially_revealed",
          "known_ability": null,
          "known_item": null,
          "known_tera_type": null,
          "base_stats": {
            "hp": 293,
            "attack": null,
            "defense": null,
            "sp_attack": null,
            "sp_defense": null,
            "speed": null
          },
          "known_moves": [],
          "unknown_move_slots": 4
        },
        {
          "pokemon_uid": "p2-5",
          "species": "Espeon",
          "nickname": null,
          "level": 84,
          "gender": "F",
          "first_seen_turn": 1,
          "revelation_status": "partially_revealed",
          "known_ability": null,
          "known_item": null,
          "known_tera_type": null,
          "base_stats": {
            "hp": 246,
            "attack": null,
            "defense": null,
            "sp_attack": null,
            "sp_defense": null,
            "speed": null
          },
          "known_moves": [],
          "unknown_move_slots": 4
        }
      ]
    },
    "team_size": {
      "p1": {
        "known": 6,
        "assumed_total": 6,
        "confirmed": false
      },
      "p2": {
        "known": 6,
        "assumed_total": 6,
        "confirmed": false
      }
    }
  },
  "turns": [
    {
      "turn_number": 1,
      "events": [
        {
          "seq": 0,
          "type": "switch",
          "player": "p1",
          "pokemon_uid": "p1-1",
          "into_uid": "p1-1"
        },
        {
          "seq": 1,
          "type": "move",
          "player": "p2",
          "pokemon_uid": "p2-0",
          "move_id": "fireblast",
          "target_uid": "p1-1"
        },
        {
          "seq": 2,
          "type": "effect",
          "effect_type": "resisted",
          "raw_parts": [
            "-resisted",
            "p1a: Coalossal"
          ]
        },
        {
          "seq": 3,
          "type": "damage",
          "target_uid": "p1-1",
          "amount": null,
          "hp_after": 311,
          "max_hp": 341,
          "effectiveness": "neutral",
          "crit": false,
          "source": "move"
        }
      ],
      "state_after": {
        "sides": {
          "p1": {
            "active": [],
            "side_conditions": []
          },
          "p2": {
            "active": [],
            "side_conditions": []
          }
        },
        "field": {
          "global_conditions": [],
          "weather": null
        },
        "clocks": {
          "p1": 150,
          "p2": 150
        }
      }
    },
    {
      "turn_number": 2,
      "events": [
        {
          "seq": 0,
          "type": "move",
          "player": "p2",
          "pokemon_uid": "p2-0",
          "move_id": "scorchingsands",
          "target_uid": "p1-1"
        },
        {
          "seq": 1,
          "type": "effect",
          "effect_type": "supereffective",
          "raw_parts": [
            "-supereffective",
            "p1a: Coalossal"
          ]
        },
        {
          "seq": 2,
          "type": "damage",
          "target_uid": "p1-1",
          "amount": null,
          "hp_after": 115,
          "max_hp": 341,
          "effectiveness": "neutral",
          "crit": false,
          "source": "move"
        },
        {
          "seq": 3,
          "type": "move",
          "player": "p1",
          "pokemon_uid": "p1-1",
          "move_id": "spikes",
          "target_uid": "p2-0"
        },
        {
          "seq": 4,
          "type": "effect",
          "effect_type": "sidestart",
          "raw_parts": [
            "-sidestart",
            "p2: gibbs0",
            "Spikes"
          ]
        }
      ],
      "state_after": {
        "sides": {
          "p1": {
            "active": [],
            "side_conditions": []
          },
          "p2": {
            "active": [],
            "side_conditions": []
          }
        },
        "field": {
          "global_conditions": [],
          "weather": null
        },
        "clocks": {
          "p1": 150,
          "p2": 150
        }
      }
    },
    {
      "turn_number": 3,
      "events": [
        {
          "seq": 0,
          "type": "switch",
          "player": "p1",
          "pokemon_uid": "p1-2",
          "into_uid": "p1-2"
        },
        {
          "seq": 1,
          "type": "move",
          "player": "p2",
          "pokemon_uid": "p2-0",
          "move_id": "scorchingsands",
          "target_uid": "p1-2"
        },
        {
          "seq": 2,
          "type": "damage",
          "target_uid": "p1-2",
          "amount": null,
          "hp_after": 278,
          "max_hp": 327,
          "effectiveness": "neutral",
          "crit": false,
          "source": "move"
        }
      ],
      "state_after": {
        "sides": {
          "p1": {
            "active": [],
            "side_conditions": []
          },
          "p2": {
            "active": [],
            "side_conditions": []
          }
        },
        "field": {
          "global_conditions": [],
          "weather": null
        },
        "clocks": {
          "p1": 150,
          "p2": 150
        }
      }
    },
    {
      "turn_number": 4,
      "events": [
        {
          "seq": 0,
          "type": "switch",
          "player": "p2",
          "pokemon_uid": "p2-1",
          "into_uid": "p2-1"
        },
        {
          "seq": 1,
          "type": "damage",
          "target_uid": "p2-1",
          "amount": null,
          "hp_after": 501,
          "max_hp": 572,
          "effectiveness": "neutral",
          "crit": false,
          "source": "move"
        },
        {
          "seq": 2,
          "type": "move",
          "player": "p1",
          "pokemon_uid": "p1-2",
          "move_id": "flipturn",
          "target_uid": "p2-1"
        },
        {
          "seq": 3,
          "type": "damage",
          "target_uid": "p2-1",
          "amount": null,
          "hp_after": 257,
          "max_hp": 572,
          "effectiveness": "neutral",
          "crit": false,
          "source": "move"
        },
        {
          "seq": 4,
          "type": "switch",
          "player": "p1",
          "pokemon_uid": "p1-0",
          "into_uid": "p1-0"
        },
        {
          "seq": 5,
          "type": "heal",
          "target_uid": "p2-1",
          "amount": null,
          "hp_after": 292,
          "max_hp": 572,
          "source": "unknown"
        }
      ],
      "state_after": {
        "sides": {
          "p1": {
            "active": [],
            "side_conditions": []
          },
          "p2": {
            "active": [],
            "side_conditions": []
          }
        },
        "field": {
          "global_conditions": [],
          "weather": null
        },
        "clocks": {
          "p1": 150,
          "p2": 150
        }
      }
    },
    {
      "turn_number": 5,
      "events": [
        {
          "seq": 0,
          "type": "move",
          "player": "p1",
          "pokemon_uid": "p1-0",
          "move_id": "knockoff",
          "target_uid": "p2-1"
        },
        {
          "seq": 1,
          "type": "damage",
          "target_uid": "p2-1",
          "amount": null,
          "hp_after": 0,
          "max_hp": null,
          "effectiveness": "neutral",
          "crit": false,
          "source": "move"
        },
        {
          "seq": 2,
          "type": "effect",
          "effect_type": "enditem",
          "raw_parts": [
            "-enditem",
            "p2a: Blissey",
            "Leftovers",
            "[from] move: Knock Off",
            "[of] p1a: Decidueye"
          ]
        },
        {
          "seq": 3,
          "type": "faint",
          "target_uid": "p2-1"
        },
        {
          "seq": 4,
          "type": "damage",
          "target_uid": "p1-0",
          "amount": null,
          "hp_after": 253,
          "max_hp": 281,
          "effectiveness": "neutral",
          "crit": false,
          "source": "move"
        },
        {
          "seq": 5,
          "type": "switch",
          "player": "p2",
          "pokemon_uid": "p2-0",
          "into_uid": "p2-0"
        }
      ],
      "state_after": {
        "sides": {
          "p1": {
            "active": [],
            "side_conditions": []
          },
          "p2": {
            "active": [],
            "side_conditions": []
          }
        },
        "field": {
          "global_conditions": [],
          "weather": null
        },
        "clocks": {
          "p1": 150,
          "p2": 150
        }
      }
    },
    {
      "turn_number": 6,
      "events": [
        {
          "seq": 0,
          "type": "switch",
          "player": "p1",
          "pokemon_uid": "p1-2",
          "into_uid": "p1-2"
        },
        {
          "seq": 1,
          "type": "move",
          "player": "p2",
          "pokemon_uid": "p2-0",
          "move_id": "fireblast",
          "target_uid": "p1-2"
        },
        {
          "seq": 2,
          "type": "effect",
          "effect_type": "resisted",
          "raw_parts": [
            "-resisted",
            "p1a: Basculegion"
          ]
        },
        {
          "seq": 3,
          "type": "damage",
          "target_uid": "p1-2",
          "amount": null,
          "hp_after": 230,
          "max_hp": 327,
          "effectiveness": "neutral",
          "crit": false,
          "source": "move"
        }
      ],
      "state_after": {
        "sides": {
          "p1": {
            "active": [],
            "side_conditions": []
          },
          "p2": {
            "active": [],
            "side_conditions": []
          }
        },
        "field": {
          "global_conditions": [],
          "weather": null
        },
        "clocks": {
          "p1": 150,
          "p2": 150
        }
      }
    },
    {
      "turn_number": 7,
      "events": [
        {
          "seq": 0,
          "type": "move",
          "player": "p2",
          "pokemon_uid": "p2-0",
          "move_id": "scorchingsands",
          "target_uid": "p1-2"
        },
        {
          "seq": 1,
          "type": "damage",
          "target_uid": "p1-2",
          "amount": null,
          "hp_after": 187,
          "max_hp": 327,
          "effectiveness": "neutral",
          "crit": false,
          "source": "move"
        },
        {
          "seq": 2,
          "type": "status_start",
          "target_uid": "p1-2",
          "status": "brn",
          "source": "unknown"
        },
        {
          "seq": 3,
          "type": "move",
          "player": "p1",
          "pokemon_uid": "p1-2",
          "move_id": "wavecrash",
          "target_uid": "p2-0"
        },
        {
          "seq": 4,
          "type": "effect",
          "effect_type": "supereffective",
          "raw_parts": [
            "-supereffective",
            "p2a: Moltres"
          ]
        },
        {
          "seq": 5,
          "type": "damage",
          "target_uid": "p2-0",
          "amount": null,
          "hp_after": 84,
          "max_hp": 278,
          "effectiveness": "neutral",
          "crit": false,
          "source": "move"
        },
        {
          "seq": 6,
          "type": "damage",
          "target_uid": "p1-2",
          "amount": null,
          "hp_after": 123,
          "max_hp": 327,
          "effectiveness": "neutral",
          "crit": false,
          "source": "move"
        },
        {
          "seq": 7,
          "type": "damage",
          "target_uid": "p1-2",
          "amount": null,
          "hp_after": 103,
          "max_hp": 327,
          "effectiveness": "neutral",
          "crit": false,
          "source": "move"
        }
      ],
      "state_after": {
        "sides": {
          "p1": {
            "active": [],
            "side_conditions": []
          },
          "p2": {
            "active": [],
            "side_conditions": []
          }
        },
        "field": {
          "global_conditions": [],
          "weather": null
        },
        "clocks": {
          "p1": 150,
          "p2": 150
        }
      }
    },
    {
      "turn_number": 8,
      "events": [
        {
          "seq": 0,
          "type": "move",
          "player": "p2",
          "pokemon_uid": "p2-0",
          "move_id": "roost",
          "target_uid": "p2-0"
        },
        {
          "seq": 1,
          "type": "heal",
          "target_uid": "p2-0",
          "amount": null,
          "hp_after": 223,
          "max_hp": 278,
          "source": "unknown"
        },
        {
          "seq": 2,
          "type": "effect",
          "effect_type": "singleturn",
          "raw_parts": [
            "-singleturn",
            "p2a: Moltres",
            "move: Roost"
          ]
        },
        {
          "seq": 3,
          "type": "move",
          "player": "p1",
          "pokemon_uid": "p1-2",
          "move_id": "wavecrash",
          "target_uid": "p2-0"
        },
        {
          "seq": 4,
          "type": "effect",
          "effect_type": "supereffective",
          "raw_parts": [
            "-supereffective",
            "p2a: Moltres"
          ]
        },
        {
          "seq": 5,
          "type": "damage",
          "target_uid": "p2-0",
          "amount": null,
          "hp_after": 51,
          "max_hp": 278,
          "effectiveness": "neutral",
          "crit": false,
          "source": "move"
        },
        {
          "seq": 6,
          "type": "damage",
          "target_uid": "p1-2",
          "amount": null,
          "hp_after": 46,
          "max_hp": 327,
          "effectiveness": "neutral",
          "crit": false,
          "source": "move"
        },
        {
          "seq": 7,
          "type": "damage",
          "target_uid": "p1-2",
          "amount": null,
          "hp_after": 26,
          "max_hp": 327,
          "effectiveness": "neutral",
          "crit": false,
          "source": "move"
        }
      ],
      "state_after": {
        "sides": {
          "p1": {
            "active": [],
            "side_conditions": []
          },
          "p2": {
            "active": [],
            "side_conditions": []
          }
        },
        "field": {
          "global_conditions": [],
          "weather": null
        },
        "clocks": {
          "p1": 150,
          "p2": 150
        }
      }
    },
    {
      "turn_number": 9,
      "events": [
        {
          "seq": 0,
          "type": "move",
          "player": "p1",
          "pokemon_uid": "p1-2",
          "move_id": "aquajet",
          "target_uid": "p2-0"
        },
        {
          "seq": 1,
          "type": "effect",
          "effect_type": "supereffective",
          "raw_parts": [
            "-supereffective",
            "p2a: Moltres"
          ]
        },
        {
          "seq": 2,
          "type": "damage",
          "target_uid": "p2-0",
          "amount": null,
          "hp_after": 0,
          "max_hp": null,
          "effectiveness": "neutral",
          "crit": false,
          "source": "move"
        },
        {
          "seq": 3,
          "type": "faint",
          "target_uid": "p2-0"
        },
        {
          "seq": 4,
          "type": "damage",
          "target_uid": "p1-2",
          "amount": null,
          "hp_after": 6,
          "max_hp": 327,
          "effectiveness": "neutral",
          "crit": false,
          "source": "move"
        },
        {
          "seq": 5,
          "type": "switch",
          "player": "p2",
          "pokemon_uid": "p2-2",
          "into_uid": "p2-2"
        },
        {
          "seq": 6,
          "type": "damage",
          "target_uid": "p2-2",
          "amount": null,
          "hp_after": 244,
          "max_hp": 278,
          "effectiveness": "neutral",
          "crit": false,
          "source": "move"
        },
        {
          "seq": 7,
          "type": "effect",
          "effect_type": "ability",
          "raw_parts": [
            "-ability",
            "p2a: Raikou",
            "Pressure"
          ]
        }
      ],
      "state_after": {
        "sides": {
          "p1": {
            "active": [],
            "side_conditions": []
          },
          "p2": {
            "active": [],
            "side_conditions": []
          }
        },
        "field": {
          "global_conditions": [],
          "weather": null
        },
        "clocks": {
          "p1": 150,
          "p2": 150
        }
      }
    },
    {
      "turn_number": 10,
      "events": [
        {
          "seq": 0,
          "type": "move",
          "player": "p2",
          "pokemon_uid": "p2-2",
          "move_id": "thunderbolt",
          "target_uid": "p1-2"
        },
        {
          "seq": 1,
          "type": "effect",
          "effect_type": "supereffective",
          "raw_parts": [
            "-supereffective",
            "p1a: Basculegion"
          ]
        },
        {
          "seq": 2,
          "type": "damage",
          "target_uid": "p1-2",
          "amount": null,
          "hp_after": 0,
          "max_hp": null,
          "effectiveness": "neutral",
          "crit": false,
          "source": "move"
        },
        {
          "seq": 3,
          "type": "faint",
          "target_uid": "p1-2"
        },
        {
          "seq": 4,
          "type": "heal",
          "target_uid": "p2-2",
          "amount": null,
          "hp_after": 261,
          "max_hp": 278,
          "source": "unknown"
        },
        {
          "seq": 5,
          "type": "switch",
          "player": "p1",
          "pokemon_uid": "p1-0",
          "into_uid": "p1-0"
        }
      ],
      "state_after": {
        "sides": {
          "p1": {
            "active": [],
            "side_conditions": []
          },
          "p2": {
            "active": [],
            "side_conditions": []
          }
        },
        "field": {
          "global_conditions": [],
          "weather": null
        },
        "clocks": {
          "p1": 150,
          "p2": 150
        }
      }
    },
    {
      "turn_number": 11,
      "events": [
        {
          "seq": 0,
          "type": "move",
          "player": "p2",
          "pokemon_uid": "p2-2",
          "move_id": "scald",
          "target_uid": "p1-0"
        },
        {
          "seq": 1,
          "type": "effect",
          "effect_type": "resisted",
          "raw_parts": [
            "-resisted",
            "p1a: Decidueye"
          ]
        },
        {
          "seq": 2,
          "type": "damage",
          "target_uid": "p1-0",
          "amount": null,
          "hp_after": 228,
          "max_hp": 281,
          "effectiveness": "neutral",
          "crit": false,
          "source": "move"
        },
        {
          "seq": 3,
          "type": "move",
          "player": "p1",
          "pokemon_uid": "p1-0",
          "move_id": "knockoff",
          "target_uid": "p2-2"
        },
        {
          "seq": 4,
          "type": "damage",
          "target_uid": "p2-2",
          "amount": null,
          "hp_after": 145,
          "max_hp": 278,
          "effectiveness": "neutral",
          "crit": false,
          "source": "move"
        },
        {
          "seq": 5,
          "type": "effect",
          "effect_type": "enditem",
          "raw_parts": [
            "-enditem",
            "p2a: Raikou",
            "Leftovers",
            "[from] move: Knock Off",
            "[of] p1a: Decidueye"
          ]
        },
        {
          "seq": 6,
          "type": "damage",
          "target_uid": "p1-0",
          "amount": null,
          "hp_after": 200,
          "max_hp": 281,
          "effectiveness": "neutral",
          "crit": false,
          "source": "move"
        }
      ],
      "state_after": {
        "sides": {
          "p1": {
            "active": [],
            "side_conditions": []
          },
          "p2": {
            "active": [],
            "side_conditions": []
          }
        },
        "field": {
          "global_conditions": [],
          "weather": null
        },
        "clocks": {
          "p1": 150,
          "p2": 150
        }
      }
    },
    {
      "turn_number": 12,
      "events": [
        {
          "seq": 0,
          "type": "move",
          "player": "p2",
          "pokemon_uid": "p2-2",
          "move_id": "scald",
          "target_uid": "p1-0"
        },
        {
          "seq": 1,
          "type": "effect",
          "effect_type": "resisted",
          "raw_parts": [
            "-resisted",
            "p1a: Decidueye"
          ]
        },
        {
          "seq": 2,
          "type": "damage",
          "target_uid": "p1-0",
          "amount": null,
          "hp_after": 176,
          "max_hp": 281,
          "effectiveness": "neutral",
          "crit": false,
          "source": "move"
        },
        {
          "seq": 3,
          "type": "move",
          "player": "p1",
          "pokemon_uid": "p1-0",
          "move_id": "spiritshackle",
          "target_uid": "p2-2"
        },
        {
          "seq": 4,
          "type": "damage",
          "target_uid": "p2-2",
          "amount": null,
          "hp_after": 0,
          "max_hp": null,
          "effectiveness": "neutral",
          "crit": false,
          "source": "move"
        },
        {
          "seq": 5,
          "type": "faint",
          "target_uid": "p2-2"
        },
        {
          "seq": 6,
          "type": "damage",
          "target_uid": "p1-0",
          "amount": null,
          "hp_after": 148,
          "max_hp": 281,
          "effectiveness": "neutral",
          "crit": false,
          "source": "move"
        },
        {
          "seq": 7,
          "type": "switch",
          "player": "p2",
          "pokemon_uid": "p2-3",
          "into_uid": "p2-3"
        },
        {
          "seq": 8,
          "type": "damage",
          "target_uid": "p2-3",
          "amount": null,
          "hp_after": 257,
          "max_hp": 293,
          "effectiveness": "neutral",
          "crit": false,
          "source": "move"
        }
      ],
      "state_after": {
        "sides": {
          "p1": {
            "active": [],
            "side_conditions": []
          },
          "p2": {
            "active": [],
            "side_conditions": []
          }
        },
        "field": {
          "global_conditions": [],
          "weather": null
        },
        "clocks": {
          "p1": 150,
          "p2": 150
        }
      }
    },
    {
      "turn_number": 13,
      "events": [
        {
          "seq": 0,
          "type": "move",
          "player": "p1",
          "pokemon_uid": "p1-0",
          "move_id": "knockoff",
          "target_uid": "p2-3"
        },
        {
          "seq": 1,
          "type": "effect",
          "effect_type": "resisted",
          "raw_parts": [
            "-resisted",
            "p2a: Clefable"
          ]
        },
        {
          "seq": 2,
          "type": "damage",
          "target_uid": "p2-3",
          "amount": null,
          "hp_after": 200,
          "max_hp": 293,
          "effectiveness": "neutral",
          "crit": false,
          "source": "move"
        },
        {
          "seq": 3,
          "type": "effect",
          "effect_type": "enditem",
          "raw_parts": [
            "-enditem",
            "p2a: Clefable",
            "Leftovers",
            "[from] move: Knock Off",
            "[of] p1a: Decidueye"
          ]
        },
        {
          "seq": 4,
          "type": "damage",
          "target_uid": "p1-0",
          "amount": null,
          "hp_after": 120,
          "max_hp": 281,
          "effectiveness": "neutral",
          "crit": false,
          "source": "move"
        },
        {
          "seq": 5,
          "type": "move",
          "player": "p2",
          "pokemon_uid": "p2-3",
          "move_id": "knockoff",
          "target_uid": "p1-0"
        },
        {
          "seq": 6,
          "type": "effect",
          "effect_type": "supereffective",
          "raw_parts": [
            "-supereffective",
            "p1a: Decidueye"
          ]
        },
        {
          "seq": 7,
          "type": "damage",
          "target_uid": "p1-0",
          "amount": null,
          "hp_after": 0,
          "max_hp": null,
          "effectiveness": "neutral",
          "crit": false,
          "source": "move"
        },
        {
          "seq": 8,
          "type": "effect",
          "effect_type": "enditem",
          "raw_parts": [
            "-enditem",
            "p1a: Decidueye",
            "Life Orb",
            "[from] move: Knock Off",
            "[of] p2a: Clefable"
          ]
        },
        {
          "seq": 9,
          "type": "faint",
          "target_uid": "p1-0"
        },
        {
          "seq": 10,
          "type": "switch",
          "player": "p1",
          "pokemon_uid": "p1-3",
          "into_uid": "p1-3"
        }
      ],
      "state_after": {
        "sides": {
          "p1": {
            "active": [],
            "side_conditions": []
          },
          "p2": {
            "active": [],
            "side_conditions": []
          }
        },
        "field": {
          "global_conditions": [],
          "weather": null
        },
        "clocks": {
          "p1": 150,
          "p2": 150
        }
      }
    },
    {
      "turn_number": 14,
      "events": [
        {
          "seq": 0,
          "type": "move",
          "player": "p2",
          "pokemon_uid": "p2-3",
          "move_id": "moonblast",
          "target_uid": "p1-3"
        },
        {
          "seq": 1,
          "type": "damage",
          "target_uid": "p1-3",
          "amount": null,
          "hp_after": 195,
          "max_hp": 298,
          "effectiveness": "neutral",
          "crit": false,
          "source": "move"
        },
        {
          "seq": 2,
          "type": "stat_change",
          "target_uid": "p1-3",
          "stat": "spa",
          "amount": -1
        },
        {
          "seq": 3,
          "type": "move",
          "player": "p1",
          "pokemon_uid": "p1-3",
          "move_id": "liquidation",
          "target_uid": "p2-3"
        },
        {
          "seq": 4,
          "type": "damage",
          "target_uid": "p2-3",
          "amount": null,
          "hp_after": 14,
          "max_hp": 293,
          "effectiveness": "neutral",
          "crit": false,
          "source": "move"
        }
      ],
      "state_after": {
        "sides": {
          "p1": {
            "active": [],
            "side_conditions": []
          },
          "p2": {
            "active": [],
            "side_conditions": []
          }
        },
        "field": {
          "global_conditions": [],
          "weather": null
        },
        "clocks": {
          "p1": 150,
          "p2": 150
        }
      }
    },
    {
      "turn_number": 15,
      "events": [
        {
          "seq": 0,
          "type": "switch",
          "player": "p2",
          "pokemon_uid": "p2-4",
          "into_uid": "p2-4"
        },
        {
          "seq": 1,
          "type": "damage",
          "target_uid": "p2-4",
          "amount": null,
          "hp_after": 257,
          "max_hp": 293,
          "effectiveness": "neutral",
          "crit": false,
          "source": "move"
        },
        {
          "seq": 2,
          "type": "move",
          "player": "p1",
          "pokemon_uid": "p1-3",
          "move_id": "liquidation",
          "target_uid": "p2-4"
        },
        {
          "seq": 3,
          "type": "effect",
          "effect_type": "resisted",
          "raw_parts": [
            "-resisted",
            "p2a: Phione"
          ]
        },
        {
          "seq": 4,
          "type": "damage",
          "target_uid": "p2-4",
          "amount": null,
          "hp_after": 179,
          "max_hp": 293,
          "effectiveness": "neutral",
          "crit": false,
          "source": "move"
        },
        {
          "seq": 5,
          "type": "heal",
          "target_uid": "p2-4",
          "amount": null,
          "hp_after": 197,
          "max_hp": 293,
          "source": "unknown"
        }
      ],
      "state_after": {
        "sides": {
          "p1": {
            "active": [],
            "side_conditions": []
          },
          "p2": {
            "active": [],
            "side_conditions": []
          }
        },
        "field": {
          "global_conditions": [],
          "weather": null
        },
        "clocks": {
          "p1": 150,
          "p2": 150
        }
      }
    },
    {
      "turn_number": 16,
      "events": [
        {
          "seq": 0,
          "type": "switch",
          "player": "p1",
          "pokemon_uid": "p1-4",
          "into_uid": "p1-4"
        },
        {
          "seq": 1,
          "type": "effect",
          "effect_type": "weather",
          "raw_parts": [
            "-weather",
            "Snowscape",
            "[from] ability: Snow Warning",
            "[of] p1a: Ninetales"
          ]
        },
        {
          "seq": 2,
          "type": "move",
          "player": "p2",
          "pokemon_uid": "p2-4",
          "move_id": "takeheart",
          "target_uid": "p2-4"
        },
        {
          "seq": 3,
          "type": "stat_change",
          "target_uid": "p2-4",
          "stat": "spa",
          "amount": 1
        },
        {
          "seq": 4,
          "type": "stat_change",
          "target_uid": "p2-4",
          "stat": "spd",
          "amount": 1
        },
        {
          "seq": 5,
          "type": "effect",
          "effect_type": "weather",
          "raw_parts": [
            "-weather",
            "Snowscape",
            "[upkeep]"
          ]
        },
        {
          "seq": 6,
          "type": "heal",
          "target_uid": "p2-4",
          "amount": null,
          "hp_after": 215,
          "max_hp": 293,
          "source": "unknown"
        }
      ],
      "state_after": {
        "sides": {
          "p1": {
            "active": [],
            "side_conditions": []
          },
          "p2": {
            "active": [],
            "side_conditions": []
          }
        },
        "field": {
          "global_conditions": [],
          "weather": null
        },
        "clocks": {
          "p1": 150,
          "p2": 150
        }
      }
    },
    {
      "turn_number": 17,
      "events": [
        {
          "seq": 0,
          "type": "move",
          "player": "p1",
          "pokemon_uid": "p1-4",
          "move_id": "freeze-dry",
          "target_uid": "p2-4"
        },
        {
          "seq": 1,
          "type": "effect",
          "effect_type": "supereffective",
          "raw_parts": [
            "-supereffective",
            "p2a: Phione"
          ]
        },
        {
          "seq": 2,
          "type": "damage",
          "target_uid": "p2-4",
          "amount": null,
          "hp_after": 143,
          "max_hp": 293,
          "effectiveness": "neutral",
          "crit": false,
          "source": "move"
        },
        {
          "seq": 3,
          "type": "move",
          "player": "p2",
          "pokemon_uid": "p2-4",
          "move_id": "scald",
          "target_uid": "p1-4"
        },
        {
          "seq": 4,
          "type": "damage",
          "target_uid": "p1-4",
          "amount": null,
          "hp_after": 124,
          "max_hp": 242,
          "effectiveness": "neutral",
          "crit": false,
          "source": "move"
        },
        {
          "seq": 5,
          "type": "status_start",
          "target_uid": "p1-4",
          "status": "brn",
          "source": "unknown"
        },
        {
          "seq": 6,
          "type": "effect",
          "effect_type": "weather",
          "raw_parts": [
            "-weather",
            "Snowscape",
            "[upkeep]"
          ]
        },
        {
          "seq": 7,
          "type": "heal",
          "target_uid": "p2-4",
          "amount": null,
          "hp_after": 161,
          "max_hp": 293,
          "source": "unknown"
        },
        {
          "seq": 8,
          "type": "damage",
          "target_uid": "p1-4",
          "amount": null,
          "hp_after": 109,
          "max_hp": 242,
          "effectiveness": "neutral",
          "crit": false,
          "source": "move"
        }
      ],
      "state_after": {
        "sides": {
          "p1": {
            "active": [],
            "side_conditions": []
          },
          "p2": {
            "active": [],
            "side_conditions": []
          }
        },
        "field": {
          "global_conditions": [],
          "weather": null
        },
        "clocks": {
          "p1": 150,
          "p2": 150
        }
      }
    },
    {
      "turn_number": 18,
      "events": [
        {
          "seq": 0,
          "type": "move",
          "player": "p1",
          "pokemon_uid": "p1-4",
          "move_id": "auroraveil",
          "target_uid": "p1-4"
        },
        {
          "seq": 1,
          "type": "effect",
          "effect_type": "sidestart",
          "raw_parts": [
            "-sidestart",
            "p1: Scrubland",
            "move: Aurora Veil"
          ]
        },
        {
          "seq": 2,
          "type": "move",
          "player": "p2",
          "pokemon_uid": "p2-4",
          "move_id": "scald",
          "target_uid": "p1-4"
        },
        {
          "seq": 3,
          "type": "damage",
          "target_uid": "p1-4",
          "amount": null,
          "hp_after": 46,
          "max_hp": 242,
          "effectiveness": "neutral",
          "crit": false,
          "source": "move"
        },
        {
          "seq": 4,
          "type": "effect",
          "effect_type": "weather",
          "raw_parts": [
            "-weather",
            "Snowscape",
            "[upkeep]"
          ]
        },
        {
          "seq": 5,
          "type": "heal",
          "target_uid": "p2-4",
          "amount": null,
          "hp_after": 179,
          "max_hp": 293,
          "source": "unknown"
        },
        {
          "seq": 6,
          "type": "damage",
          "target_uid": "p1-4",
          "amount": null,
          "hp_after": 31,
          "max_hp": 242,
          "effectiveness": "neutral",
          "crit": false,
          "source": "move"
        }
      ],
      "state_after": {
        "sides": {
          "p1": {
            "active": [],
            "side_conditions": []
          },
          "p2": {
            "active": [],
            "side_conditions": []
          }
        },
        "field": {
          "global_conditions": [],
          "weather": null
        },
        "clocks": {
          "p1": 150,
          "p2": 150
        }
      }
    },
    {
      "turn_number": 19,
      "events": [
        {
          "seq": 0,
          "type": "move",
          "player": "p1",
          "pokemon_uid": "p1-4",
          "move_id": "freeze-dry",
          "target_uid": "p2-4"
        },
        {
          "seq": 1,
          "type": "effect",
          "effect_type": "supereffective",
          "raw_parts": [
            "-supereffective",
            "p2a: Phione"
          ]
        },
        {
          "seq": 2,
          "type": "damage",
          "target_uid": "p2-4",
          "amount": null,
          "hp_after": 111,
          "max_hp": 293,
          "effectiveness": "neutral",
          "crit": false,
          "source": "move"
        },
        {
          "seq": 3,
          "type": "move",
          "player": "p2",
          "pokemon_uid": "p2-4",
          "move_id": "scald",
          "target_uid": "p1-4"
        },
        {
          "seq": 4,
          "type": "damage",
          "target_uid": "p1-4",
          "amount": null,
          "hp_after": 0,
          "max_hp": null,
          "effectiveness": "neutral",
          "crit": false,
          "source": "move"
        },
        {
          "seq": 5,
          "type": "faint",
          "target_uid": "p1-4"
        },
        {
          "seq": 6,
          "type": "effect",
          "effect_type": "weather",
          "raw_parts": [
            "-weather",
            "Snowscape",
            "[upkeep]"
          ]
        },
        {
          "seq": 7,
          "type": "heal",
          "target_uid": "p2-4",
          "amount": null,
          "hp_after": 129,
          "max_hp": 293,
          "source": "unknown"
        },
        {
          "seq": 8,
          "type": "switch",
          "player": "p1",
          "pokemon_uid": "p1-3",
          "into_uid": "p1-3"
        }
      ],
      "state_after": {
        "sides": {
          "p1": {
            "active": [],
            "side_conditions": []
          },
          "p2": {
            "active": [],
            "side_conditions": []
          }
        },
        "field": {
          "global_conditions": [],
          "weather": null
        },
        "clocks": {
          "p1": 150,
          "p2": 150
        }
      }
    },
    {
      "turn_number": 20,
      "events": [
        {
          "seq": 0,
          "type": "move",
          "player": "p2",
          "pokemon_uid": "p2-4",
          "move_id": "scald",
          "target_uid": "p1-3"
        },
        {
          "seq": 1,
          "type": "effect",
          "effect_type": "resisted",
          "raw_parts": [
            "-resisted",
            "p1a: Azumarill"
          ]
        },
        {
          "seq": 2,
          "type": "damage",
          "target_uid": "p1-3",
          "amount": null,
          "hp_after": 162,
          "max_hp": 298,
          "effectiveness": "neutral",
          "crit": false,
          "source": "move"
        },
        {
          "seq": 3,
          "type": "move",
          "player": "p1",
          "pokemon_uid": "p1-3",
          "move_id": "playrough",
          "target_uid": "p2-4"
        },
        {
          "seq": 4,
          "type": "damage",
          "target_uid": "p2-4",
          "amount": null,
          "hp_after": 0,
          "max_hp": null,
          "effectiveness": "neutral",
          "crit": false,
          "source": "move"
        },
        {
          "seq": 5,
          "type": "faint",
          "target_uid": "p2-4"
        },
        {
          "seq": 6,
          "type": "effect",
          "effect_type": "weather",
          "raw_parts": [
            "-weather",
            "none"
          ]
        },
        {
          "seq": 7,
          "type": "switch",
          "player": "p2",
          "pokemon_uid": "p2-5",
          "into_uid": "p2-5"
        },
        {
          "seq": 8,
          "type": "damage",
          "target_uid": "p2-5",
          "amount": null,
          "hp_after": 216,
          "max_hp": 246,
          "effectiveness": "neutral",
          "crit": false,
          "source": "move"
        }
      ],
      "state_after": {
        "sides": {
          "p1": {
            "active": [],
            "side_conditions": []
          },
          "p2": {
            "active": [],
            "side_conditions": []
          }
        },
        "field": {
          "global_conditions": [],
          "weather": null
        },
        "clocks": {
          "p1": 150,
          "p2": 150
        }
      }
    },
    {
      "turn_number": 21,
      "events": [
        {
          "seq": 0,
          "type": "switch",
          "player": "p1",
          "pokemon_uid": "p1-1",
          "into_uid": "p1-1"
        },
        {
          "seq": 1,
          "type": "move",
          "player": "p2",
          "pokemon_uid": "p2-5",
          "move_id": "psyshock",
          "target_uid": "p1-1"
        },
        {
          "seq": 2,
          "type": "damage",
          "target_uid": "p1-1",
          "amount": null,
          "hp_after": 51,
          "max_hp": 341,
          "effectiveness": "neutral",
          "crit": false,
          "source": "move"
        }
      ],
      "state_after": {
        "sides": {
          "p1": {
            "active": [],
            "side_conditions": []
          },
          "p2": {
            "active": [],
            "side_conditions": []
          }
        },
        "field": {
          "global_conditions": [],
          "weather": null
        },
        "clocks": {
          "p1": 150,
          "p2": 150
        }
      }
    },
    {
      "turn_number": 22,
      "events": [
        {
          "seq": 0,
          "type": "move",
          "player": "p2",
          "pokemon_uid": "p2-5",
          "move_id": "psyshock",
          "target_uid": "p1-1"
        },
        {
          "seq": 1,
          "type": "damage",
          "target_uid": "p1-1",
          "amount": null,
          "hp_after": 0,
          "max_hp": null,
          "effectiveness": "neutral",
          "crit": false,
          "source": "move"
        },
        {
          "seq": 2,
          "type": "faint",
          "target_uid": "p1-1"
        },
        {
          "seq": 3,
          "type": "switch",
          "player": "p1",
          "pokemon_uid": "p1-3",
          "into_uid": "p1-3"
        }
      ],
      "state_after": {
        "sides": {
          "p1": {
            "active": [],
            "side_conditions": []
          },
          "p2": {
            "active": [],
            "side_conditions": []
          }
        },
        "field": {
          "global_conditions": [],
          "weather": null
        },
        "clocks": {
          "p1": 150,
          "p2": 150
        }
      }
    },
    {
      "turn_number": 23,
      "events": [
        {
          "seq": 0,
          "type": "form_change",
          "target_uid": "p2-5",
          "mechanic": "terastallize",
          "tera_type": "Psychic"
        },
        {
          "seq": 1,
          "type": "move",
          "player": "p2",
          "pokemon_uid": "p2-5",
          "move_id": "psyshock",
          "target_uid": "p1-3"
        },
        {
          "seq": 2,
          "type": "damage",
          "target_uid": "p1-3",
          "amount": null,
          "hp_after": 47,
          "max_hp": 298,
          "effectiveness": "neutral",
          "crit": false,
          "source": "move"
        },
        {
          "seq": 3,
          "type": "move",
          "player": "p1",
          "pokemon_uid": "p1-3",
          "move_id": "liquidation",
          "target_uid": "p2-5"
        },
        {
          "seq": 4,
          "type": "damage",
          "target_uid": "p2-5",
          "amount": null,
          "hp_after": 9,
          "max_hp": 246,
          "effectiveness": "neutral",
          "crit": false,
          "source": "move"
        }
      ],
      "state_after": {
        "sides": {
          "p1": {
            "active": [],
            "side_conditions": []
          },
          "p2": {
            "active": [],
            "side_conditions": []
          }
        },
        "field": {
          "global_conditions": [],
          "weather": null
        },
        "clocks": {
          "p1": 150,
          "p2": 150
        }
      }
    },
    {
      "turn_number": 24,
      "events": [
        {
          "seq": 0,
          "type": "switch",
          "player": "p1",
          "pokemon_uid": "p1-5",
          "into_uid": "p1-5"
        },
        {
          "seq": 1,
          "type": "move",
          "player": "p2",
          "pokemon_uid": "p2-5",
          "move_id": "psyshock",
          "target_uid": "p1-5"
        },
        {
          "seq": 2,
          "type": "effect",
          "effect_type": "supereffective",
          "raw_parts": [
            "-supereffective",
            "p1a: Venomoth"
          ]
        },
        {
          "seq": 3,
          "type": "damage",
          "target_uid": "p1-5",
          "amount": null,
          "hp_after": 0,
          "max_hp": null,
          "effectiveness": "neutral",
          "crit": false,
          "source": "move"
        },
        {
          "seq": 4,
          "type": "faint",
          "target_uid": "p1-5"
        },
        {
          "seq": 5,
          "type": "switch",
          "player": "p1",
          "pokemon_uid": "p1-3",
          "into_uid": "p1-3"
        }
      ],
      "state_after": {
        "sides": {
          "p1": {
            "active": [],
            "side_conditions": []
          },
          "p2": {
            "active": [],
            "side_conditions": []
          }
        },
        "field": {
          "global_conditions": [],
          "weather": null
        },
        "clocks": {
          "p1": 150,
          "p2": 150
        }
      }
    },
    {
      "turn_number": 25,
      "events": [
        {
          "seq": 0,
          "type": "form_change",
          "target_uid": "p1-3",
          "mechanic": "terastallize",
          "tera_type": "Water"
        },
        {
          "seq": 1,
          "type": "move",
          "player": "p1",
          "pokemon_uid": "p1-3",
          "move_id": "aquajet",
          "target_uid": "p2-5"
        },
        {
          "seq": 2,
          "type": "damage",
          "target_uid": "p2-5",
          "amount": null,
          "hp_after": 0,
          "max_hp": null,
          "effectiveness": "neutral",
          "crit": false,
          "source": "move"
        },
        {
          "seq": 3,
          "type": "faint",
          "target_uid": "p2-5"
        },
        {
          "seq": 4,
          "type": "effect",
          "effect_type": "sideend",
          "raw_parts": [
            "-sideend",
            "p1: Scrubland",
            "move: Aurora Veil"
          ]
        },
        {
          "seq": 5,
          "type": "effect",
          "effect_type": "message",
          "raw_parts": [
            "-message",
            "gibbs0 forfeited."
          ]
        }
      ],
      "state_after": {
        "sides": {
          "p1": {
            "active": [],
            "side_conditions": []
          },
          "p2": {
            "active": [],
            "side_conditions": []
          }
        },
        "field": {
          "global_conditions": [],
          "weather": null
        },
        "clocks": {
          "p1": 150,
          "p2": 150
        }
      }
    }
  ],
  "summary": {
    "pokemon_used": {
      "p1": [
        "p1-0",
        "p1-1",
        "p1-2",
        "p1-3",
        "p1-4",
        "p1-5"
      ],
      "p2": [
        "p2-0",
        "p2-1",
        "p2-2",
        "p2-3",
        "p2-4",
        "p2-5"
      ]
    },
    "fainted_order": {
      "p1": [],
      "p2": []
    },
    "major_events": null
  },
  "integrity": {
    "validated": true,
    "issues": [],
    "sha256_raw_log": "dd248e699197e275625de792c5f86f87",
    "generation_time_ms": 0
  }
}