{
  "schema_version": "1.0.0",
  "battle_id": "gen9randombattle-2390620301",
  "format_id": "gen9randombattle",
  "metadata": {
    "timestamp_unix": 1750737673,
    "total_turns": 21,
    "outcome": {
      "result": "win",
      "winner": "p2",
      "reason": "all_fainted"
    }
  },
  "players": {
    "p1": {
      "name": "Chibipie Kagane",
      "ladder_rating_pre": 1560,
      "ladder_rating_change": null
    },
    "p2": {
      "name": "5miao",
      "ladder_rating_pre": 1553,
      "ladder_rating_change": null
    }
  },
  "team_revelation": {
    "format_type": "random_battle",
    "revelation_pattern": "progressive",
    "teams_fully_revealed": false,
    "teams": {
      "p1": [
        {
          "pokemon_uid": "p1-0",
          "species": "Magnezone",
          "nickname": null,
          "level": 85,
          "gender": null,
          "first_seen_turn": 1,
          "revelation_status": "partially_revealed",
          "known_ability": null,
          "known_item": null,
          "known_tera_type": null,
          "base_stats": {
            "hp": 258,
            "attack": null,
            "defense": null,
            "sp_attack": null,
            "sp_defense": null,
            "speed": null
          },
          "known_moves": [],
          "unknown_move_slots": 4
        },
        {
          "pokemon_uid": "p1-1",
          "species": "Honchkrow",
          "nickname": null,
          "level": 86,
          "gender": "M",
          "first_seen_turn": 1,
          "revelation_status": "partially_revealed",
          "known_ability": null,
          "known_item": null,
          "known_tera_type": null,
          "base_stats": {
            "hp": 312,
            "attack": null,
            "defense": null,
            "sp_attack": null,
            "sp_defense": null,
            "speed": null
          },
          "known_moves": [],
          "unknown_move_slots": 4
        },
        {
          "pokemon_uid": "p1-2",
          "species": "Snorlax",
          "nickname": null,
          "level": 82,
          "gender": "M",
          "first_seen_turn": 1,
          "revelation_status": "partially_revealed",
          "known_ability": null,
          "known_item": null,
          "known_tera_type": null,
          "base_stats": {
            "hp": 397,
            "attack": null,
            "defense": null,
            "sp_attack": null,
            "sp_defense": null,
            "speed": null
          },
          "known_moves": [],
          "unknown_move_slots": 4
        },
        {
          "pokemon_uid": "p1-3",
          "species": "Beartic",
          "nickname": null,
          "level": 91,
          "gender": "M",
          "first_seen_turn": 1,
          "revelation_status": "partially_revealed",
          "known_ability": null,
          "known_item": null,
          "known_tera_type": null,
          "base_stats": {
            "hp": 321,
            "attack": null,
            "defense": null,
            "sp_attack": null,
            "sp_defense": null,
            "speed": null
          },
          "known_moves": [],
          "unknown_move_slots": 4
        },
        {
          "pokemon_uid": "p1-4",
          "species": "Sneasler",
          "nickname": null,
          "level": 74,
          "gender": "F",
          "first_seen_turn": 1,
          "revelation_status": "partially_revealed",
          "known_ability": null,
          "known_item": null,
          "known_tera_type": null,
          "base_stats": {
            "hp": 240,
            "attack": null,
            "defense": null,
            "sp_attack": null,
            "sp_defense": null,
            "speed": null
          },
          "known_moves": [],
          "unknown_move_slots": 4
        },
        {
          "pokemon_uid": "p1-5",
          "species": "Meloetta",
          "nickname": null,
          "level": 82,
          "gender": null,
          "first_seen_turn": 1,
          "revelation_status": "partially_revealed",
          "known_ability": null,
          "known_item": null,
          "known_tera_type": null,
          "base_stats": {
            "hp": 298,
            "attack": null,
            "defense": null,
            "sp_attack": null,
            "sp_defense": null,
            "speed": null
          },
          "known_moves": [],
          "unknown_move_slots": 4
        }
      ],
      "p2": [
        {
          "pokemon_uid": "p2-0",
          "species": "Ho",
          "nickname": "Ho-Oh",
          "level": 71,
          "gender": null,
          "first_seen_turn": 1,
          "revelation_status": "partially_revealed",
          "known_ability": null,
          "known_item": null,
          "known_tera_type": null,
          "base_stats": {
            "hp": 268,
            "attack": null,
            "defense": null,
            "sp_attack": null,
            "sp_defense": null,
            "speed": null
          },
          "known_moves": [],
          "unknown_move_slots": 4
        },
        {
          "pokemon_uid": "p2-1",
          "species": "Gliscor",
          "nickname": null,
          "level": 76,
          "gender": "F",
          "first_seen_turn": 1,
          "revelation_status": "partially_revealed",
          "known_ability": null,
          "known_item": null,
          "known_tera_type": null,
          "base_stats": {
            "hp": 239,
            "attack": null,
            "defense": null,
            "sp_attack": null,
            "sp_defense": null,
            "speed": null
          },
          "known_moves": [],
          "unknown_move_slots": 4
        },
        {
          "pokemon_uid": "p2-2",
          "species": "Golem",
          "nickname": null,
          "level": 93,
          "gender": "M",
          "first_seen_turn": 1,
          "revelation_status": "partially_revealed",
          "known_ability": null,
          "known_item": null,
          "known_tera_type": null,
          "base_stats": {
            "hp": 300,
            "attack": null,
            "defense": null,
            "sp_attack": null,
            "sp_defense": null,
            "speed": null
          },
          "known_moves": [],
          "unknown_move_slots": 4
        },
        {
          "pokemon_uid": "p2-3",
          "species": "Ursaring",
          "nickname": null,
          "level": 84,
          "gender": "F",
          "first_seen_turn": 1,
          "revelation_status": "partially_revealed",
          "known_ability": null,
          "known_item": null,
          "known_tera_type": null,
          "base_stats": {
            "hp": 288,
            "attack": null,
            "defense": null,
            "sp_attack": null,
            "sp_defense": null,
            "speed": null
          },
          "known_moves": [],
          "unknown_move_slots": 4
        },
        {
          "pokemon_uid": "p2-4",
          "species": "Latios",
          "nickname": null,
          "level": 78,
          "gender": "M",
          "first_seen_turn": 1,
          "revelation_status": "partially_revealed",
          "known_ability": null,
          "known_item": null,
          "known_tera_type": null,
          "base_stats": {
            "hp": 253,
            "attack": null,
            "defense": null,
            "sp_attack": null,
            "sp_defense": null,
            "speed": null
          },
          "known_moves": [],
          "unknown_move_slots": 4
        }
      ]
    },
    "team_size": {
      "p1": {
        "known": 6,
        "assumed_total": 6,
        "confirmed": false
      },
      "p2": {
        "known": 5,
        "assumed_total": 6,
        "confirmed": false
      }
    }
  },
  "turns": [
    {
      "turn_number": 1,
      "events": [
        {
          "seq": 0,
          "type": "move",
          "player": "p2",
          "pokemon_uid": "p2-0",
          "move_id": "earthquake",
          "target_uid": "p1-0"
        },
        {
          "seq": 1,
          "type": "effect",
          "effect_type": "supereffective",
          "raw_parts": [
            "-supereffective",
            "p1a: Magnezone"
          ]
        },
        {
          "seq": 2,
          "type": "damage",
          "target_uid": "p1-0",
          "amount": null,
          "hp_after": 30,
          "max_hp": 258,
          "effectiveness": "neutral",
          "crit": false,
          "source": "move"
        },
        {
          "seq": 3,
          "type": "move",
          "player": "p1",
          "pokemon_uid": "p1-0",
          "move_id": "discharge",
          "target_uid": "p2-0"
        },
        {
          "seq": 4,
          "type": "effect",
          "effect_type": "supereffective",
          "raw_parts": [
            "-supereffective",
            "p2a: Ho-Oh"
          ]
        },
        {
          "seq": 5,
          "type": "damage",
          "target_uid": "p2-0",
          "amount": null,
          "hp_after": 46,
          "max_hp": 268,
          "effectiveness": "neutral",
          "crit": false,
          "source": "move"
        },
        {
          "seq": 6,
          "type": "heal",
          "target_uid": "p1-0",
          "amount": null,
          "hp_after": 46,
          "max_hp": 258,
          "source": "unknown"
        }
      ],
      "state_after": {
        "sides": {
          "p1": {
            "active": [],
            "side_conditions": []
          },
          "p2": {
            "active": [],
            "side_conditions": []
          }
        },
        "field": {
          "global_conditions": [],
          "weather": null
        },
        "clocks": {
          "p1": 150,
          "p2": 150
        }
      }
    },
    {
      "turn_number": 2,
      "events": [
        {
          "seq": 0,
          "type": "switch",
          "player": "p2",
          "pokemon_uid": "p2-1",
          "into_uid": "p2-1"
        },
        {
          "seq": 1,
          "type": "switch",
          "player": "p1",
          "pokemon_uid": "p1-1",
          "into_uid": "p1-1"
        },
        {
          "seq": 2,
          "type": "status_start",
          "target_uid": "p2-1",
          "status": "tox",
          "source": "[from] item: Toxic Orb"
        }
      ],
      "state_after": {
        "sides": {
          "p1": {
            "active": [],
            "side_conditions": []
          },
          "p2": {
            "active": [],
            "side_conditions": []
          }
        },
        "field": {
          "global_conditions": [],
          "weather": null
        },
        "clocks": {
          "p1": 150,
          "p2": 150
        }
      }
    },
    {
      "turn_number": 3,
      "events": [
        {
          "seq": 0,
          "type": "move",
          "player": "p2",
          "pokemon_uid": "p2-1",
          "move_id": "toxic",
          "target_uid": "p1-1"
        },
        {
          "seq": 1,
          "type": "status_start",
          "target_uid": "p1-1",
          "status": "tox",
          "source": "unknown"
        },
        {
          "seq": 2,
          "type": "move",
          "player": "p1",
          "pokemon_uid": "p1-1",
          "move_id": "bravebird",
          "target_uid": "p2-1"
        },
        {
          "seq": 3,
          "type": "damage",
          "target_uid": "p2-1",
          "amount": null,
          "hp_after": 95,
          "max_hp": 239,
          "effectiveness": "neutral",
          "crit": false,
          "source": "move"
        },
        {
          "seq": 4,
          "type": "damage",
          "target_uid": "p1-1",
          "amount": null,
          "hp_after": 264,
          "max_hp": 312,
          "effectiveness": "neutral",
          "crit": false,
          "source": "move"
        },
        {
          "seq": 5,
          "type": "heal",
          "target_uid": "p2-1",
          "amount": null,
          "hp_after": 124,
          "max_hp": 239,
          "source": "unknown"
        },
        {
          "seq": 6,
          "type": "damage",
          "target_uid": "p1-1",
          "amount": null,
          "hp_after": 245,
          "max_hp": 312,
          "effectiveness": "neutral",
          "crit": false,
          "source": "move"
        }
      ],
      "state_after": {
        "sides": {
          "p1": {
            "active": [],
            "side_conditions": []
          },
          "p2": {
            "active": [],
            "side_conditions": []
          }
        },
        "field": {
          "global_conditions": [],
          "weather": null
        },
        "clocks": {
          "p1": 150,
          "p2": 150
        }
      }
    },
    {
      "turn_number": 4,
      "events": [
        {
          "seq": 0,
          "type": "move",
          "player": "p2",
          "pokemon_uid": "p2-1",
          "move_id": "protect",
          "target_uid": "p2-1"
        },
        {
          "seq": 1,
          "type": "effect",
          "effect_type": "singleturn",
          "raw_parts": [
            "-singleturn",
            "p2a: Gliscor",
            "Protect"
          ]
        },
        {
          "seq": 2,
          "type": "move",
          "player": "p1",
          "pokemon_uid": "p1-1",
          "move_id": "bravebird",
          "target_uid": "p2-1"
        },
        {
          "seq": 3,
          "type": "effect",
          "effect_type": "activate",
          "raw_parts": [
            "-activate",
            "p2a: Gliscor",
            "move: Protect"
          ]
        },
        {
          "seq": 4,
          "type": "heal",
          "target_uid": "p2-1",
          "amount": null,
          "hp_after": 153,
          "max_hp": 239,
          "source": "unknown"
        },
        {
          "seq": 5,
          "type": "damage",
          "target_uid": "p1-1",
          "amount": null,
          "hp_after": 207,
          "max_hp": 312,
          "effectiveness": "neutral",
          "crit": false,
          "source": "move"
        }
      ],
      "state_after": {
        "sides": {
          "p1": {
            "active": [],
            "side_conditions": []
          },
          "p2": {
            "active": [],
            "side_conditions": []
          }
        },
        "field": {
          "global_conditions": [],
          "weather": null
        },
        "clocks": {
          "p1": 150,
          "p2": 150
        }
      }
    },
    {
      "turn_number": 5,
      "events": [
        {
          "seq": 0,
          "type": "switch",
          "player": "p2",
          "pokemon_uid": "p2-2",
          "into_uid": "p2-2"
        },
        {
          "seq": 1,
          "type": "move",
          "player": "p1",
          "pokemon_uid": "p1-1",
          "move_id": "bravebird",
          "target_uid": "p2-2"
        },
        {
          "seq": 2,
          "type": "effect",
          "effect_type": "resisted",
          "raw_parts": [
            "-resisted",
            "p2a: Golem"
          ]
        },
        {
          "seq": 3,
          "type": "damage",
          "target_uid": "p2-2",
          "amount": null,
          "hp_after": 271,
          "max_hp": 300,
          "effectiveness": "neutral",
          "crit": false,
          "source": "move"
        },
        {
          "seq": 4,
          "type": "damage",
          "target_uid": "p1-1",
          "amount": null,
          "hp_after": 197,
          "max_hp": 312,
          "effectiveness": "neutral",
          "crit": false,
          "source": "move"
        },
        {
          "seq": 5,
          "type": "damage",
          "target_uid": "p1-1",
          "amount": null,
          "hp_after": 140,
          "max_hp": 312,
          "effectiveness": "neutral",
          "crit": false,
          "source": "move"
        }
      ],
      "state_after": {
        "sides": {
          "p1": {
            "active": [],
            "side_conditions": []
          },
          "p2": {
            "active": [],
            "side_conditions": []
          }
        },
        "field": {
          "global_conditions": [],
          "weather": null
        },
        "clocks": {
          "p1": 150,
          "p2": 150
        }
      }
    },
    {
      "turn_number": 6,
      "events": [
        {
          "seq": 0,
          "type": "switch",
          "player": "p1",
          "pokemon_uid": "p1-0",
          "into_uid": "p1-0"
        },
        {
          "seq": 1,
          "type": "move",
          "player": "p2",
          "pokemon_uid": "p2-2",
          "move_id": "double-edge",
          "target_uid": "p1-0"
        },
        {
          "seq": 2,
          "type": "effect",
          "effect_type": "resisted",
          "raw_parts": [
            "-resisted",
            "p1a: Magnezone"
          ]
        },
        {
          "seq": 3,
          "type": "damage",
          "target_uid": "p1-0",
          "amount": null,
          "hp_after": 0,
          "max_hp": null,
          "effectiveness": "neutral",
          "crit": false,
          "source": "move"
        },
        {
          "seq": 4,
          "type": "faint",
          "target_uid": "p1-0"
        },
        {
          "seq": 5,
          "type": "damage",
          "target_uid": "p2-2",
          "amount": null,
          "hp_after": 256,
          "max_hp": 300,
          "effectiveness": "neutral",
          "crit": false,
          "source": "move"
        },
        {
          "seq": 6,
          "type": "switch",
          "player": "p1",
          "pokemon_uid": "p1-2",
          "into_uid": "p1-2"
        }
      ],
      "state_after": {
        "sides": {
          "p1": {
            "active": [],
            "side_conditions": []
          },
          "p2": {
            "active": [],
            "side_conditions": []
          }
        },
        "field": {
          "global_conditions": [],
          "weather": null
        },
        "clocks": {
          "p1": 150,
          "p2": 150
        }
      }
    },
    {
      "turn_number": 7,
      "events": [
        {
          "seq": 0,
          "type": "move",
          "player": "p2",
          "pokemon_uid": "p2-2",
          "move_id": "double-edge",
          "target_uid": "p1-2"
        },
        {
          "seq": 1,
          "type": "damage",
          "target_uid": "p1-2",
          "amount": null,
          "hp_after": 7,
          "max_hp": 397,
          "effectiveness": "neutral",
          "crit": false,
          "source": "move"
        },
        {
          "seq": 2,
          "type": "damage",
          "target_uid": "p2-2",
          "amount": null,
          "hp_after": 127,
          "max_hp": 300,
          "effectiveness": "neutral",
          "crit": false,
          "source": "move"
        },
        {
          "seq": 3,
          "type": "move",
          "player": "p1",
          "pokemon_uid": "p1-2",
          "move_id": "earthquake",
          "target_uid": "p2-2"
        },
        {
          "seq": 4,
          "type": "effect",
          "effect_type": "supereffective",
          "raw_parts": [
            "-supereffective",
            "p2a: Golem"
          ]
        },
        {
          "seq": 5,
          "type": "damage",
          "target_uid": "p2-2",
          "amount": null,
          "hp_after": 0,
          "max_hp": null,
          "effectiveness": "neutral",
          "crit": false,
          "source": "move"
        },
        {
          "seq": 6,
          "type": "faint",
          "target_uid": "p2-2"
        },
        {
          "seq": 7,
          "type": "switch",
          "player": "p2",
          "pokemon_uid": "p2-0",
          "into_uid": "p2-0"
        }
      ],
      "state_after": {
        "sides": {
          "p1": {
            "active": [],
            "side_conditions": []
          },
          "p2": {
            "active": [],
            "side_conditions": []
          }
        },
        "field": {
          "global_conditions": [],
          "weather": null
        },
        "clocks": {
          "p1": 150,
          "p2": 150
        }
      }
    },
    {
      "turn_number": 8,
      "events": [
        {
          "seq": 0,
          "type": "move",
          "player": "p2",
          "pokemon_uid": "p2-0",
          "move_id": "earthquake",
          "target_uid": "p1-2"
        },
        {
          "seq": 1,
          "type": "damage",
          "target_uid": "p1-2",
          "amount": null,
          "hp_after": 0,
          "max_hp": null,
          "effectiveness": "neutral",
          "crit": false,
          "source": "move"
        },
        {
          "seq": 2,
          "type": "faint",
          "target_uid": "p1-2"
        },
        {
          "seq": 3,
          "type": "switch",
          "player": "p1",
          "pokemon_uid": "p1-1",
          "into_uid": "p1-1"
        }
      ],
      "state_after": {
        "sides": {
          "p1": {
            "active": [],
            "side_conditions": []
          },
          "p2": {
            "active": [],
            "side_conditions": []
          }
        },
        "field": {
          "global_conditions": [],
          "weather": null
        },
        "clocks": {
          "p1": 150,
          "p2": 150
        }
      }
    },
    {
      "turn_number": 9,
      "events": [
        {
          "seq": 0,
          "type": "move",
          "player": "p1",
          "pokemon_uid": "p1-1",
          "move_id": "bravebird",
          "target_uid": "p2-0"
        },
        {
          "seq": 1,
          "type": "damage",
          "target_uid": "p2-0",
          "amount": null,
          "hp_after": 0,
          "max_hp": null,
          "effectiveness": "neutral",
          "crit": false,
          "source": "move"
        },
        {
          "seq": 2,
          "type": "faint",
          "target_uid": "p2-0"
        },
        {
          "seq": 3,
          "type": "effect",
          "effect_type": "ability",
          "raw_parts": [
            "-ability",
            "p1a: Honchkrow",
            "Moxie",
            "boost"
          ]
        },
        {
          "seq": 4,
          "type": "stat_change",
          "target_uid": "p1-1",
          "stat": "atk",
          "amount": 1
        },
        {
          "seq": 5,
          "type": "damage",
          "target_uid": "p1-1",
          "amount": null,
          "hp_after": 95,
          "max_hp": 312,
          "effectiveness": "neutral",
          "crit": false,
          "source": "move"
        },
        {
          "seq": 6,
          "type": "damage",
          "target_uid": "p1-1",
          "amount": null,
          "hp_after": 76,
          "max_hp": 312,
          "effectiveness": "neutral",
          "crit": false,
          "source": "move"
        },
        {
          "seq": 7,
          "type": "switch",
          "player": "p2",
          "pokemon_uid": "p2-1",
          "into_uid": "p2-1"
        }
      ],
      "state_after": {
        "sides": {
          "p1": {
            "active": [],
            "side_conditions": []
          },
          "p2": {
            "active": [],
            "side_conditions": []
          }
        },
        "field": {
          "global_conditions": [],
          "weather": null
        },
        "clocks": {
          "p1": 150,
          "p2": 150
        }
      }
    },
    {
      "turn_number": 10,
      "events": [
        {
          "seq": 0,
          "type": "move",
          "player": "p2",
          "pokemon_uid": "p2-1",
          "move_id": "protect",
          "target_uid": "p2-1"
        },
        {
          "seq": 1,
          "type": "effect",
          "effect_type": "singleturn",
          "raw_parts": [
            "-singleturn",
            "p2a: Gliscor",
            "Protect"
          ]
        },
        {
          "seq": 2,
          "type": "move",
          "player": "p1",
          "pokemon_uid": "p1-1",
          "move_id": "lashout",
          "target_uid": "p2-1"
        },
        {
          "seq": 3,
          "type": "effect",
          "effect_type": "activate",
          "raw_parts": [
            "-activate",
            "p2a: Gliscor",
            "move: Protect"
          ]
        },
        {
          "seq": 4,
          "type": "heal",
          "target_uid": "p2-1",
          "amount": null,
          "hp_after": 182,
          "max_hp": 239,
          "source": "unknown"
        },
        {
          "seq": 5,
          "type": "damage",
          "target_uid": "p1-1",
          "amount": null,
          "hp_after": 38,
          "max_hp": 312,
          "effectiveness": "neutral",
          "crit": false,
          "source": "move"
        }
      ],
      "state_after": {
        "sides": {
          "p1": {
            "active": [],
            "side_conditions": []
          },
          "p2": {
            "active": [],
            "side_conditions": []
          }
        },
        "field": {
          "global_conditions": [],
          "weather": null
        },
        "clocks": {
          "p1": 150,
          "p2": 150
        }
      }
    },
    {
      "turn_number": 11,
      "events": [
        {
          "seq": 0,
          "type": "move",
          "player": "p2",
          "pokemon_uid": "p2-1",
          "move_id": "knockoff",
          "target_uid": "p1-1"
        },
        {
          "seq": 1,
          "type": "effect",
          "effect_type": "resisted",
          "raw_parts": [
            "-resisted",
            "p1a: Honchkrow"
          ]
        },
        {
          "seq": 2,
          "type": "damage",
          "target_uid": "p1-1",
          "amount": null,
          "hp_after": 0,
          "max_hp": null,
          "effectiveness": "neutral",
          "crit": false,
          "source": "move"
        },
        {
          "seq": 3,
          "type": "effect",
          "effect_type": "enditem",
          "raw_parts": [
            "-enditem",
            "p1a: Honchkrow",
            "Heavy-Duty Boots",
            "[from] move: Knock Off",
            "[of] p2a: Gliscor"
          ]
        },
        {
          "seq": 4,
          "type": "faint",
          "target_uid": "p1-1"
        },
        {
          "seq": 5,
          "type": "heal",
          "target_uid": "p2-1",
          "amount": null,
          "hp_after": 211,
          "max_hp": 239,
          "source": "unknown"
        },
        {
          "seq": 6,
          "type": "switch",
          "player": "p1",
          "pokemon_uid": "p1-3",
          "into_uid": "p1-3"
        }
      ],
      "state_after": {
        "sides": {
          "p1": {
            "active": [],
            "side_conditions": []
          },
          "p2": {
            "active": [],
            "side_conditions": []
          }
        },
        "field": {
          "global_conditions": [],
          "weather": null
        },
        "clocks": {
          "p1": 150,
          "p2": 150
        }
      }
    },
    {
      "turn_number": 12,
      "events": [
        {
          "seq": 0,
          "type": "switch",
          "player": "p2",
          "pokemon_uid": "p2-3",
          "into_uid": "p2-3"
        },
        {
          "seq": 1,
          "type": "move",
          "player": "p1",
          "pokemon_uid": "p1-3",
          "move_id": "iciclecrash",
          "target_uid": "p2-3"
        },
        {
          "seq": 2,
          "type": "effect",
          "effect_type": "crit",
          "raw_parts": [
            "-crit",
            "p2a: Ursaring"
          ]
        },
        {
          "seq": 3,
          "type": "damage",
          "target_uid": "p2-3",
          "amount": null,
          "hp_after": 140,
          "max_hp": 288,
          "effectiveness": "neutral",
          "crit": false,
          "source": "move"
        }
      ],
      "state_after": {
        "sides": {
          "p1": {
            "active": [],
            "side_conditions": []
          },
          "p2": {
            "active": [],
            "side_conditions": []
          }
        },
        "field": {
          "global_conditions": [],
          "weather": null
        },
        "clocks": {
          "p1": 150,
          "p2": 150
        }
      }
    },
    {
      "turn_number": 13,
      "events": [
        {
          "seq": 0,
          "type": "switch",
          "player": "p1",
          "pokemon_uid": "p1-4",
          "into_uid": "p1-4"
        },
        {
          "seq": 1,
          "type": "move",
          "player": "p2",
          "pokemon_uid": "p2-3",
          "move_id": "bodyslam",
          "target_uid": "p1-4"
        },
        {
          "seq": 2,
          "type": "damage",
          "target_uid": "p1-4",
          "amount": null,
          "hp_after": 62,
          "max_hp": 240,
          "effectiveness": "neutral",
          "crit": false,
          "source": "move"
        },
        {
          "seq": 3,
          "type": "status_start",
          "target_uid": "p1-4",
          "status": "par",
          "source": "unknown"
        }
      ],
      "state_after": {
        "sides": {
          "p1": {
            "active": [],
            "side_conditions": []
          },
          "p2": {
            "active": [],
            "side_conditions": []
          }
        },
        "field": {
          "global_conditions": [],
          "weather": null
        },
        "clocks": {
          "p1": 150,
          "p2": 150
        }
      }
    },
    {
      "turn_number": 14,
      "events": [
        {
          "seq": 0,
          "type": "move",
          "player": "p2",
          "pokemon_uid": "p2-3",
          "move_id": "bodyslam",
          "target_uid": "p1-4"
        },
        {
          "seq": 1,
          "type": "damage",
          "target_uid": "p1-4",
          "amount": null,
          "hp_after": 0,
          "max_hp": null,
          "effectiveness": "neutral",
          "crit": false,
          "source": "move"
        },
        {
          "seq": 2,
          "type": "faint",
          "target_uid": "p1-4"
        },
        {
          "seq": 3,
          "type": "switch",
          "player": "p1",
          "pokemon_uid": "p1-5",
          "into_uid": "p1-5"
        }
      ],
      "state_after": {
        "sides": {
          "p1": {
            "active": [],
            "side_conditions": []
          },
          "p2": {
            "active": [],
            "side_conditions": []
          }
        },
        "field": {
          "global_conditions": [],
          "weather": null
        },
        "clocks": {
          "p1": 150,
          "p2": 150
        }
      }
    },
    {
      "turn_number": 15,
      "events": [
        {
          "seq": 0,
          "type": "form_change",
          "target_uid": "p2-3",
          "mechanic": "terastallize",
          "tera_type": "Ghost"
        },
        {
          "seq": 1,
          "type": "move",
          "player": "p1",
          "pokemon_uid": "p1-5",
          "move_id": "hypervoice",
          "target_uid": "p2-3"
        },
        {
          "seq": 2,
          "type": "effect",
          "effect_type": "immune",
          "raw_parts": [
            "-immune",
            "p2a: Ursaring"
          ]
        },
        {
          "seq": 3,
          "type": "move",
          "player": "p2",
          "pokemon_uid": "p2-3",
          "move_id": "bodyslam",
          "target_uid": "p1-5"
        },
        {
          "seq": 4,
          "type": "damage",
          "target_uid": "p1-5",
          "amount": null,
          "hp_after": 168,
          "max_hp": 298,
          "effectiveness": "neutral",
          "crit": false,
          "source": "move"
        },
        {
          "seq": 5,
          "type": "status_start",
          "target_uid": "p1-5",
          "status": "par",
          "source": "unknown"
        }
      ],
      "state_after": {
        "sides": {
          "p1": {
            "active": [],
            "side_conditions": []
          },
          "p2": {
            "active": [],
            "side_conditions": []
          }
        },
        "field": {
          "global_conditions": [],
          "weather": null
        },
        "clocks": {
          "p1": 150,
          "p2": 150
        }
      }
    },
    {
      "turn_number": 16,
      "events": [
        {
          "seq": 0,
          "type": "move",
          "player": "p2",
          "pokemon_uid": "p2-3",
          "move_id": "bodyslam",
          "target_uid": "p1-5"
        },
        {
          "seq": 1,
          "type": "damage",
          "target_uid": "p1-5",
          "amount": null,
          "hp_after": 50,
          "max_hp": 298,
          "effectiveness": "neutral",
          "crit": false,
          "source": "move"
        },
        {
          "seq": 2,
          "type": "move",
          "player": "p1",
          "pokemon_uid": "p1-5",
          "move_id": "psyshock",
          "target_uid": "p2-3"
        },
        {
          "seq": 3,
          "type": "damage",
          "target_uid": "p2-3",
          "amount": null,
          "hp_after": 39,
          "max_hp": 288,
          "effectiveness": "neutral",
          "crit": false,
          "source": "move"
        },
        {
          "seq": 4,
          "type": "damage",
          "target_uid": "p1-5",
          "amount": null,
          "hp_after": 21,
          "max_hp": 298,
          "effectiveness": "neutral",
          "crit": false,
          "source": "move"
        }
      ],
      "state_after": {
        "sides": {
          "p1": {
            "active": [],
            "side_conditions": []
          },
          "p2": {
            "active": [],
            "side_conditions": []
          }
        },
        "field": {
          "global_conditions": [],
          "weather": null
        },
        "clocks": {
          "p1": 150,
          "p2": 150
        }
      }
    },
    {
      "turn_number": 17,
      "events": [
        {
          "seq": 0,
          "type": "move",
          "player": "p2",
          "pokemon_uid": "p2-3",
          "move_id": "rest",
          "target_uid": "p2-3"
        },
        {
          "seq": 1,
          "type": "status_start",
          "target_uid": "p2-3",
          "status": "slp",
          "source": "[from] move: Rest"
        },
        {
          "seq": 2,
          "type": "heal",
          "target_uid": "p2-3",
          "amount": null,
          "hp_after": 288,
          "max_hp": 288,
          "source": "unknown"
        },
        {
          "seq": 3,
          "type": "move",
          "player": "p1",
          "pokemon_uid": "p1-5",
          "move_id": "psyshock",
          "target_uid": "p2-3"
        },
        {
          "seq": 4,
          "type": "damage",
          "target_uid": "p2-3",
          "amount": null,
          "hp_after": 181,
          "max_hp": 288,
          "effectiveness": "neutral",
          "crit": false,
          "source": "move"
        },
        {
          "seq": 5,
          "type": "damage",
          "target_uid": "p1-5",
          "amount": null,
          "hp_after": 0,
          "max_hp": null,
          "effectiveness": "neutral",
          "crit": false,
          "source": "move"
        },
        {
          "seq": 6,
          "type": "faint",
          "target_uid": "p1-5"
        },
        {
          "seq": 7,
          "type": "switch",
          "player": "p1",
          "pokemon_uid": "p1-3",
          "into_uid": "p1-3"
        }
      ],
      "state_after": {
        "sides": {
          "p1": {
            "active": [],
            "side_conditions": []
          },
          "p2": {
            "active": [],
            "side_conditions": []
          }
        },
        "field": {
          "global_conditions": [],
          "weather": null
        },
        "clocks": {
          "p1": 150,
          "p2": 150
        }
      }
    },
    {
      "turn_number": 18,
      "events": [
        {
          "seq": 0,
          "type": "move",
          "player": "p1",
          "pokemon_uid": "p1-3",
          "move_id": "swordsdance",
          "target_uid": "p1-3"
        },
        {
          "seq": 1,
          "type": "stat_change",
          "target_uid": "p1-3",
          "stat": "atk",
          "amount": 2
        },
        {
          "seq": 2,
          "type": "move",
          "player": "p2",
          "pokemon_uid": "p2-3",
          "move_id": "sleeptalk",
          "target_uid": "p2-3"
        },
        {
          "seq": 3,
          "type": "move",
          "player": "p2",
          "pokemon_uid": "p2-3",
          "move_id": "earthquake",
          "target_uid": "p1-3"
        },
        {
          "seq": 4,
          "type": "damage",
          "target_uid": "p1-3",
          "amount": null,
          "hp_after": 183,
          "max_hp": 321,
          "effectiveness": "neutral",
          "crit": false,
          "source": "move"
        }
      ],
      "state_after": {
        "sides": {
          "p1": {
            "active": [],
            "side_conditions": []
          },
          "p2": {
            "active": [],
            "side_conditions": []
          }
        },
        "field": {
          "global_conditions": [],
          "weather": null
        },
        "clocks": {
          "p1": 150,
          "p2": 150
        }
      }
    },
    {
      "turn_number": 19,
      "events": [
        {
          "seq": 0,
          "type": "move",
          "player": "p1",
          "pokemon_uid": "p1-3",
          "move_id": "iciclecrash",
          "target_uid": "p2-3"
        },
        {
          "seq": 1,
          "type": "damage",
          "target_uid": "p2-3",
          "amount": null,
          "hp_after": 0,
          "max_hp": null,
          "effectiveness": "neutral",
          "crit": false,
          "source": "move"
        },
        {
          "seq": 2,
          "type": "faint",
          "target_uid": "p2-3"
        },
        {
          "seq": 3,
          "type": "switch",
          "player": "p2",
          "pokemon_uid": "p2-1",
          "into_uid": "p2-1"
        }
      ],
      "state_after": {
        "sides": {
          "p1": {
            "active": [],
            "side_conditions": []
          },
          "p2": {
            "active": [],
            "side_conditions": []
          }
        },
        "field": {
          "global_conditions": [],
          "weather": null
        },
        "clocks": {
          "p1": 150,
          "p2": 150
        }
      }
    },
    {
      "turn_number": 20,
      "events": [
        {
          "seq": 0,
          "type": "form_change",
          "target_uid": "p1-3",
          "mechanic": "terastallize",
          "tera_type": "Ground"
        },
        {
          "seq": 1,
          "type": "move",
          "player": "p2",
          "pokemon_uid": "p2-1",
          "move_id": "earthquake",
          "target_uid": "p1-3"
        },
        {
          "seq": 2,
          "type": "damage",
          "target_uid": "p1-3",
          "amount": null,
          "hp_after": 92,
          "max_hp": 321,
          "effectiveness": "neutral",
          "crit": false,
          "source": "move"
        },
        {
          "seq": 3,
          "type": "move",
          "player": "p1",
          "pokemon_uid": "p1-3",
          "move_id": "iciclecrash",
          "target_uid": "p2-1"
        },
        {
          "seq": 4,
          "type": "effect",
          "effect_type": "supereffective",
          "raw_parts": [
            "-supereffective",
            "p2a: Gliscor"
          ]
        },
        {
          "seq": 5,
          "type": "damage",
          "target_uid": "p2-1",
          "amount": null,
          "hp_after": 0,
          "max_hp": null,
          "effectiveness": "neutral",
          "crit": false,
          "source": "move"
        },
        {
          "seq": 6,
          "type": "faint",
          "target_uid": "p2-1"
        },
        {
          "seq": 7,
          "type": "switch",
          "player": "p2",
          "pokemon_uid": "p2-4",
          "into_uid": "p2-4"
        }
      ],
      "state_after": {
        "sides": {
          "p1": {
            "active": [],
            "side_conditions": []
          },
          "p2": {
            "active": [],
            "side_conditions": []
          }
        },
        "field": {
          "global_conditions": [],
          "weather": null
        },
        "clocks": {
          "p1": 150,
          "p2": 150
        }
      }
    },
    {
      "turn_number": 21,
      "events": [
        {
          "seq": 0,
          "type": "move",
          "player": "p2",
          "pokemon_uid": "p2-4",
          "move_id": "psyshock",
          "target_uid": "p1-3"
        },
        {
          "seq": 1,
          "type": "damage",
          "target_uid": "p1-3",
          "amount": null,
          "hp_after": 0,
          "max_hp": null,
          "effectiveness": "neutral",
          "crit": false,
          "source": "move"
        },
        {
          "seq": 2,
          "type": "faint",
          "target_uid": "p1-3"
        }
      ],
      "state_after": {
        "sides": {
          "p1": {
            "active": [],
            "side_conditions": []
          },
          "p2": {
            "active": [],
            "side_conditions": []
          }
        },
        "field": {
          "global_conditions": [],
          "weather": null
        },
        "clocks": {
          "p1": 150,
          "p2": 150
        }
      }
    }
  ],
  "summary": {
    "pokemon_used": {
      "p1": [
        "p1-0",
        "p1-1",
        "p1-2",
        "p1-3",
        "p1-4",
        "p1-5"
      ],
      "p2": [
        "p2-0",
        "p2-1",
        "p2-2",
        "p2-3",
        "p2-4"
      ]
    },
    "fainted_order": {
      "p1": [],
      "p2": []
    },
    "major_events": null
  },
  "integrity": {
    "validated": true,
    "issues": [],
    "sha256_raw_log": "7e7604e4e5d27f7b0aeccd5e1464b9f4",
    "generation_time_ms": 0
  }
}