{
  "schema_version": "1.0.0",
  "battle_id": "gen9randombattle-2390533816",
  "format_id": "gen9randombattle",
  "metadata": {
    "timestamp_unix": 1750725535,
    "total_turns": 11,
    "outcome": {
      "result": "win",
      "winner": "p1",
      "reason": "all_fainted"
    }
  },
  "players": {
    "p1": {
      "name": "buuuuust",
      "ladder_rating_pre": 1457,
      "ladder_rating_change": null
    },
    "p2": {
      "name": "bigpotatosmurf",
      "ladder_rating_pre": 1440,
      "ladder_rating_change": null
    }
  },
  "team_revelation": {
    "format_type": "random_battle",
    "revelation_pattern": "progressive",
    "teams_fully_revealed": false,
    "teams": {
      "p1": [
        {
          "pokemon_uid": "p1-0",
          "species": "Porygon",
          "nickname": "Porygon-Z",
          "level": 83,
          "gender": null,
          "first_seen_turn": 1,
          "revelation_status": "partially_revealed",
          "known_ability": null,
          "known_item": null,
          "known_tera_type": null,
          "base_stats": {
            "hp": 277,
            "attack": null,
            "defense": null,
            "sp_attack": null,
            "sp_defense": null,
            "speed": null
          },
          "known_moves": [],
          "unknown_move_slots": 4
        },
        {
          "pokemon_uid": "p1-1",
          "species": "Golurk",
          "nickname": null,
          "level": 87,
          "gender": null,
          "first_seen_turn": 1,
          "revelation_status": "partially_revealed",
          "known_ability": null,
          "known_item": null,
          "known_tera_type": null,
          "base_stats": {
            "hp": 297,
            "attack": null,
            "defense": null,
            "sp_attack": null,
            "sp_defense": null,
            "speed": null
          },
          "known_moves": [],
          "unknown_move_slots": 4
        },
        {
          "pokemon_uid": "p1-2",
          "species": "Froslass",
          "nickname": null,
          "level": 87,
          "gender": "F",
          "first_seen_turn": 1,
          "revelation_status": "partially_revealed",
          "known_ability": null,
          "known_item": null,
          "known_tera_type": null,
          "base_stats": {
            "hp": 263,
            "attack": null,
            "defense": null,
            "sp_attack": null,
            "sp_defense": null,
            "speed": null
          },
          "known_moves": [],
          "unknown_move_slots": 4
        }
      ],
      "p2": [
        {
          "pokemon_uid": "p2-0",
          "species": "Iron Thorns",
          "nickname": null,
          "level": 83,
          "gender": null,
          "first_seen_turn": 1,
          "revelation_status": "partially_revealed",
          "known_ability": null,
          "known_item": null,
          "known_tera_type": null,
          "base_stats": {
            "hp": 302,
            "attack": null,
            "defense": null,
            "sp_attack": null,
            "sp_defense": null,
            "speed": null
          },
          "known_moves": [],
          "unknown_move_slots": 4
        },
        {
          "pokemon_uid": "p2-1",
          "species": "Zarude",
          "nickname": null,
          "level": 77,
          "gender": null,
          "first_seen_turn": 1,
          "revelation_status": "partially_revealed",
          "known_ability": null,
          "known_item": null,
          "known_tera_type": null,
          "base_stats": {
            "hp": 288,
            "attack": null,
            "defense": null,
            "sp_attack": null,
            "sp_defense": null,
            "speed": null
          },
          "known_moves": [],
          "unknown_move_slots": 4
        },
        {
          "pokemon_uid": "p2-2",
          "species": "Giratina",
          "nickname": null,
          "level": 75,
          "gender": null,
          "first_seen_turn": 1,
          "revelation_status": "partially_revealed",
          "known_ability": null,
          "known_item": null,
          "known_tera_type": null,
          "base_stats": {
            "hp": 349,
            "attack": null,
            "defense": null,
            "sp_attack": null,
            "sp_defense": null,
            "speed": null
          },
          "known_moves": [],
          "unknown_move_slots": 4
        },
        {
          "pokemon_uid": "p2-3",
          "species": "Overqwil",
          "nickname": null,
          "level": 82,
          "gender": "F",
          "first_seen_turn": 1,
          "revelation_status": "partially_revealed",
          "known_ability": null,
          "known_item": null,
          "known_tera_type": null,
          "base_stats": {
            "hp": 274,
            "attack": null,
            "defense": null,
            "sp_attack": null,
            "sp_defense": null,
            "speed": null
          },
          "known_moves": [],
          "unknown_move_slots": 4
        }
      ]
    },
    "team_size": {
      "p1": {
        "known": 3,
        "assumed_total": 6,
        "confirmed": false
      },
      "p2": {
        "known": 4,
        "assumed_total": 6,
        "confirmed": false
      }
    }
  },
  "turns": [
    {
      "turn_number": 1,
      "events": [
        {
          "seq": 0,
          "type": "switch",
          "player": "p1",
          "pokemon_uid": "p1-1",
          "into_uid": "p1-1"
        },
        {
          "seq": 1,
          "type": "move",
          "player": "p2",
          "pokemon_uid": "p2-0",
          "move_id": "spikes",
          "target_uid": "p1-1"
        },
        {
          "seq": 2,
          "type": "effect",
          "effect_type": "sidestart",
          "raw_parts": [
            "-sidestart",
            "p1: buuuuust",
            "Spikes"
          ]
        }
      ],
      "state_after": {
        "sides": {
          "p1": {
            "active": [],
            "side_conditions": []
          },
          "p2": {
            "active": [],
            "side_conditions": []
          }
        },
        "field": {
          "global_conditions": [],
          "weather": null
        },
        "clocks": {
          "p1": 150,
          "p2": 150
        }
      }
    },
    {
      "turn_number": 2,
      "events": [
        {
          "seq": 0,
          "type": "effect",
          "effect_type": "end",
          "raw_parts": [
            "-end",
            "p2a: Iron Thorns",
            "Quark Drive",
            "[silent]"
          ]
        },
        {
          "seq": 1,
          "type": "switch",
          "player": "p2",
          "pokemon_uid": "p2-1",
          "into_uid": "p2-1"
        },
        {
          "seq": 2,
          "type": "move",
          "player": "p1",
          "pokemon_uid": "p1-1",
          "move_id": "dynamicpunch",
          "target_uid": "p2-1"
        },
        {
          "seq": 3,
          "type": "effect",
          "effect_type": "supereffective",
          "raw_parts": [
            "-supereffective",
            "p2a: Zarude"
          ]
        },
        {
          "seq": 4,
          "type": "damage",
          "target_uid": "p2-1",
          "amount": null,
          "hp_after": 24,
          "max_hp": 288,
          "effectiveness": "neutral",
          "crit": false,
          "source": "move"
        },
        {
          "seq": 5,
          "type": "effect",
          "effect_type": "start",
          "raw_parts": [
            "-start",
            "p2a: Zarude",
            "confusion"
          ]
        },
        {
          "seq": 6,
          "type": "heal",
          "target_uid": "p2-1",
          "amount": null,
          "hp_after": 42,
          "max_hp": 288,
          "source": "unknown"
        }
      ],
      "state_after": {
        "sides": {
          "p1": {
            "active": [],
            "side_conditions": []
          },
          "p2": {
            "active": [],
            "side_conditions": []
          }
        },
        "field": {
          "global_conditions": [],
          "weather": null
        },
        "clocks": {
          "p1": 150,
          "p2": 150
        }
      }
    },
    {
      "turn_number": 3,
      "events": [
        {
          "seq": 0,
          "type": "switch",
          "player": "p1",
          "pokemon_uid": "p1-0",
          "into_uid": "p1-0"
        },
        {
          "seq": 1,
          "type": "damage",
          "target_uid": "p1-0",
          "amount": null,
          "hp_after": 243,
          "max_hp": 277,
          "effectiveness": "neutral",
          "crit": false,
          "source": "move"
        },
        {
          "seq": 2,
          "type": "effect",
          "effect_type": "activate",
          "raw_parts": [
            "-activate",
            "p2a: Zarude",
            "confusion"
          ]
        },
        {
          "seq": 3,
          "type": "damage",
          "target_uid": "p2-1",
          "amount": null,
          "hp_after": 16,
          "max_hp": 288,
          "effectiveness": "neutral",
          "crit": false,
          "source": "move"
        },
        {
          "seq": 4,
          "type": "heal",
          "target_uid": "p2-1",
          "amount": null,
          "hp_after": 34,
          "max_hp": 288,
          "source": "unknown"
        }
      ],
      "state_after": {
        "sides": {
          "p1": {
            "active": [],
            "side_conditions": []
          },
          "p2": {
            "active": [],
            "side_conditions": []
          }
        },
        "field": {
          "global_conditions": [],
          "weather": null
        },
        "clocks": {
          "p1": 150,
          "p2": 150
        }
      }
    },
    {
      "turn_number": 4,
      "events": [
        {
          "seq": 0,
          "type": "switch",
          "player": "p2",
          "pokemon_uid": "p2-2",
          "into_uid": "p2-2"
        },
        {
          "seq": 1,
          "type": "effect",
          "effect_type": "ability",
          "raw_parts": [
            "-ability",
            "p2a: Giratina",
            "Pressure"
          ]
        },
        {
          "seq": 2,
          "type": "move",
          "player": "p1",
          "pokemon_uid": "p1-0",
          "move_id": "triattack",
          "target_uid": "p2-2"
        },
        {
          "seq": 3,
          "type": "effect",
          "effect_type": "immune",
          "raw_parts": [
            "-immune",
            "p2a: Giratina"
          ]
        }
      ],
      "state_after": {
        "sides": {
          "p1": {
            "active": [],
            "side_conditions": []
          },
          "p2": {
            "active": [],
            "side_conditions": []
          }
        },
        "field": {
          "global_conditions": [],
          "weather": null
        },
        "clocks": {
          "p1": 150,
          "p2": 150
        }
      }
    },
    {
      "turn_number": 5,
      "events": [
        {
          "seq": 0,
          "type": "switch",
          "player": "p1",
          "pokemon_uid": "p1-2",
          "into_uid": "p1-2"
        },
        {
          "seq": 1,
          "type": "damage",
          "target_uid": "p1-2",
          "amount": null,
          "hp_after": 231,
          "max_hp": 263,
          "effectiveness": "neutral",
          "crit": false,
          "source": "move"
        },
        {
          "seq": 2,
          "type": "move",
          "player": "p2",
          "pokemon_uid": "p2-2",
          "move_id": "shadowball",
          "target_uid": "p1-2"
        },
        {
          "seq": 3,
          "type": "effect",
          "effect_type": "supereffective",
          "raw_parts": [
            "-supereffective",
            "p1a: Froslass"
          ]
        },
        {
          "seq": 4,
          "type": "damage",
          "target_uid": "p1-2",
          "amount": null,
          "hp_after": 63,
          "max_hp": 263,
          "effectiveness": "neutral",
          "crit": false,
          "source": "move"
        }
      ],
      "state_after": {
        "sides": {
          "p1": {
            "active": [],
            "side_conditions": []
          },
          "p2": {
            "active": [],
            "side_conditions": []
          }
        },
        "field": {
          "global_conditions": [],
          "weather": null
        },
        "clocks": {
          "p1": 150,
          "p2": 150
        }
      }
    },
    {
      "turn_number": 6,
      "events": [
        {
          "seq": 0,
          "type": "move",
          "player": "p1",
          "pokemon_uid": "p1-2",
          "move_id": "tripleaxel",
          "target_uid": "p2-2"
        },
        {
          "seq": 1,
          "type": "effect",
          "effect_type": "supereffective",
          "raw_parts": [
            "-supereffective",
            "p2a: Giratina"
          ]
        },
        {
          "seq": 2,
          "type": "damage",
          "target_uid": "p2-2",
          "amount": null,
          "hp_after": 313,
          "max_hp": 349,
          "effectiveness": "neutral",
          "crit": false,
          "source": "move"
        },
        {
          "seq": 3,
          "type": "effect",
          "effect_type": "supereffective",
          "raw_parts": [
            "-supereffective",
            "p2a: Giratina"
          ]
        },
        {
          "seq": 4,
          "type": "damage",
          "target_uid": "p2-2",
          "amount": null,
          "hp_after": 241,
          "max_hp": 349,
          "effectiveness": "neutral",
          "crit": false,
          "source": "move"
        },
        {
          "seq": 5,
          "type": "effect",
          "effect_type": "supereffective",
          "raw_parts": [
            "-supereffective",
            "p2a: Giratina"
          ]
        },
        {
          "seq": 6,
          "type": "damage",
          "target_uid": "p2-2",
          "amount": null,
          "hp_after": 133,
          "max_hp": 349,
          "effectiveness": "neutral",
          "crit": false,
          "source": "move"
        },
        {
          "seq": 7,
          "type": "effect",
          "effect_type": "hitcount",
          "raw_parts": [
            "-hitcount",
            "p2a: Giratina",
            "3"
          ]
        },
        {
          "seq": 8,
          "type": "move",
          "player": "p2",
          "pokemon_uid": "p2-2",
          "move_id": "will-o-wisp",
          "target_uid": "p1-2"
        },
        {
          "seq": 9,
          "type": "status_start",
          "target_uid": "p1-2",
          "status": "brn",
          "source": "unknown"
        },
        {
          "seq": 10,
          "type": "heal",
          "target_uid": "p2-2",
          "amount": null,
          "hp_after": 154,
          "max_hp": 349,
          "source": "unknown"
        },
        {
          "seq": 11,
          "type": "damage",
          "target_uid": "p1-2",
          "amount": null,
          "hp_after": 47,
          "max_hp": 263,
          "effectiveness": "neutral",
          "crit": false,
          "source": "move"
        }
      ],
      "state_after": {
        "sides": {
          "p1": {
            "active": [],
            "side_conditions": []
          },
          "p2": {
            "active": [],
            "side_conditions": []
          }
        },
        "field": {
          "global_conditions": [],
          "weather": null
        },
        "clocks": {
          "p1": 150,
          "p2": 150
        }
      }
    },
    {
      "turn_number": 7,
      "events": [
        {
          "seq": 0,
          "type": "switch",
          "player": "p2",
          "pokemon_uid": "p2-3",
          "into_uid": "p2-3"
        },
        {
          "seq": 1,
          "type": "effect",
          "effect_type": "ability",
          "raw_parts": [
            "-ability",
            "p2a: Overqwil",
            "Intimidate",
            "boost"
          ]
        },
        {
          "seq": 2,
          "type": "stat_change",
          "target_uid": "p1-2",
          "stat": "atk",
          "amount": -1
        },
        {
          "seq": 3,
          "type": "move",
          "player": "p1",
          "pokemon_uid": "p1-2",
          "move_id": "will-o-wisp",
          "target_uid": "p2-3"
        },
        {
          "seq": 4,
          "type": "status_start",
          "target_uid": "p2-3",
          "status": "brn",
          "source": "unknown"
        },
        {
          "seq": 5,
          "type": "damage",
          "target_uid": "p1-2",
          "amount": null,
          "hp_after": 31,
          "max_hp": 263,
          "effectiveness": "neutral",
          "crit": false,
          "source": "move"
        },
        {
          "seq": 6,
          "type": "damage",
          "target_uid": "p2-3",
          "amount": null,
          "hp_after": 257,
          "max_hp": 274,
          "effectiveness": "neutral",
          "crit": false,
          "source": "move"
        }
      ],
      "state_after": {
        "sides": {
          "p1": {
            "active": [],
            "side_conditions": []
          },
          "p2": {
            "active": [],
            "side_conditions": []
          }
        },
        "field": {
          "global_conditions": [],
          "weather": null
        },
        "clocks": {
          "p1": 150,
          "p2": 150
        }
      }
    },
    {
      "turn_number": 8,
      "events": [
        {
          "seq": 0,
          "type": "move",
          "player": "p1",
          "pokemon_uid": "p1-2",
          "move_id": "taunt",
          "target_uid": "p2-3"
        },
        {
          "seq": 1,
          "type": "effect",
          "effect_type": "start",
          "raw_parts": [
            "-start",
            "p2a: Overqwil",
            "move: Taunt"
          ]
        },
        {
          "seq": 2,
          "type": "damage",
          "target_uid": "p1-2",
          "amount": null,
          "hp_after": 15,
          "max_hp": 263,
          "effectiveness": "neutral",
          "crit": false,
          "source": "move"
        },
        {
          "seq": 3,
          "type": "damage",
          "target_uid": "p2-3",
          "amount": null,
          "hp_after": 240,
          "max_hp": 274,
          "effectiveness": "neutral",
          "crit": false,
          "source": "move"
        }
      ],
      "state_after": {
        "sides": {
          "p1": {
            "active": [],
            "side_conditions": []
          },
          "p2": {
            "active": [],
            "side_conditions": []
          }
        },
        "field": {
          "global_conditions": [],
          "weather": null
        },
        "clocks": {
          "p1": 150,
          "p2": 150
        }
      }
    },
    {
      "turn_number": 9,
      "events": [
        {
          "seq": 0,
          "type": "switch",
          "player": "p2",
          "pokemon_uid": "p2-2",
          "into_uid": "p2-2"
        },
        {
          "seq": 1,
          "type": "effect",
          "effect_type": "ability",
          "raw_parts": [
            "-ability",
            "p2a: Giratina",
            "Pressure"
          ]
        },
        {
          "seq": 2,
          "type": "move",
          "player": "p1",
          "pokemon_uid": "p1-2",
          "move_id": "tripleaxel",
          "target_uid": "p2-2"
        },
        {
          "seq": 3,
          "type": "effect",
          "effect_type": "supereffective",
          "raw_parts": [
            "-supereffective",
            "p2a: Giratina"
          ]
        },
        {
          "seq": 4,
          "type": "damage",
          "target_uid": "p2-2",
          "amount": null,
          "hp_after": 141,
          "max_hp": 349,
          "effectiveness": "neutral",
          "crit": false,
          "source": "move"
        },
        {
          "seq": 5,
          "type": "effect",
          "effect_type": "supereffective",
          "raw_parts": [
            "-supereffective",
            "p2a: Giratina"
          ]
        },
        {
          "seq": 6,
          "type": "damage",
          "target_uid": "p2-2",
          "amount": null,
          "hp_after": 119,
          "max_hp": 349,
          "effectiveness": "neutral",
          "crit": false,
          "source": "move"
        },
        {
          "seq": 7,
          "type": "effect",
          "effect_type": "supereffective",
          "raw_parts": [
            "-supereffective",
            "p2a: Giratina"
          ]
        },
        {
          "seq": 8,
          "type": "damage",
          "target_uid": "p2-2",
          "amount": null,
          "hp_after": 86,
          "max_hp": 349,
          "effectiveness": "neutral",
          "crit": false,
          "source": "move"
        },
        {
          "seq": 9,
          "type": "effect",
          "effect_type": "hitcount",
          "raw_parts": [
            "-hitcount",
            "p2a: Giratina",
            "3"
          ]
        },
        {
          "seq": 10,
          "type": "heal",
          "target_uid": "p2-2",
          "amount": null,
          "hp_after": 107,
          "max_hp": 349,
          "source": "unknown"
        },
        {
          "seq": 11,
          "type": "damage",
          "target_uid": "p1-2",
          "amount": null,
          "hp_after": 0,
          "max_hp": null,
          "effectiveness": "neutral",
          "crit": false,
          "source": "move"
        },
        {
          "seq": 12,
          "type": "faint",
          "target_uid": "p1-2"
        },
        {
          "seq": 13,
          "type": "switch",
          "player": "p1",
          "pokemon_uid": "p1-0",
          "into_uid": "p1-0"
        },
        {
          "seq": 14,
          "type": "damage",
          "target_uid": "p1-0",
          "amount": null,
          "hp_after": 209,
          "max_hp": 277,
          "effectiveness": "neutral",
          "crit": false,
          "source": "move"
        }
      ],
      "state_after": {
        "sides": {
          "p1": {
            "active": [],
            "side_conditions": []
          },
          "p2": {
            "active": [],
            "side_conditions": []
          }
        },
        "field": {
          "global_conditions": [],
          "weather": null
        },
        "clocks": {
          "p1": 150,
          "p2": 150
        }
      }
    },
    {
      "turn_number": 10,
      "events": [
        {
          "seq": 0,
          "type": "form_change",
          "target_uid": "p2-2",
          "mechanic": "terastallize",
          "tera_type": "Fairy"
        },
        {
          "seq": 1,
          "type": "move",
          "player": "p1",
          "pokemon_uid": "p1-0",
          "move_id": "trick",
          "target_uid": "p2-2"
        },
        {
          "seq": 2,
          "type": "effect",
          "effect_type": "activate",
          "raw_parts": [
            "-activate",
            "p1a: Porygon-Z",
            "move: Trick",
            "[of] p2a: Giratina"
          ]
        },
        {
          "seq": 3,
          "type": "effect",
          "effect_type": "item",
          "raw_parts": [
            "-item",
            "p2a: Giratina",
            "Choice Scarf",
            "[from] move: Trick"
          ]
        },
        {
          "seq": 4,
          "type": "effect",
          "effect_type": "item",
          "raw_parts": [
            "-item",
            "p1a: Porygon-Z",
            "Leftovers",
            "[from] move: Trick"
          ]
        },
        {
          "seq": 5,
          "type": "move",
          "player": "p2",
          "pokemon_uid": "p2-2",
          "move_id": "rest",
          "target_uid": "p2-2"
        },
        {
          "seq": 6,
          "type": "status_start",
          "target_uid": "p2-2",
          "status": "slp",
          "source": "[from] move: Rest"
        },
        {
          "seq": 7,
          "type": "heal",
          "target_uid": "p2-2",
          "amount": null,
          "hp_after": 349,
          "max_hp": 349,
          "source": "unknown"
        },
        {
          "seq": 8,
          "type": "heal",
          "target_uid": "p1-0",
          "amount": null,
          "hp_after": 226,
          "max_hp": 277,
          "source": "unknown"
        }
      ],
      "state_after": {
        "sides": {
          "p1": {
            "active": [],
            "side_conditions": []
          },
          "p2": {
            "active": [],
            "side_conditions": []
          }
        },
        "field": {
          "global_conditions": [],
          "weather": null
        },
        "clocks": {
          "p1": 150,
          "p2": 150
        }
      }
    },
    {
      "turn_number": 11,
      "events": [
        {
          "seq": 0,
          "type": "switch",
          "player": "p2",
          "pokemon_uid": "p2-3",
          "into_uid": "p2-3"
        },
        {
          "seq": 1,
          "type": "effect",
          "effect_type": "ability",
          "raw_parts": [
            "-ability",
            "p2a: Overqwil",
            "Intimidate",
            "boost"
          ]
        },
        {
          "seq": 2,
          "type": "stat_change",
          "target_uid": "p1-0",
          "stat": "atk",
          "amount": -1
        },
        {
          "seq": 3,
          "type": "move",
          "player": "p1",
          "pokemon_uid": "p1-0",
          "move_id": "triattack",
          "target_uid": "p2-3"
        },
        {
          "seq": 4,
          "type": "effect",
          "effect_type": "crit",
          "raw_parts": [
            "-crit",
            "p2a: Overqwil"
          ]
        },
        {
          "seq": 5,
          "type": "damage",
          "target_uid": "p2-3",
          "amount": null,
          "hp_after": 0,
          "max_hp": null,
          "effectiveness": "neutral",
          "crit": false,
          "source": "move"
        },
        {
          "seq": 6,
          "type": "faint",
          "target_uid": "p2-3"
        },
        {
          "seq": 7,
          "type": "heal",
          "target_uid": "p1-0",
          "amount": null,
          "hp_after": 243,
          "max_hp": 277,
          "source": "unknown"
        },
        {
          "seq": 8,
          "type": "effect",
          "effect_type": "message",
          "raw_parts": [
            "-message",
            "bigpotatosmurf forfeited."
          ]
        }
      ],
      "state_after": {
        "sides": {
          "p1": {
            "active": [],
            "side_conditions": []
          },
          "p2": {
            "active": [],
            "side_conditions": []
          }
        },
        "field": {
          "global_conditions": [],
          "weather": null
        },
        "clocks": {
          "p1": 150,
          "p2": 150
        }
      }
    }
  ],
  "summary": {
    "pokemon_used": {
      "p1": [
        "p1-0",
        "p1-1",
        "p1-2"
      ],
      "p2": [
        "p2-0",
        "p2-1",
        "p2-2",
        "p2-3"
      ]
    },
    "fainted_order": {
      "p1": [],
      "p2": []
    },
    "major_events": null
  },
  "integrity": {
    "validated": true,
    "issues": [],
    "sha256_raw_log": "6a5d0c210d64ab954307eb5007cf3b21",
    "generation_time_ms": 0
  }
}