{
  "schema_version": "1.0.0",
  "battle_id": "gen9randombattle-2390681358",
  "format_id": "gen9randombattle",
  "metadata": {
    "timestamp_unix": 1750749059,
    "total_turns": 18,
    "outcome": {
      "result": "win",
      "winner": "p2",
      "reason": "all_fainted"
    }
  },
  "players": {
    "p1": {
      "name": "lolimdabeast",
      "ladder_rating_pre": 2001,
      "ladder_rating_change": null
    },
    "p2": {
      "name": "migmf",
      "ladder_rating_pre": 1976,
      "ladder_rating_change": null
    }
  },
  "team_revelation": {
    "format_type": "random_battle",
    "revelation_pattern": "progressive",
    "teams_fully_revealed": false,
    "teams": {
      "p1": [
        {
          "pokemon_uid": "p1-0",
          "species": "Torterra",
          "nickname": null,
          "level": 78,
          "gender": "M",
          "first_seen_turn": 1,
          "revelation_status": "partially_revealed",
          "known_ability": null,
          "known_item": null,
          "known_tera_type": null,
          "base_stats": {
            "hp": 276,
            "attack": null,
            "defense": null,
            "sp_attack": null,
            "sp_defense": null,
            "speed": null
          },
          "known_moves": [],
          "unknown_move_slots": 4
        },
        {
          "pokemon_uid": "p1-1",
          "species": "Toxicroak",
          "nickname": null,
          "level": 84,
          "gender": "M",
          "first_seen_turn": 1,
          "revelation_status": "partially_revealed",
          "known_ability": null,
          "known_item": null,
          "known_tera_type": null,
          "base_stats": {
            "hp": 277,
            "attack": null,
            "defense": null,
            "sp_attack": null,
            "sp_defense": null,
            "speed": null
          },
          "known_moves": [],
          "unknown_move_slots": 4
        },
        {
          "pokemon_uid": "p1-2",
          "species": "Sableye",
          "nickname": null,
          "level": 88,
          "gender": "M",
          "first_seen_turn": 1,
          "revelation_status": "partially_revealed",
          "known_ability": null,
          "known_item": null,
          "known_tera_type": null,
          "base_stats": {
            "hp": 231,
            "attack": null,
            "defense": null,
            "sp_attack": null,
            "sp_defense": null,
            "speed": null
          },
          "known_moves": [],
          "unknown_move_slots": 4
        },
        {
          "pokemon_uid": "p1-3",
          "species": "Seviper",
          "nickname": null,
          "level": 93,
          "gender": "F",
          "first_seen_turn": 1,
          "revelation_status": "partially_revealed",
          "known_ability": null,
          "known_item": null,
          "known_tera_type": null,
          "base_stats": {
            "hp": 287,
            "attack": null,
            "defense": null,
            "sp_attack": null,
            "sp_defense": null,
            "speed": null
          },
          "known_moves": [],
          "unknown_move_slots": 4
        },
        {
          "pokemon_uid": "p1-4",
          "species": "Bellibolt",
          "nickname": null,
          "level": 84,
          "gender": "M",
          "first_seen_turn": 1,
          "revelation_status": "partially_revealed",
          "known_ability": null,
          "known_item": null,
          "known_tera_type": null,
          "base_stats": {
            "hp": 320,
            "attack": null,
            "defense": null,
            "sp_attack": null,
            "sp_defense": null,
            "speed": null
          },
          "known_moves": [],
          "unknown_move_slots": 4
        },
        {
          "pokemon_uid": "p1-5",
          "species": "Kyogre",
          "nickname": null,
          "level": 71,
          "gender": null,
          "first_seen_turn": 1,
          "revelation_status": "partially_revealed",
          "known_ability": null,
          "known_item": null,
          "known_tera_type": null,
          "base_stats": {
            "hp": 259,
            "attack": null,
            "defense": null,
            "sp_attack": null,
            "sp_defense": null,
            "speed": null
          },
          "known_moves": [],
          "unknown_move_slots": 4
        }
      ],
      "p2": [
        {
          "pokemon_uid": "p2-0",
          "species": "Cacturne",
          "nickname": null,
          "level": 92,
          "gender": "F",
          "first_seen_turn": 1,
          "revelation_status": "partially_revealed",
          "known_ability": null,
          "known_item": null,
          "known_tera_type": null,
          "base_stats": {
            "hp": 278,
            "attack": null,
            "defense": null,
            "sp_attack": null,
            "sp_defense": null,
            "speed": null
          },
          "known_moves": [],
          "unknown_move_slots": 4
        },
        {
          "pokemon_uid": "p2-1",
          "species": "Mesprit",
          "nickname": null,
          "level": 85,
          "gender": null,
          "first_seen_turn": 1,
          "revelation_status": "partially_revealed",
          "known_ability": null,
          "known_item": null,
          "known_tera_type": null,
          "base_stats": {
            "hp": 275,
            "attack": null,
            "defense": null,
            "sp_attack": null,
            "sp_defense": null,
            "speed": null
          },
          "known_moves": [],
          "unknown_move_slots": 4
        },
        {
          "pokemon_uid": "p2-2",
          "species": "Flamigo",
          "nickname": null,
          "level": 82,
          "gender": "F",
          "first_seen_turn": 1,
          "revelation_status": "partially_revealed",
          "known_ability": null,
          "known_item": null,
          "known_tera_type": null,
          "base_stats": {
            "hp": 269,
            "attack": null,
            "defense": null,
            "sp_attack": null,
            "sp_defense": null,
            "speed": null
          },
          "known_moves": [],
          "unknown_move_slots": 4
        },
        {
          "pokemon_uid": "p2-3",
          "species": "Ribombee",
          "nickname": null,
          "level": 83,
          "gender": "F",
          "first_seen_turn": 1,
          "revelation_status": "partially_revealed",
          "known_ability": null,
          "known_item": null,
          "known_tera_type": null,
          "base_stats": {
            "hp": 235,
            "attack": null,
            "defense": null,
            "sp_attack": null,
            "sp_defense": null,
            "speed": null
          },
          "known_moves": [],
          "unknown_move_slots": 4
        },
        {
          "pokemon_uid": "p2-4",
          "species": "Rotom",
          "nickname": null,
          "level": 87,
          "gender": null,
          "first_seen_turn": 1,
          "revelation_status": "partially_revealed",
          "known_ability": null,
          "known_item": null,
          "known_tera_type": null,
          "base_stats": {
            "hp": 229,
            "attack": null,
            "defense": null,
            "sp_attack": null,
            "sp_defense": null,
            "speed": null
          },
          "known_moves": [],
          "unknown_move_slots": 4
        }
      ]
    },
    "team_size": {
      "p1": {
        "known": 6,
        "assumed_total": 6,
        "confirmed": false
      },
      "p2": {
        "known": 5,
        "assumed_total": 6,
        "confirmed": false
      }
    }
  },
  "turns": [
    {
      "turn_number": 1,
      "events": [
        {
          "seq": 0,
          "type": "switch",
          "player": "p1",
          "pokemon_uid": "p1-1",
          "into_uid": "p1-1"
        },
        {
          "seq": 1,
          "type": "move",
          "player": "p2",
          "pokemon_uid": "p2-0",
          "move_id": "knockoff",
          "target_uid": "p1-1"
        },
        {
          "seq": 2,
          "type": "effect",
          "effect_type": "resisted",
          "raw_parts": [
            "-resisted",
            "p1a: Toxicroak"
          ]
        },
        {
          "seq": 3,
          "type": "damage",
          "target_uid": "p1-1",
          "amount": null,
          "hp_after": 174,
          "max_hp": 277,
          "effectiveness": "neutral",
          "crit": false,
          "source": "move"
        },
        {
          "seq": 4,
          "type": "effect",
          "effect_type": "enditem",
          "raw_parts": [
            "-enditem",
            "p1a: Toxicroak",
            "Life Orb",
            "[from] move: Knock Off",
            "[of] p2a: Cacturne"
          ]
        },
        {
          "seq": 5,
          "type": "damage",
          "target_uid": "p2-0",
          "amount": null,
          "hp_after": 251,
          "max_hp": 278,
          "effectiveness": "neutral",
          "crit": false,
          "source": "move"
        }
      ],
      "state_after": {
        "sides": {
          "p1": {
            "active": [],
            "side_conditions": []
          },
          "p2": {
            "active": [],
            "side_conditions": []
          }
        },
        "field": {
          "global_conditions": [],
          "weather": null
        },
        "clocks": {
          "p1": 150,
          "p2": 150
        }
      }
    },
    {
      "turn_number": 2,
      "events": [
        {
          "seq": 0,
          "type": "switch",
          "player": "p2",
          "pokemon_uid": "p2-1",
          "into_uid": "p2-1"
        },
        {
          "seq": 1,
          "type": "move",
          "player": "p1",
          "pokemon_uid": "p1-1",
          "move_id": "closecombat",
          "target_uid": "p2-1"
        },
        {
          "seq": 2,
          "type": "effect",
          "effect_type": "resisted",
          "raw_parts": [
            "-resisted",
            "p2a: Mesprit"
          ]
        },
        {
          "seq": 3,
          "type": "damage",
          "target_uid": "p2-1",
          "amount": null,
          "hp_after": 216,
          "max_hp": 275,
          "effectiveness": "neutral",
          "crit": false,
          "source": "move"
        },
        {
          "seq": 4,
          "type": "stat_change",
          "target_uid": "p1-1",
          "stat": "def",
          "amount": -1
        },
        {
          "seq": 5,
          "type": "stat_change",
          "target_uid": "p1-1",
          "stat": "spd",
          "amount": -1
        }
      ],
      "state_after": {
        "sides": {
          "p1": {
            "active": [],
            "side_conditions": []
          },
          "p2": {
            "active": [],
            "side_conditions": []
          }
        },
        "field": {
          "global_conditions": [],
          "weather": null
        },
        "clocks": {
          "p1": 150,
          "p2": 150
        }
      }
    },
    {
      "turn_number": 3,
      "events": [
        {
          "seq": 0,
          "type": "switch",
          "player": "p1",
          "pokemon_uid": "p1-2",
          "into_uid": "p1-2"
        },
        {
          "seq": 1,
          "type": "move",
          "player": "p2",
          "pokemon_uid": "p2-1",
          "move_id": "trick",
          "target_uid": "p1-2"
        },
        {
          "seq": 2,
          "type": "effect",
          "effect_type": "activate",
          "raw_parts": [
            "-activate",
            "p2a: Mesprit",
            "move: Trick",
            "[of] p1a: Sableye"
          ]
        },
        {
          "seq": 3,
          "type": "effect",
          "effect_type": "item",
          "raw_parts": [
            "-item",
            "p1a: Sableye",
            "Choice Scarf",
            "[from] move: Trick"
          ]
        },
        {
          "seq": 4,
          "type": "effect",
          "effect_type": "item",
          "raw_parts": [
            "-item",
            "p2a: Mesprit",
            "Leftovers",
            "[from] move: Trick"
          ]
        },
        {
          "seq": 5,
          "type": "heal",
          "target_uid": "p2-1",
          "amount": null,
          "hp_after": 233,
          "max_hp": 275,
          "source": "unknown"
        }
      ],
      "state_after": {
        "sides": {
          "p1": {
            "active": [],
            "side_conditions": []
          },
          "p2": {
            "active": [],
            "side_conditions": []
          }
        },
        "field": {
          "global_conditions": [],
          "weather": null
        },
        "clocks": {
          "p1": 150,
          "p2": 150
        }
      }
    },
    {
      "turn_number": 4,
      "events": [
        {
          "seq": 0,
          "type": "switch",
          "player": "p1",
          "pokemon_uid": "p1-1",
          "into_uid": "p1-1"
        },
        {
          "seq": 1,
          "type": "switch",
          "player": "p2",
          "pokemon_uid": "p2-0",
          "into_uid": "p2-0"
        }
      ],
      "state_after": {
        "sides": {
          "p1": {
            "active": [],
            "side_conditions": []
          },
          "p2": {
            "active": [],
            "side_conditions": []
          }
        },
        "field": {
          "global_conditions": [],
          "weather": null
        },
        "clocks": {
          "p1": 150,
          "p2": 150
        }
      }
    },
    {
      "turn_number": 5,
      "events": [
        {
          "seq": 0,
          "type": "move",
          "player": "p2",
          "pokemon_uid": "p2-0",
          "move_id": "suckerpunch",
          "target_uid": "p1-1"
        },
        {
          "seq": 1,
          "type": "effect",
          "effect_type": "resisted",
          "raw_parts": [
            "-resisted",
            "p1a: Toxicroak"
          ]
        },
        {
          "seq": 2,
          "type": "damage",
          "target_uid": "p1-1",
          "amount": null,
          "hp_after": 95,
          "max_hp": 277,
          "effectiveness": "neutral",
          "crit": false,
          "source": "move"
        },
        {
          "seq": 3,
          "type": "damage",
          "target_uid": "p2-0",
          "amount": null,
          "hp_after": 224,
          "max_hp": 278,
          "effectiveness": "neutral",
          "crit": false,
          "source": "move"
        },
        {
          "seq": 4,
          "type": "move",
          "player": "p1",
          "pokemon_uid": "p1-1",
          "move_id": "gunkshot",
          "target_uid": "p2-0"
        },
        {
          "seq": 5,
          "type": "effect",
          "effect_type": "miss",
          "raw_parts": [
            "-miss",
            "p1a: Toxicroak",
            "p2a: Cacturne"
          ]
        }
      ],
      "state_after": {
        "sides": {
          "p1": {
            "active": [],
            "side_conditions": []
          },
          "p2": {
            "active": [],
            "side_conditions": []
          }
        },
        "field": {
          "global_conditions": [],
          "weather": null
        },
        "clocks": {
          "p1": 150,
          "p2": 150
        }
      }
    },
    {
      "turn_number": 6,
      "events": [
        {
          "seq": 0,
          "type": "move",
          "player": "p2",
          "pokemon_uid": "p2-0",
          "move_id": "suckerpunch",
          "target_uid": "p1-1"
        },
        {
          "seq": 1,
          "type": "effect",
          "effect_type": "resisted",
          "raw_parts": [
            "-resisted",
            "p1a: Toxicroak"
          ]
        },
        {
          "seq": 2,
          "type": "damage",
          "target_uid": "p1-1",
          "amount": null,
          "hp_after": 18,
          "max_hp": 277,
          "effectiveness": "neutral",
          "crit": false,
          "source": "move"
        },
        {
          "seq": 3,
          "type": "damage",
          "target_uid": "p2-0",
          "amount": null,
          "hp_after": 197,
          "max_hp": 278,
          "effectiveness": "neutral",
          "crit": false,
          "source": "move"
        },
        {
          "seq": 4,
          "type": "move",
          "player": "p1",
          "pokemon_uid": "p1-1",
          "move_id": "gunkshot",
          "target_uid": "p2-0"
        },
        {
          "seq": 5,
          "type": "effect",
          "effect_type": "supereffective",
          "raw_parts": [
            "-supereffective",
            "p2a: Cacturne"
          ]
        },
        {
          "seq": 6,
          "type": "damage",
          "target_uid": "p2-0",
          "amount": null,
          "hp_after": 0,
          "max_hp": null,
          "effectiveness": "neutral",
          "crit": false,
          "source": "move"
        },
        {
          "seq": 7,
          "type": "faint",
          "target_uid": "p2-0"
        },
        {
          "seq": 8,
          "type": "switch",
          "player": "p2",
          "pokemon_uid": "p2-2",
          "into_uid": "p2-2"
        }
      ],
      "state_after": {
        "sides": {
          "p1": {
            "active": [],
            "side_conditions": []
          },
          "p2": {
            "active": [],
            "side_conditions": []
          }
        },
        "field": {
          "global_conditions": [],
          "weather": null
        },
        "clocks": {
          "p1": 150,
          "p2": 150
        }
      }
    },
    {
      "turn_number": 7,
      "events": [
        {
          "seq": 0,
          "type": "move",
          "player": "p2",
          "pokemon_uid": "p2-2",
          "move_id": "u-turn",
          "target_uid": "p1-1"
        },
        {
          "seq": 1,
          "type": "effect",
          "effect_type": "resisted",
          "raw_parts": [
            "-resisted",
            "p1a: Toxicroak"
          ]
        },
        {
          "seq": 2,
          "type": "damage",
          "target_uid": "p1-1",
          "amount": null,
          "hp_after": 0,
          "max_hp": null,
          "effectiveness": "neutral",
          "crit": false,
          "source": "move"
        },
        {
          "seq": 3,
          "type": "faint",
          "target_uid": "p1-1"
        },
        {
          "seq": 4,
          "type": "switch",
          "player": "p2",
          "pokemon_uid": "p2-1",
          "into_uid": "p2-1"
        },
        {
          "seq": 5,
          "type": "heal",
          "target_uid": "p2-1",
          "amount": null,
          "hp_after": 250,
          "max_hp": 275,
          "source": "unknown"
        },
        {
          "seq": 6,
          "type": "switch",
          "player": "p1",
          "pokemon_uid": "p1-2",
          "into_uid": "p1-2"
        }
      ],
      "state_after": {
        "sides": {
          "p1": {
            "active": [],
            "side_conditions": []
          },
          "p2": {
            "active": [],
            "side_conditions": []
          }
        },
        "field": {
          "global_conditions": [],
          "weather": null
        },
        "clocks": {
          "p1": 150,
          "p2": 150
        }
      }
    },
    {
      "turn_number": 8,
      "events": [
        {
          "seq": 0,
          "type": "switch",
          "player": "p2",
          "pokemon_uid": "p2-3",
          "into_uid": "p2-3"
        },
        {
          "seq": 1,
          "type": "move",
          "player": "p1",
          "pokemon_uid": "p1-2",
          "move_id": "will-o-wisp",
          "target_uid": "p2-3"
        },
        {
          "seq": 2,
          "type": "status_start",
          "target_uid": "p2-3",
          "status": "brn",
          "source": "unknown"
        },
        {
          "seq": 3,
          "type": "damage",
          "target_uid": "p2-3",
          "amount": null,
          "hp_after": 221,
          "max_hp": 235,
          "effectiveness": "neutral",
          "crit": false,
          "source": "move"
        }
      ],
      "state_after": {
        "sides": {
          "p1": {
            "active": [],
            "side_conditions": []
          },
          "p2": {
            "active": [],
            "side_conditions": []
          }
        },
        "field": {
          "global_conditions": [],
          "weather": null
        },
        "clocks": {
          "p1": 150,
          "p2": 150
        }
      }
    },
    {
      "turn_number": 9,
      "events": [
        {
          "seq": 0,
          "type": "switch",
          "player": "p1",
          "pokemon_uid": "p1-3",
          "into_uid": "p1-3"
        },
        {
          "seq": 1,
          "type": "move",
          "player": "p2",
          "pokemon_uid": "p2-3",
          "move_id": "quiverdance",
          "target_uid": "p2-3"
        },
        {
          "seq": 2,
          "type": "stat_change",
          "target_uid": "p2-3",
          "stat": "spa",
          "amount": 1
        },
        {
          "seq": 3,
          "type": "stat_change",
          "target_uid": "p2-3",
          "stat": "spd",
          "amount": 1
        },
        {
          "seq": 4,
          "type": "stat_change",
          "target_uid": "p2-3",
          "stat": "spe",
          "amount": 1
        },
        {
          "seq": 5,
          "type": "damage",
          "target_uid": "p2-3",
          "amount": null,
          "hp_after": 207,
          "max_hp": 235,
          "effectiveness": "neutral",
          "crit": false,
          "source": "move"
        }
      ],
      "state_after": {
        "sides": {
          "p1": {
            "active": [],
            "side_conditions": []
          },
          "p2": {
            "active": [],
            "side_conditions": []
          }
        },
        "field": {
          "global_conditions": [],
          "weather": null
        },
        "clocks": {
          "p1": 150,
          "p2": 150
        }
      }
    },
    {
      "turn_number": 10,
      "events": [
        {
          "seq": 0,
          "type": "form_change",
          "target_uid": "p2-3",
          "mechanic": "terastallize",
          "tera_type": "Ground"
        },
        {
          "seq": 1,
          "type": "move",
          "player": "p2",
          "pokemon_uid": "p2-3",
          "move_id": "terablast",
          "target_uid": "p1-3"
        },
        {
          "seq": 2,
          "type": "effect",
          "effect_type": "supereffective",
          "raw_parts": [
            "-supereffective",
            "p1a: Seviper"
          ]
        },
        {
          "seq": 3,
          "type": "damage",
          "target_uid": "p1-3",
          "amount": null,
          "hp_after": 17,
          "max_hp": 287,
          "effectiveness": "neutral",
          "crit": false,
          "source": "move"
        },
        {
          "seq": 4,
          "type": "move",
          "player": "p1",
          "pokemon_uid": "p1-3",
          "move_id": "gunkshot",
          "target_uid": "p2-3"
        },
        {
          "seq": 5,
          "type": "effect",
          "effect_type": "miss",
          "raw_parts": [
            "-miss",
            "p1a: Seviper",
            "p2a: Ribombee"
          ]
        },
        {
          "seq": 6,
          "type": "damage",
          "target_uid": "p2-3",
          "amount": null,
          "hp_after": 193,
          "max_hp": 235,
          "effectiveness": "neutral",
          "crit": false,
          "source": "move"
        }
      ],
      "state_after": {
        "sides": {
          "p1": {
            "active": [],
            "side_conditions": []
          },
          "p2": {
            "active": [],
            "side_conditions": []
          }
        },
        "field": {
          "global_conditions": [],
          "weather": null
        },
        "clocks": {
          "p1": 150,
          "p2": 150
        }
      }
    },
    {
      "turn_number": 11,
      "events": [
        {
          "seq": 0,
          "type": "move",
          "player": "p2",
          "pokemon_uid": "p2-3",
          "move_id": "moonblast",
          "target_uid": "p1-3"
        },
        {
          "seq": 1,
          "type": "effect",
          "effect_type": "resisted",
          "raw_parts": [
            "-resisted",
            "p1a: Seviper"
          ]
        },
        {
          "seq": 2,
          "type": "damage",
          "target_uid": "p1-3",
          "amount": null,
          "hp_after": 0,
          "max_hp": null,
          "effectiveness": "neutral",
          "crit": false,
          "source": "move"
        },
        {
          "seq": 3,
          "type": "faint",
          "target_uid": "p1-3"
        },
        {
          "seq": 4,
          "type": "damage",
          "target_uid": "p2-3",
          "amount": null,
          "hp_after": 179,
          "max_hp": 235,
          "effectiveness": "neutral",
          "crit": false,
          "source": "move"
        },
        {
          "seq": 5,
          "type": "switch",
          "player": "p1",
          "pokemon_uid": "p1-4",
          "into_uid": "p1-4"
        }
      ],
      "state_after": {
        "sides": {
          "p1": {
            "active": [],
            "side_conditions": []
          },
          "p2": {
            "active": [],
            "side_conditions": []
          }
        },
        "field": {
          "global_conditions": [],
          "weather": null
        },
        "clocks": {
          "p1": 150,
          "p2": 150
        }
      }
    },
    {
      "turn_number": 12,
      "events": [
        {
          "seq": 0,
          "type": "move",
          "player": "p2",
          "pokemon_uid": "p2-3",
          "move_id": "quiverdance",
          "target_uid": "p2-3"
        },
        {
          "seq": 1,
          "type": "stat_change",
          "target_uid": "p2-3",
          "stat": "spa",
          "amount": 1
        },
        {
          "seq": 2,
          "type": "stat_change",
          "target_uid": "p2-3",
          "stat": "spd",
          "amount": 1
        },
        {
          "seq": 3,
          "type": "stat_change",
          "target_uid": "p2-3",
          "stat": "spe",
          "amount": 1
        },
        {
          "seq": 4,
          "type": "move",
          "player": "p1",
          "pokemon_uid": "p1-4",
          "move_id": "muddywater",
          "target_uid": "p2-3"
        },
        {
          "seq": 5,
          "type": "effect",
          "effect_type": "supereffective",
          "raw_parts": [
            "-supereffective",
            "p2a: Ribombee"
          ]
        },
        {
          "seq": 6,
          "type": "damage",
          "target_uid": "p2-3",
          "amount": null,
          "hp_after": 99,
          "max_hp": 235,
          "effectiveness": "neutral",
          "crit": false,
          "source": "move"
        },
        {
          "seq": 7,
          "type": "damage",
          "target_uid": "p2-3",
          "amount": null,
          "hp_after": 85,
          "max_hp": 235,
          "effectiveness": "neutral",
          "crit": false,
          "source": "move"
        }
      ],
      "state_after": {
        "sides": {
          "p1": {
            "active": [],
            "side_conditions": []
          },
          "p2": {
            "active": [],
            "side_conditions": []
          }
        },
        "field": {
          "global_conditions": [],
          "weather": null
        },
        "clocks": {
          "p1": 150,
          "p2": 150
        }
      }
    },
    {
      "turn_number": 13,
      "events": [
        {
          "seq": 0,
          "type": "move",
          "player": "p2",
          "pokemon_uid": "p2-3",
          "move_id": "terablast",
          "target_uid": "p1-4"
        },
        {
          "seq": 1,
          "type": "effect",
          "effect_type": "supereffective",
          "raw_parts": [
            "-supereffective",
            "p1a: Bellibolt"
          ]
        },
        {
          "seq": 2,
          "type": "damage",
          "target_uid": "p1-4",
          "amount": null,
          "hp_after": 0,
          "max_hp": null,
          "effectiveness": "neutral",
          "crit": false,
          "source": "move"
        },
        {
          "seq": 3,
          "type": "faint",
          "target_uid": "p1-4"
        },
        {
          "seq": 4,
          "type": "damage",
          "target_uid": "p2-3",
          "amount": null,
          "hp_after": 71,
          "max_hp": 235,
          "effectiveness": "neutral",
          "crit": false,
          "source": "move"
        },
        {
          "seq": 5,
          "type": "switch",
          "player": "p1",
          "pokemon_uid": "p1-2",
          "into_uid": "p1-2"
        }
      ],
      "state_after": {
        "sides": {
          "p1": {
            "active": [],
            "side_conditions": []
          },
          "p2": {
            "active": [],
            "side_conditions": []
          }
        },
        "field": {
          "global_conditions": [],
          "weather": null
        },
        "clocks": {
          "p1": 150,
          "p2": 150
        }
      }
    },
    {
      "turn_number": 14,
      "events": [
        {
          "seq": 0,
          "type": "form_change",
          "target_uid": "p1-2",
          "mechanic": "terastallize",
          "tera_type": "Poison"
        },
        {
          "seq": 1,
          "type": "move",
          "player": "p2",
          "pokemon_uid": "p2-3",
          "move_id": "moonblast",
          "target_uid": "p1-2"
        },
        {
          "seq": 2,
          "type": "effect",
          "effect_type": "resisted",
          "raw_parts": [
            "-resisted",
            "p1a: Sableye"
          ]
        },
        {
          "seq": 3,
          "type": "damage",
          "target_uid": "p1-2",
          "amount": null,
          "hp_after": 118,
          "max_hp": 231,
          "effectiveness": "neutral",
          "crit": false,
          "source": "move"
        },
        {
          "seq": 4,
          "type": "move",
          "player": "p1",
          "pokemon_uid": "p1-2",
          "move_id": "knockoff",
          "target_uid": "p2-3"
        },
        {
          "seq": 5,
          "type": "damage",
          "target_uid": "p2-3",
          "amount": null,
          "hp_after": 0,
          "max_hp": null,
          "effectiveness": "neutral",
          "crit": false,
          "source": "move"
        },
        {
          "seq": 6,
          "type": "effect",
          "effect_type": "enditem",
          "raw_parts": [
            "-enditem",
            "p2a: Ribombee",
            "Heavy-Duty Boots",
            "[from] move: Knock Off",
            "[of] p1a: Sableye"
          ]
        },
        {
          "seq": 7,
          "type": "faint",
          "target_uid": "p2-3"
        },
        {
          "seq": 8,
          "type": "switch",
          "player": "p2",
          "pokemon_uid": "p2-2",
          "into_uid": "p2-2"
        }
      ],
      "state_after": {
        "sides": {
          "p1": {
            "active": [],
            "side_conditions": []
          },
          "p2": {
            "active": [],
            "side_conditions": []
          }
        },
        "field": {
          "global_conditions": [],
          "weather": null
        },
        "clocks": {
          "p1": 150,
          "p2": 150
        }
      }
    },
    {
      "turn_number": 15,
      "events": [
        {
          "seq": 0,
          "type": "move",
          "player": "p1",
          "pokemon_uid": "p1-2",
          "move_id": "knockoff",
          "target_uid": "p2-2"
        },
        {
          "seq": 1,
          "type": "effect",
          "effect_type": "resisted",
          "raw_parts": [
            "-resisted",
            "p2a: Flamigo"
          ]
        },
        {
          "seq": 2,
          "type": "damage",
          "target_uid": "p2-2",
          "amount": null,
          "hp_after": 210,
          "max_hp": 269,
          "effectiveness": "neutral",
          "crit": false,
          "source": "move"
        },
        {
          "seq": 3,
          "type": "effect",
          "effect_type": "enditem",
          "raw_parts": [
            "-enditem",
            "p2a: Flamigo",
            "Choice Band",
            "[from] move: Knock Off",
            "[of] p1a: Sableye"
          ]
        },
        {
          "seq": 4,
          "type": "move",
          "player": "p2",
          "pokemon_uid": "p2-2",
          "move_id": "bravebird",
          "target_uid": "p1-2"
        },
        {
          "seq": 5,
          "type": "damage",
          "target_uid": "p1-2",
          "amount": null,
          "hp_after": 0,
          "max_hp": null,
          "effectiveness": "neutral",
          "crit": false,
          "source": "move"
        },
        {
          "seq": 6,
          "type": "faint",
          "target_uid": "p1-2"
        },
        {
          "seq": 7,
          "type": "damage",
          "target_uid": "p2-2",
          "amount": null,
          "hp_after": 171,
          "max_hp": 269,
          "effectiveness": "neutral",
          "crit": false,
          "source": "move"
        },
        {
          "seq": 8,
          "type": "switch",
          "player": "p1",
          "pokemon_uid": "p1-5",
          "into_uid": "p1-5"
        },
        {
          "seq": 9,
          "type": "effect",
          "effect_type": "weather",
          "raw_parts": [
            "-weather",
            "RainDance",
            "[from] ability: Drizzle",
            "[of] p1a: Kyogre"
          ]
        }
      ],
      "state_after": {
        "sides": {
          "p1": {
            "active": [],
            "side_conditions": []
          },
          "p2": {
            "active": [],
            "side_conditions": []
          }
        },
        "field": {
          "global_conditions": [],
          "weather": null
        },
        "clocks": {
          "p1": 150,
          "p2": 150
        }
      }
    },
    {
      "turn_number": 16,
      "events": [
        {
          "seq": 0,
          "type": "switch",
          "player": "p2",
          "pokemon_uid": "p2-4",
          "into_uid": "p2-4"
        },
        {
          "seq": 1,
          "type": "move",
          "player": "p1",
          "pokemon_uid": "p1-5",
          "move_id": "waterspout",
          "target_uid": "p2-4"
        },
        {
          "seq": 2,
          "type": "effect",
          "effect_type": "resisted",
          "raw_parts": [
            "-resisted",
            "p2a: Rotom"
          ]
        },
        {
          "seq": 3,
          "type": "damage",
          "target_uid": "p2-4",
          "amount": null,
          "hp_after": 124,
          "max_hp": 229,
          "effectiveness": "neutral",
          "crit": false,
          "source": "move"
        },
        {
          "seq": 4,
          "type": "effect",
          "effect_type": "weather",
          "raw_parts": [
            "-weather",
            "RainDance",
            "[upkeep]"
          ]
        },
        {
          "seq": 5,
          "type": "heal",
          "target_uid": "p2-4",
          "amount": null,
          "hp_after": 138,
          "max_hp": 229,
          "source": "unknown"
        }
      ],
      "state_after": {
        "sides": {
          "p1": {
            "active": [],
            "side_conditions": []
          },
          "p2": {
            "active": [],
            "side_conditions": []
          }
        },
        "field": {
          "global_conditions": [],
          "weather": null
        },
        "clocks": {
          "p1": 150,
          "p2": 150
        }
      }
    },
    {
      "turn_number": 17,
      "events": [
        {
          "seq": 0,
          "type": "move",
          "player": "p1",
          "pokemon_uid": "p1-5",
          "move_id": "waterspout",
          "target_uid": "p2-4"
        },
        {
          "seq": 1,
          "type": "effect",
          "effect_type": "resisted",
          "raw_parts": [
            "-resisted",
            "p2a: Rotom"
          ]
        },
        {
          "seq": 2,
          "type": "damage",
          "target_uid": "p2-4",
          "amount": null,
          "hp_after": 36,
          "max_hp": 229,
          "effectiveness": "neutral",
          "crit": false,
          "source": "move"
        },
        {
          "seq": 3,
          "type": "move",
          "player": "p2",
          "pokemon_uid": "p2-4",
          "move_id": "thunderbolt",
          "target_uid": "p1-5"
        },
        {
          "seq": 4,
          "type": "effect",
          "effect_type": "supereffective",
          "raw_parts": [
            "-supereffective",
            "p1a: Kyogre"
          ]
        },
        {
          "seq": 5,
          "type": "damage",
          "target_uid": "p1-5",
          "amount": null,
          "hp_after": 95,
          "max_hp": 259,
          "effectiveness": "neutral",
          "crit": false,
          "source": "move"
        },
        {
          "seq": 6,
          "type": "effect",
          "effect_type": "weather",
          "raw_parts": [
            "-weather",
            "RainDance",
            "[upkeep]"
          ]
        },
        {
          "seq": 7,
          "type": "heal",
          "target_uid": "p2-4",
          "amount": null,
          "hp_after": 50,
          "max_hp": 229,
          "source": "unknown"
        }
      ],
      "state_after": {
        "sides": {
          "p1": {
            "active": [],
            "side_conditions": []
          },
          "p2": {
            "active": [],
            "side_conditions": []
          }
        },
        "field": {
          "global_conditions": [],
          "weather": null
        },
        "clocks": {
          "p1": 150,
          "p2": 150
        }
      }
    },
    {
      "turn_number": 18,
      "events": [
        {
          "seq": 0,
          "type": "effect",
          "effect_type": "message",
          "raw_parts": [
            "-message",
            "lolimdabeast forfeited."
          ]
        }
      ],
      "state_after": {
        "sides": {
          "p1": {
            "active": [],
            "side_conditions": []
          },
          "p2": {
            "active": [],
            "side_conditions": []
          }
        },
        "field": {
          "global_conditions": [],
          "weather": null
        },
        "clocks": {
          "p1": 150,
          "p2": 150
        }
      }
    }
  ],
  "summary": {
    "pokemon_used": {
      "p1": [
        "p1-0",
        "p1-1",
        "p1-2",
        "p1-3",
        "p1-4",
        "p1-5"
      ],
      "p2": [
        "p2-0",
        "p2-1",
        "p2-2",
        "p2-3",
        "p2-4"
      ]
    },
    "fainted_order": {
      "p1": [],
      "p2": []
    },
    "major_events": null
  },
  "integrity": {
    "validated": true,
    "issues": [],
    "sha256_raw_log": "3289faa41bb3ea1c3b7dcf6bbdad1abf",
    "generation_time_ms": 0
  }
}