{
  "schema_version": "1.0.0",
  "battle_id": "gen9randombattle-2390584037",
  "format_id": "gen9randombattle",
  "metadata": {
    "timestamp_unix": 1750732613,
    "total_turns": 36,
    "outcome": {
      "result": "win",
      "winner": "p2",
      "reason": "all_fainted"
    }
  },
  "players": {
    "p1": {
      "name": "WeebyWooby",
      "ladder_rating_pre": 1293,
      "ladder_rating_change": null
    },
    "p2": {
      "name": "sadsok",
      "ladder_rating_pre": 1341,
      "ladder_rating_change": null
    }
  },
  "team_revelation": {
    "format_type": "random_battle",
    "revelation_pattern": "progressive",
    "teams_fully_revealed": false,
    "teams": {
      "p1": [
        {
          "pokemon_uid": "p1-0",
          "species": "Garganacl",
          "nickname": null,
          "level": 80,
          "gender": "F",
          "first_seen_turn": 1,
          "revelation_status": "partially_revealed",
          "known_ability": null,
          "known_item": null,
          "known_tera_type": null,
          "base_stats": {
            "hp": 291,
            "attack": null,
            "defense": null,
            "sp_attack": null,
            "sp_defense": null,
            "speed": null
          },
          "known_moves": [],
          "unknown_move_slots": 4
        },
        {
          "pokemon_uid": "p1-1",
          "species": "Wigglytuff",
          "nickname": null,
          "level": 96,
          "gender": "M",
          "first_seen_turn": 1,
          "revelation_status": "partially_revealed",
          "known_ability": null,
          "known_item": null,
          "known_tera_type": null,
          "base_stats": {
            "hp": 424,
            "attack": null,
            "defense": null,
            "sp_attack": null,
            "sp_defense": null,
            "speed": null
          },
          "known_moves": [],
          "unknown_move_slots": 4
        },
        {
          "pokemon_uid": "p1-2",
          "species": "Zekrom",
          "nickname": null,
          "level": 71,
          "gender": null,
          "first_seen_turn": 1,
          "revelation_status": "partially_revealed",
          "known_ability": null,
          "known_item": null,
          "known_tera_type": null,
          "base_stats": {
            "hp": 259,
            "attack": null,
            "defense": null,
            "sp_attack": null,
            "sp_defense": null,
            "speed": null
          },
          "known_moves": [],
          "unknown_move_slots": 4
        },
        {
          "pokemon_uid": "p1-3",
          "species": "Suicune",
          "nickname": null,
          "level": 82,
          "gender": null,
          "first_seen_turn": 1,
          "revelation_status": "partially_revealed",
          "known_ability": null,
          "known_item": null,
          "known_tera_type": null,
          "base_stats": {
            "hp": 298,
            "attack": null,
            "defense": null,
            "sp_attack": null,
            "sp_defense": null,
            "speed": null
          },
          "known_moves": [],
          "unknown_move_slots": 4
        },
        {
          "pokemon_uid": "p1-4",
          "species": "Samurott",
          "nickname": null,
          "level": 88,
          "gender": "M",
          "first_seen_turn": 1,
          "revelation_status": "partially_revealed",
          "known_ability": null,
          "known_item": null,
          "known_tera_type": null,
          "base_stats": {
            "hp": 310,
            "attack": null,
            "defense": null,
            "sp_attack": null,
            "sp_defense": null,
            "speed": null
          },
          "known_moves": [],
          "unknown_move_slots": 4
        },
        {
          "pokemon_uid": "p1-5",
          "species": "Baxcalibur",
          "nickname": null,
          "level": 75,
          "gender": "F",
          "first_seen_turn": 1,
          "revelation_status": "partially_revealed",
          "known_ability": null,
          "known_item": null,
          "known_tera_type": null,
          "base_stats": {
            "hp": 296,
            "attack": null,
            "defense": null,
            "sp_attack": null,
            "sp_defense": null,
            "speed": null
          },
          "known_moves": [],
          "unknown_move_slots": 4
        }
      ],
      "p2": [
        {
          "pokemon_uid": "p2-0",
          "species": "Weezing",
          "nickname": null,
          "level": 86,
          "gender": "F",
          "first_seen_turn": 1,
          "revelation_status": "partially_revealed",
          "known_ability": null,
          "known_item": null,
          "known_tera_type": null,
          "base_stats": {
            "hp": 252,
            "attack": null,
            "defense": null,
            "sp_attack": null,
            "sp_defense": null,
            "speed": null
          },
          "known_moves": [],
          "unknown_move_slots": 4
        },
        {
          "pokemon_uid": "p2-1",
          "species": "Tropius",
          "nickname": null,
          "level": 91,
          "gender": "M",
          "first_seen_turn": 1,
          "revelation_status": "partially_revealed",
          "known_ability": null,
          "known_item": null,
          "known_tera_type": null,
          "base_stats": {
            "hp": 328,
            "attack": null,
            "defense": null,
            "sp_attack": null,
            "sp_defense": null,
            "speed": null
          },
          "known_moves": [],
          "unknown_move_slots": 4
        },
        {
          "pokemon_uid": "p2-2",
          "species": "Azumarill",
          "nickname": null,
          "level": 82,
          "gender": "F",
          "first_seen_turn": 1,
          "revelation_status": "partially_revealed",
          "known_ability": null,
          "known_item": null,
          "known_tera_type": null,
          "base_stats": {
            "hp": 298,
            "attack": null,
            "defense": null,
            "sp_attack": null,
            "sp_defense": null,
            "speed": null
          },
          "known_moves": [],
          "unknown_move_slots": 4
        },
        {
          "pokemon_uid": "p2-3",
          "species": "Empoleon",
          "nickname": null,
          "level": 84,
          "gender": "F",
          "first_seen_turn": 1,
          "revelation_status": "partially_revealed",
          "known_ability": null,
          "known_item": null,
          "known_tera_type": null,
          "base_stats": {
            "hp": 278,
            "attack": null,
            "defense": null,
            "sp_attack": null,
            "sp_defense": null,
            "speed": null
          },
          "known_moves": [],
          "unknown_move_slots": 4
        },
        {
          "pokemon_uid": "p2-4",
          "species": "Archaludon",
          "nickname": null,
          "level": 78,
          "gender": "M",
          "first_seen_turn": 1,
          "revelation_status": "partially_revealed",
          "known_ability": null,
          "known_item": null,
          "known_tera_type": null,
          "base_stats": {
            "hp": 268,
            "attack": null,
            "defense": null,
            "sp_attack": null,
            "sp_defense": null,
            "speed": null
          },
          "known_moves": [],
          "unknown_move_slots": 4
        }
      ]
    },
    "team_size": {
      "p1": {
        "known": 6,
        "assumed_total": 6,
        "confirmed": false
      },
      "p2": {
        "known": 5,
        "assumed_total": 6,
        "confirmed": false
      }
    }
  },
  "turns": [
    {
      "turn_number": 1,
      "events": [
        {
          "seq": 0,
          "type": "switch",
          "player": "p2",
          "pokemon_uid": "p2-1",
          "into_uid": "p2-1"
        },
        {
          "seq": 1,
          "type": "move",
          "player": "p1",
          "pokemon_uid": "p1-0",
          "move_id": "saltcure",
          "target_uid": "p2-1"
        },
        {
          "seq": 2,
          "type": "effect",
          "effect_type": "supereffective",
          "raw_parts": [
            "-supereffective",
            "p2a: Tropius"
          ]
        },
        {
          "seq": 3,
          "type": "damage",
          "target_uid": "p2-1",
          "amount": null,
          "hp_after": 244,
          "max_hp": 328,
          "effectiveness": "neutral",
          "crit": false,
          "source": "move"
        },
        {
          "seq": 4,
          "type": "effect",
          "effect_type": "start",
          "raw_parts": [
            "-start",
            "p2a: Tropius",
            "Salt Cure"
          ]
        },
        {
          "seq": 5,
          "type": "damage",
          "target_uid": "p2-1",
          "amount": null,
          "hp_after": 203,
          "max_hp": 328,
          "effectiveness": "neutral",
          "crit": false,
          "source": "move"
        }
      ],
      "state_after": {
        "sides": {
          "p1": {
            "active": [],
            "side_conditions": []
          },
          "p2": {
            "active": [],
            "side_conditions": []
          }
        },
        "field": {
          "global_conditions": [],
          "weather": null
        },
        "clocks": {
          "p1": 150,
          "p2": 150
        }
      }
    },
    {
      "turn_number": 2,
      "events": [
        {
          "seq": 0,
          "type": "move",
          "player": "p1",
          "pokemon_uid": "p1-0",
          "move_id": "protect",
          "target_uid": "p1-0"
        },
        {
          "seq": 1,
          "type": "effect",
          "effect_type": "singleturn",
          "raw_parts": [
            "-singleturn",
            "p1a: Garganacl",
            "Protect"
          ]
        },
        {
          "seq": 2,
          "type": "move",
          "player": "p2",
          "pokemon_uid": "p2-1",
          "move_id": "dragondance",
          "target_uid": "p2-1"
        },
        {
          "seq": 3,
          "type": "stat_change",
          "target_uid": "p2-1",
          "stat": "atk",
          "amount": 1
        },
        {
          "seq": 4,
          "type": "stat_change",
          "target_uid": "p2-1",
          "stat": "spe",
          "amount": 1
        },
        {
          "seq": 5,
          "type": "damage",
          "target_uid": "p2-1",
          "amount": null,
          "hp_after": 162,
          "max_hp": 328,
          "effectiveness": "neutral",
          "crit": false,
          "source": "move"
        },
        {
          "seq": 6,
          "type": "effect",
          "effect_type": "enditem",
          "raw_parts": [
            "-enditem",
            "p2a: Tropius",
            "Sitrus Berry",
            "[eat]"
          ]
        },
        {
          "seq": 7,
          "type": "heal",
          "target_uid": "p2-1",
          "amount": null,
          "hp_after": 244,
          "max_hp": 328,
          "source": "unknown"
        }
      ],
      "state_after": {
        "sides": {
          "p1": {
            "active": [],
            "side_conditions": []
          },
          "p2": {
            "active": [],
            "side_conditions": []
          }
        },
        "field": {
          "global_conditions": [],
          "weather": null
        },
        "clocks": {
          "p1": 150,
          "p2": 150
        }
      }
    },
    {
      "turn_number": 3,
      "events": [
        {
          "seq": 0,
          "type": "switch",
          "player": "p1",
          "pokemon_uid": "p1-1",
          "into_uid": "p1-1"
        },
        {
          "seq": 1,
          "type": "move",
          "player": "p2",
          "pokemon_uid": "p2-1",
          "move_id": "dragondance",
          "target_uid": "p2-1"
        },
        {
          "seq": 2,
          "type": "stat_change",
          "target_uid": "p2-1",
          "stat": "atk",
          "amount": 1
        },
        {
          "seq": 3,
          "type": "stat_change",
          "target_uid": "p2-1",
          "stat": "spe",
          "amount": 1
        },
        {
          "seq": 4,
          "type": "damage",
          "target_uid": "p2-1",
          "amount": null,
          "hp_after": 203,
          "max_hp": 328,
          "effectiveness": "neutral",
          "crit": false,
          "source": "move"
        },
        {
          "seq": 5,
          "type": "effect",
          "effect_type": "item",
          "raw_parts": [
            "-item",
            "p2a: Tropius",
            "Sitrus Berry",
            "[from] ability: Harvest"
          ]
        }
      ],
      "state_after": {
        "sides": {
          "p1": {
            "active": [],
            "side_conditions": []
          },
          "p2": {
            "active": [],
            "side_conditions": []
          }
        },
        "field": {
          "global_conditions": [],
          "weather": null
        },
        "clocks": {
          "p1": 150,
          "p2": 150
        }
      }
    },
    {
      "turn_number": 4,
      "events": [
        {
          "seq": 0,
          "type": "move",
          "player": "p2",
          "pokemon_uid": "p2-1",
          "move_id": "dualwingbeat",
          "target_uid": "p1-1"
        },
        {
          "seq": 1,
          "type": "damage",
          "target_uid": "p1-1",
          "amount": null,
          "hp_after": 325,
          "max_hp": 424,
          "effectiveness": "neutral",
          "crit": false,
          "source": "move"
        },
        {
          "seq": 2,
          "type": "damage",
          "target_uid": "p1-1",
          "amount": null,
          "hp_after": 225,
          "max_hp": 424,
          "effectiveness": "neutral",
          "crit": false,
          "source": "move"
        },
        {
          "seq": 3,
          "type": "effect",
          "effect_type": "hitcount",
          "raw_parts": [
            "-hitcount",
            "p1a: Wigglytuff",
            "2"
          ]
        },
        {
          "seq": 4,
          "type": "move",
          "player": "p1",
          "pokemon_uid": "p1-1",
          "move_id": "knockoff",
          "target_uid": "p2-1"
        },
        {
          "seq": 5,
          "type": "damage",
          "target_uid": "p2-1",
          "amount": null,
          "hp_after": 133,
          "max_hp": 328,
          "effectiveness": "neutral",
          "crit": false,
          "source": "move"
        },
        {
          "seq": 6,
          "type": "effect",
          "effect_type": "enditem",
          "raw_parts": [
            "-enditem",
            "p2a: Tropius",
            "Sitrus Berry",
            "[from] move: Knock Off",
            "[of] p1a: Wigglytuff"
          ]
        },
        {
          "seq": 7,
          "type": "heal",
          "target_uid": "p1-1",
          "amount": null,
          "hp_after": 251,
          "max_hp": 424,
          "source": "unknown"
        },
        {
          "seq": 8,
          "type": "damage",
          "target_uid": "p2-1",
          "amount": null,
          "hp_after": 92,
          "max_hp": 328,
          "effectiveness": "neutral",
          "crit": false,
          "source": "move"
        }
      ],
      "state_after": {
        "sides": {
          "p1": {
            "active": [],
            "side_conditions": []
          },
          "p2": {
            "active": [],
            "side_conditions": []
          }
        },
        "field": {
          "global_conditions": [],
          "weather": null
        },
        "clocks": {
          "p1": 150,
          "p2": 150
        }
      }
    },
    {
      "turn_number": 5,
      "events": [
        {
          "seq": 0,
          "type": "move",
          "player": "p1",
          "pokemon_uid": "p1-1",
          "move_id": "protect",
          "target_uid": "p1-1"
        },
        {
          "seq": 1,
          "type": "effect",
          "effect_type": "singleturn",
          "raw_parts": [
            "-singleturn",
            "p1a: Wigglytuff",
            "Protect"
          ]
        },
        {
          "seq": 2,
          "type": "move",
          "player": "p2",
          "pokemon_uid": "p2-1",
          "move_id": "synthesis",
          "target_uid": "p2-1"
        },
        {
          "seq": 3,
          "type": "heal",
          "target_uid": "p2-1",
          "amount": null,
          "hp_after": 256,
          "max_hp": 328,
          "source": "unknown"
        },
        {
          "seq": 4,
          "type": "heal",
          "target_uid": "p1-1",
          "amount": null,
          "hp_after": 277,
          "max_hp": 424,
          "source": "unknown"
        },
        {
          "seq": 5,
          "type": "damage",
          "target_uid": "p2-1",
          "amount": null,
          "hp_after": 215,
          "max_hp": 328,
          "effectiveness": "neutral",
          "crit": false,
          "source": "move"
        }
      ],
      "state_after": {
        "sides": {
          "p1": {
            "active": [],
            "side_conditions": []
          },
          "p2": {
            "active": [],
            "side_conditions": []
          }
        },
        "field": {
          "global_conditions": [],
          "weather": null
        },
        "clocks": {
          "p1": 150,
          "p2": 150
        }
      }
    },
    {
      "turn_number": 6,
      "events": [
        {
          "seq": 0,
          "type": "move",
          "player": "p2",
          "pokemon_uid": "p2-1",
          "move_id": "dualwingbeat",
          "target_uid": "p1-1"
        },
        {
          "seq": 1,
          "type": "damage",
          "target_uid": "p1-1",
          "amount": null,
          "hp_after": 178,
          "max_hp": 424,
          "effectiveness": "neutral",
          "crit": false,
          "source": "move"
        },
        {
          "seq": 2,
          "type": "damage",
          "target_uid": "p1-1",
          "amount": null,
          "hp_after": 69,
          "max_hp": 424,
          "effectiveness": "neutral",
          "crit": false,
          "source": "move"
        },
        {
          "seq": 3,
          "type": "effect",
          "effect_type": "hitcount",
          "raw_parts": [
            "-hitcount",
            "p1a: Wigglytuff",
            "2"
          ]
        },
        {
          "seq": 4,
          "type": "move",
          "player": "p1",
          "pokemon_uid": "p1-1",
          "move_id": "dazzlinggleam",
          "target_uid": "p2-1"
        },
        {
          "seq": 5,
          "type": "damage",
          "target_uid": "p2-1",
          "amount": null,
          "hp_after": 115,
          "max_hp": 328,
          "effectiveness": "neutral",
          "crit": false,
          "source": "move"
        },
        {
          "seq": 6,
          "type": "heal",
          "target_uid": "p1-1",
          "amount": null,
          "hp_after": 95,
          "max_hp": 424,
          "source": "unknown"
        },
        {
          "seq": 7,
          "type": "damage",
          "target_uid": "p2-1",
          "amount": null,
          "hp_after": 74,
          "max_hp": 328,
          "effectiveness": "neutral",
          "crit": false,
          "source": "move"
        }
      ],
      "state_after": {
        "sides": {
          "p1": {
            "active": [],
            "side_conditions": []
          },
          "p2": {
            "active": [],
            "side_conditions": []
          }
        },
        "field": {
          "global_conditions": [],
          "weather": null
        },
        "clocks": {
          "p1": 150,
          "p2": 150
        }
      }
    },
    {
      "turn_number": 7,
      "events": [
        {
          "seq": 0,
          "type": "move",
          "player": "p2",
          "pokemon_uid": "p2-1",
          "move_id": "dualwingbeat",
          "target_uid": "p1-1"
        },
        {
          "seq": 1,
          "type": "damage",
          "target_uid": "p1-1",
          "amount": null,
          "hp_after": 0,
          "max_hp": null,
          "effectiveness": "neutral",
          "crit": false,
          "source": "move"
        },
        {
          "seq": 2,
          "type": "faint",
          "target_uid": "p1-1"
        },
        {
          "seq": 3,
          "type": "effect",
          "effect_type": "hitcount",
          "raw_parts": [
            "-hitcount",
            "p1: Wigglytuff",
            "1"
          ]
        },
        {
          "seq": 4,
          "type": "damage",
          "target_uid": "p2-1",
          "amount": null,
          "hp_after": 33,
          "max_hp": 328,
          "effectiveness": "neutral",
          "crit": false,
          "source": "move"
        },
        {
          "seq": 5,
          "type": "switch",
          "player": "p1",
          "pokemon_uid": "p1-2",
          "into_uid": "p1-2"
        },
        {
          "seq": 6,
          "type": "effect",
          "effect_type": "ability",
          "raw_parts": [
            "-ability",
            "p1a: Zekrom",
            "Teravolt"
          ]
        }
      ],
      "state_after": {
        "sides": {
          "p1": {
            "active": [],
            "side_conditions": []
          },
          "p2": {
            "active": [],
            "side_conditions": []
          }
        },
        "field": {
          "global_conditions": [],
          "weather": null
        },
        "clocks": {
          "p1": 150,
          "p2": 150
        }
      }
    },
    {
      "turn_number": 8,
      "events": [
        {
          "seq": 0,
          "type": "move",
          "player": "p2",
          "pokemon_uid": "p2-1",
          "move_id": "earthquake",
          "target_uid": "p1-2"
        },
        {
          "seq": 1,
          "type": "effect",
          "effect_type": "supereffective",
          "raw_parts": [
            "-supereffective",
            "p1a: Zekrom"
          ]
        },
        {
          "seq": 2,
          "type": "damage",
          "target_uid": "p1-2",
          "amount": null,
          "hp_after": 3,
          "max_hp": 259,
          "effectiveness": "neutral",
          "crit": false,
          "source": "move"
        },
        {
          "seq": 3,
          "type": "move",
          "player": "p1",
          "pokemon_uid": "p1-2",
          "move_id": "boltstrike",
          "target_uid": "p2-1"
        },
        {
          "seq": 4,
          "type": "effect",
          "effect_type": "miss",
          "raw_parts": [
            "-miss",
            "p1a: Zekrom",
            "p2a: Tropius"
          ]
        },
        {
          "seq": 5,
          "type": "heal",
          "target_uid": "p1-2",
          "amount": null,
          "hp_after": 19,
          "max_hp": 259,
          "source": "unknown"
        },
        {
          "seq": 6,
          "type": "damage",
          "target_uid": "p2-1",
          "amount": null,
          "hp_after": 0,
          "max_hp": null,
          "effectiveness": "neutral",
          "crit": false,
          "source": "move"
        },
        {
          "seq": 7,
          "type": "faint",
          "target_uid": "p2-1"
        },
        {
          "seq": 8,
          "type": "switch",
          "player": "p2",
          "pokemon_uid": "p2-2",
          "into_uid": "p2-2"
        }
      ],
      "state_after": {
        "sides": {
          "p1": {
            "active": [],
            "side_conditions": []
          },
          "p2": {
            "active": [],
            "side_conditions": []
          }
        },
        "field": {
          "global_conditions": [],
          "weather": null
        },
        "clocks": {
          "p1": 150,
          "p2": 150
        }
      }
    },
    {
      "turn_number": 9,
      "events": [
        {
          "seq": 0,
          "type": "move",
          "player": "p2",
          "pokemon_uid": "p2-2",
          "move_id": "aquajet",
          "target_uid": "p1-2"
        },
        {
          "seq": 1,
          "type": "effect",
          "effect_type": "resisted",
          "raw_parts": [
            "-resisted",
            "p1a: Zekrom"
          ]
        },
        {
          "seq": 2,
          "type": "damage",
          "target_uid": "p1-2",
          "amount": null,
          "hp_after": 0,
          "max_hp": null,
          "effectiveness": "neutral",
          "crit": false,
          "source": "move"
        },
        {
          "seq": 3,
          "type": "faint",
          "target_uid": "p1-2"
        },
        {
          "seq": 4,
          "type": "switch",
          "player": "p1",
          "pokemon_uid": "p1-3",
          "into_uid": "p1-3"
        },
        {
          "seq": 5,
          "type": "effect",
          "effect_type": "ability",
          "raw_parts": [
            "-ability",
            "p1a: Suicune",
            "Pressure"
          ]
        }
      ],
      "state_after": {
        "sides": {
          "p1": {
            "active": [],
            "side_conditions": []
          },
          "p2": {
            "active": [],
            "side_conditions": []
          }
        },
        "field": {
          "global_conditions": [],
          "weather": null
        },
        "clocks": {
          "p1": 150,
          "p2": 150
        }
      }
    },
    {
      "turn_number": 10,
      "events": [
        {
          "seq": 0,
          "type": "switch",
          "player": "p2",
          "pokemon_uid": "p2-3",
          "into_uid": "p2-3"
        },
        {
          "seq": 1,
          "type": "move",
          "player": "p1",
          "pokemon_uid": "p1-3",
          "move_id": "scald",
          "target_uid": "p2-3"
        },
        {
          "seq": 2,
          "type": "effect",
          "effect_type": "resisted",
          "raw_parts": [
            "-resisted",
            "p2a: Empoleon"
          ]
        },
        {
          "seq": 3,
          "type": "damage",
          "target_uid": "p2-3",
          "amount": null,
          "hp_after": 245,
          "max_hp": 278,
          "effectiveness": "neutral",
          "crit": false,
          "source": "move"
        },
        {
          "seq": 4,
          "type": "status_start",
          "target_uid": "p2-3",
          "status": "brn",
          "source": "unknown"
        },
        {
          "seq": 5,
          "type": "heal",
          "target_uid": "p2-3",
          "amount": null,
          "hp_after": 262,
          "max_hp": 278,
          "source": "unknown"
        },
        {
          "seq": 6,
          "type": "damage",
          "target_uid": "p2-3",
          "amount": null,
          "hp_after": 245,
          "max_hp": 278,
          "effectiveness": "neutral",
          "crit": false,
          "source": "move"
        }
      ],
      "state_after": {
        "sides": {
          "p1": {
            "active": [],
            "side_conditions": []
          },
          "p2": {
            "active": [],
            "side_conditions": []
          }
        },
        "field": {
          "global_conditions": [],
          "weather": null
        },
        "clocks": {
          "p1": 150,
          "p2": 150
        }
      }
    },
    {
      "turn_number": 11,
      "events": [
        {
          "seq": 0,
          "type": "move",
          "player": "p1",
          "pokemon_uid": "p1-3",
          "move_id": "substitute",
          "target_uid": "p1-3"
        },
        {
          "seq": 1,
          "type": "effect",
          "effect_type": "start",
          "raw_parts": [
            "-start",
            "p1a: Suicune",
            "Substitute"
          ]
        },
        {
          "seq": 2,
          "type": "damage",
          "target_uid": "p1-3",
          "amount": null,
          "hp_after": 224,
          "max_hp": 298,
          "effectiveness": "neutral",
          "crit": false,
          "source": "move"
        },
        {
          "seq": 3,
          "type": "move",
          "player": "p2",
          "pokemon_uid": "p2-3",
          "move_id": "knockoff",
          "target_uid": "p1-3"
        },
        {
          "seq": 4,
          "type": "effect",
          "effect_type": "activate",
          "raw_parts": [
            "-activate",
            "p1a: Suicune",
            "move: Substitute",
            "[damage]"
          ]
        },
        {
          "seq": 5,
          "type": "heal",
          "target_uid": "p1-3",
          "amount": null,
          "hp_after": 242,
          "max_hp": 298,
          "source": "unknown"
        },
        {
          "seq": 6,
          "type": "heal",
          "target_uid": "p2-3",
          "amount": null,
          "hp_after": 262,
          "max_hp": 278,
          "source": "unknown"
        },
        {
          "seq": 7,
          "type": "damage",
          "target_uid": "p2-3",
          "amount": null,
          "hp_after": 245,
          "max_hp": 278,
          "effectiveness": "neutral",
          "crit": false,
          "source": "move"
        }
      ],
      "state_after": {
        "sides": {
          "p1": {
            "active": [],
            "side_conditions": []
          },
          "p2": {
            "active": [],
            "side_conditions": []
          }
        },
        "field": {
          "global_conditions": [],
          "weather": null
        },
        "clocks": {
          "p1": 150,
          "p2": 150
        }
      }
    },
    {
      "turn_number": 12,
      "events": [
        {
          "seq": 0,
          "type": "move",
          "player": "p1",
          "pokemon_uid": "p1-3",
          "move_id": "calmmind",
          "target_uid": "p1-3"
        },
        {
          "seq": 1,
          "type": "stat_change",
          "target_uid": "p1-3",
          "stat": "spa",
          "amount": 1
        },
        {
          "seq": 2,
          "type": "stat_change",
          "target_uid": "p1-3",
          "stat": "spd",
          "amount": 1
        },
        {
          "seq": 3,
          "type": "move",
          "player": "p2",
          "pokemon_uid": "p2-3",
          "move_id": "roar",
          "target_uid": "p1-3"
        },
        {
          "seq": 4,
          "type": "switch",
          "player": "p1",
          "pokemon_uid": "p1-4",
          "into_uid": "p1-4"
        },
        {
          "seq": 5,
          "type": "heal",
          "target_uid": "p2-3",
          "amount": null,
          "hp_after": 262,
          "max_hp": 278,
          "source": "unknown"
        },
        {
          "seq": 6,
          "type": "damage",
          "target_uid": "p2-3",
          "amount": null,
          "hp_after": 245,
          "max_hp": 278,
          "effectiveness": "neutral",
          "crit": false,
          "source": "move"
        }
      ],
      "state_after": {
        "sides": {
          "p1": {
            "active": [],
            "side_conditions": []
          },
          "p2": {
            "active": [],
            "side_conditions": []
          }
        },
        "field": {
          "global_conditions": [],
          "weather": null
        },
        "clocks": {
          "p1": 150,
          "p2": 150
        }
      }
    },
    {
      "turn_number": 13,
      "events": [
        {
          "seq": 0,
          "type": "move",
          "player": "p1",
          "pokemon_uid": "p1-4",
          "move_id": "sacredsword",
          "target_uid": "p2-3"
        },
        {
          "seq": 1,
          "type": "effect",
          "effect_type": "supereffective",
          "raw_parts": [
            "-supereffective",
            "p2a: Empoleon"
          ]
        },
        {
          "seq": 2,
          "type": "damage",
          "target_uid": "p2-3",
          "amount": null,
          "hp_after": 91,
          "max_hp": 278,
          "effectiveness": "neutral",
          "crit": false,
          "source": "move"
        },
        {
          "seq": 3,
          "type": "move",
          "player": "p2",
          "pokemon_uid": "p2-3",
          "move_id": "knockoff",
          "target_uid": "p1-4"
        },
        {
          "seq": 4,
          "type": "damage",
          "target_uid": "p1-4",
          "amount": null,
          "hp_after": 280,
          "max_hp": 310,
          "effectiveness": "neutral",
          "crit": false,
          "source": "move"
        },
        {
          "seq": 5,
          "type": "effect",
          "effect_type": "enditem",
          "raw_parts": [
            "-enditem",
            "p1a: Samurott",
            "Assault Vest",
            "[from] move: Knock Off",
            "[of] p2a: Empoleon"
          ]
        },
        {
          "seq": 6,
          "type": "heal",
          "target_uid": "p2-3",
          "amount": null,
          "hp_after": 108,
          "max_hp": 278,
          "source": "unknown"
        },
        {
          "seq": 7,
          "type": "damage",
          "target_uid": "p2-3",
          "amount": null,
          "hp_after": 91,
          "max_hp": 278,
          "effectiveness": "neutral",
          "crit": false,
          "source": "move"
        }
      ],
      "state_after": {
        "sides": {
          "p1": {
            "active": [],
            "side_conditions": []
          },
          "p2": {
            "active": [],
            "side_conditions": []
          }
        },
        "field": {
          "global_conditions": [],
          "weather": null
        },
        "clocks": {
          "p1": 150,
          "p2": 150
        }
      }
    },
    {
      "turn_number": 14,
      "events": [
        {
          "seq": 0,
          "type": "move",
          "player": "p1",
          "pokemon_uid": "p1-4",
          "move_id": "hydropump",
          "target_uid": "p2-3"
        },
        {
          "seq": 1,
          "type": "effect",
          "effect_type": "miss",
          "raw_parts": [
            "-miss",
            "p1a: Samurott",
            "p2a: Empoleon"
          ]
        },
        {
          "seq": 2,
          "type": "move",
          "player": "p2",
          "pokemon_uid": "p2-3",
          "move_id": "roost",
          "target_uid": "p2-3"
        },
        {
          "seq": 3,
          "type": "heal",
          "target_uid": "p2-3",
          "amount": null,
          "hp_after": 230,
          "max_hp": 278,
          "source": "unknown"
        },
        {
          "seq": 4,
          "type": "effect",
          "effect_type": "singleturn",
          "raw_parts": [
            "-singleturn",
            "p2a: Empoleon",
            "move: Roost"
          ]
        },
        {
          "seq": 5,
          "type": "heal",
          "target_uid": "p2-3",
          "amount": null,
          "hp_after": 247,
          "max_hp": 278,
          "source": "unknown"
        },
        {
          "seq": 6,
          "type": "damage",
          "target_uid": "p2-3",
          "amount": null,
          "hp_after": 230,
          "max_hp": 278,
          "effectiveness": "neutral",
          "crit": false,
          "source": "move"
        }
      ],
      "state_after": {
        "sides": {
          "p1": {
            "active": [],
            "side_conditions": []
          },
          "p2": {
            "active": [],
            "side_conditions": []
          }
        },
        "field": {
          "global_conditions": [],
          "weather": null
        },
        "clocks": {
          "p1": 150,
          "p2": 150
        }
      }
    },
    {
      "turn_number": 15,
      "events": [
        {
          "seq": 0,
          "type": "move",
          "player": "p1",
          "pokemon_uid": "p1-4",
          "move_id": "sacredsword",
          "target_uid": "p2-3"
        },
        {
          "seq": 1,
          "type": "effect",
          "effect_type": "supereffective",
          "raw_parts": [
            "-supereffective",
            "p2a: Empoleon"
          ]
        },
        {
          "seq": 2,
          "type": "damage",
          "target_uid": "p2-3",
          "amount": null,
          "hp_after": 78,
          "max_hp": 278,
          "effectiveness": "neutral",
          "crit": false,
          "source": "move"
        },
        {
          "seq": 3,
          "type": "move",
          "player": "p2",
          "pokemon_uid": "p2-3",
          "move_id": "roar",
          "target_uid": "p1-4"
        },
        {
          "seq": 4,
          "type": "switch",
          "player": "p1",
          "pokemon_uid": "p1-3",
          "into_uid": "p1-3"
        },
        {
          "seq": 5,
          "type": "effect",
          "effect_type": "ability",
          "raw_parts": [
            "-ability",
            "p1a: Suicune",
            "Pressure"
          ]
        },
        {
          "seq": 6,
          "type": "heal",
          "target_uid": "p1-3",
          "amount": null,
          "hp_after": 260,
          "max_hp": 298,
          "source": "unknown"
        },
        {
          "seq": 7,
          "type": "heal",
          "target_uid": "p2-3",
          "amount": null,
          "hp_after": 95,
          "max_hp": 278,
          "source": "unknown"
        },
        {
          "seq": 8,
          "type": "damage",
          "target_uid": "p2-3",
          "amount": null,
          "hp_after": 78,
          "max_hp": 278,
          "effectiveness": "neutral",
          "crit": false,
          "source": "move"
        }
      ],
      "state_after": {
        "sides": {
          "p1": {
            "active": [],
            "side_conditions": []
          },
          "p2": {
            "active": [],
            "side_conditions": []
          }
        },
        "field": {
          "global_conditions": [],
          "weather": null
        },
        "clocks": {
          "p1": 150,
          "p2": 150
        }
      }
    },
    {
      "turn_number": 16,
      "events": [
        {
          "seq": 0,
          "type": "switch",
          "player": "p1",
          "pokemon_uid": "p1-4",
          "into_uid": "p1-4"
        },
        {
          "seq": 1,
          "type": "move",
          "player": "p2",
          "pokemon_uid": "p2-3",
          "move_id": "roar",
          "target_uid": "p1-4"
        },
        {
          "seq": 2,
          "type": "switch",
          "player": "p1",
          "pokemon_uid": "p1-3",
          "into_uid": "p1-3"
        },
        {
          "seq": 3,
          "type": "effect",
          "effect_type": "ability",
          "raw_parts": [
            "-ability",
            "p1a: Suicune",
            "Pressure"
          ]
        },
        {
          "seq": 4,
          "type": "heal",
          "target_uid": "p1-3",
          "amount": null,
          "hp_after": 278,
          "max_hp": 298,
          "source": "unknown"
        },
        {
          "seq": 5,
          "type": "heal",
          "target_uid": "p2-3",
          "amount": null,
          "hp_after": 95,
          "max_hp": 278,
          "source": "unknown"
        },
        {
          "seq": 6,
          "type": "damage",
          "target_uid": "p2-3",
          "amount": null,
          "hp_after": 78,
          "max_hp": 278,
          "effectiveness": "neutral",
          "crit": false,
          "source": "move"
        }
      ],
      "state_after": {
        "sides": {
          "p1": {
            "active": [],
            "side_conditions": []
          },
          "p2": {
            "active": [],
            "side_conditions": []
          }
        },
        "field": {
          "global_conditions": [],
          "weather": null
        },
        "clocks": {
          "p1": 150,
          "p2": 150
        }
      }
    },
    {
      "turn_number": 17,
      "events": [
        {
          "seq": 0,
          "type": "switch",
          "player": "p1",
          "pokemon_uid": "p1-4",
          "into_uid": "p1-4"
        },
        {
          "seq": 1,
          "type": "move",
          "player": "p2",
          "pokemon_uid": "p2-3",
          "move_id": "roar",
          "target_uid": "p1-4"
        },
        {
          "seq": 2,
          "type": "switch",
          "player": "p1",
          "pokemon_uid": "p1-5",
          "into_uid": "p1-5"
        },
        {
          "seq": 3,
          "type": "heal",
          "target_uid": "p2-3",
          "amount": null,
          "hp_after": 95,
          "max_hp": 278,
          "source": "unknown"
        },
        {
          "seq": 4,
          "type": "damage",
          "target_uid": "p2-3",
          "amount": null,
          "hp_after": 78,
          "max_hp": 278,
          "effectiveness": "neutral",
          "crit": false,
          "source": "move"
        }
      ],
      "state_after": {
        "sides": {
          "p1": {
            "active": [],
            "side_conditions": []
          },
          "p2": {
            "active": [],
            "side_conditions": []
          }
        },
        "field": {
          "global_conditions": [],
          "weather": null
        },
        "clocks": {
          "p1": 150,
          "p2": 150
        }
      }
    },
    {
      "turn_number": 18,
      "events": [
        {
          "seq": 0,
          "type": "move",
          "player": "p1",
          "pokemon_uid": "p1-5",
          "move_id": "earthquake",
          "target_uid": "p2-3"
        },
        {
          "seq": 1,
          "type": "effect",
          "effect_type": "supereffective",
          "raw_parts": [
            "-supereffective",
            "p2a: Empoleon"
          ]
        },
        {
          "seq": 2,
          "type": "damage",
          "target_uid": "p2-3",
          "amount": null,
          "hp_after": 0,
          "max_hp": null,
          "effectiveness": "neutral",
          "crit": false,
          "source": "move"
        },
        {
          "seq": 3,
          "type": "faint",
          "target_uid": "p2-3"
        },
        {
          "seq": 4,
          "type": "switch",
          "player": "p2",
          "pokemon_uid": "p2-0",
          "into_uid": "p2-0"
        }
      ],
      "state_after": {
        "sides": {
          "p1": {
            "active": [],
            "side_conditions": []
          },
          "p2": {
            "active": [],
            "side_conditions": []
          }
        },
        "field": {
          "global_conditions": [],
          "weather": null
        },
        "clocks": {
          "p1": 150,
          "p2": 150
        }
      }
    },
    {
      "turn_number": 19,
      "events": [
        {
          "seq": 0,
          "type": "switch",
          "player": "p1",
          "pokemon_uid": "p1-4",
          "into_uid": "p1-4"
        },
        {
          "seq": 1,
          "type": "move",
          "player": "p2",
          "pokemon_uid": "p2-0",
          "move_id": "strangesteam",
          "target_uid": "p1-4"
        },
        {
          "seq": 2,
          "type": "effect",
          "effect_type": "miss",
          "raw_parts": [
            "-miss",
            "p2a: Weezing",
            "p1a: Samurott"
          ]
        }
      ],
      "state_after": {
        "sides": {
          "p1": {
            "active": [],
            "side_conditions": []
          },
          "p2": {
            "active": [],
            "side_conditions": []
          }
        },
        "field": {
          "global_conditions": [],
          "weather": null
        },
        "clocks": {
          "p1": 150,
          "p2": 150
        }
      }
    },
    {
      "turn_number": 20,
      "events": [
        {
          "seq": 0,
          "type": "move",
          "player": "p1",
          "pokemon_uid": "p1-4",
          "move_id": "hydropump",
          "target_uid": "p2-0"
        },
        {
          "seq": 1,
          "type": "effect",
          "effect_type": "miss",
          "raw_parts": [
            "-miss",
            "p1a: Samurott",
            "p2a: Weezing"
          ]
        },
        {
          "seq": 2,
          "type": "move",
          "player": "p2",
          "pokemon_uid": "p2-0",
          "move_id": "gunkshot",
          "target_uid": "p1-4"
        },
        {
          "seq": 3,
          "type": "damage",
          "target_uid": "p1-4",
          "amount": null,
          "hp_after": 156,
          "max_hp": 310,
          "effectiveness": "neutral",
          "crit": false,
          "source": "move"
        },
        {
          "seq": 4,
          "type": "status_start",
          "target_uid": "p1-4",
          "status": "psn",
          "source": "unknown"
        },
        {
          "seq": 5,
          "type": "damage",
          "target_uid": "p1-4",
          "amount": null,
          "hp_after": 118,
          "max_hp": 310,
          "effectiveness": "neutral",
          "crit": false,
          "source": "move"
        }
      ],
      "state_after": {
        "sides": {
          "p1": {
            "active": [],
            "side_conditions": []
          },
          "p2": {
            "active": [],
            "side_conditions": []
          }
        },
        "field": {
          "global_conditions": [],
          "weather": null
        },
        "clocks": {
          "p1": 150,
          "p2": 150
        }
      }
    },
    {
      "turn_number": 21,
      "events": [
        {
          "seq": 0,
          "type": "move",
          "player": "p1",
          "pokemon_uid": "p1-4",
          "move_id": "hydropump",
          "target_uid": "p2-0"
        },
        {
          "seq": 1,
          "type": "effect",
          "effect_type": "miss",
          "raw_parts": [
            "-miss",
            "p1a: Samurott",
            "p2a: Weezing"
          ]
        },
        {
          "seq": 2,
          "type": "move",
          "player": "p2",
          "pokemon_uid": "p2-0",
          "move_id": "gunkshot",
          "target_uid": "p1-4"
        },
        {
          "seq": 3,
          "type": "damage",
          "target_uid": "p1-4",
          "amount": null,
          "hp_after": 3,
          "max_hp": 310,
          "effectiveness": "neutral",
          "crit": false,
          "source": "move"
        },
        {
          "seq": 4,
          "type": "damage",
          "target_uid": "p1-4",
          "amount": null,
          "hp_after": 0,
          "max_hp": null,
          "effectiveness": "neutral",
          "crit": false,
          "source": "move"
        },
        {
          "seq": 5,
          "type": "faint",
          "target_uid": "p1-4"
        },
        {
          "seq": 6,
          "type": "switch",
          "player": "p1",
          "pokemon_uid": "p1-3",
          "into_uid": "p1-3"
        },
        {
          "seq": 7,
          "type": "effect",
          "effect_type": "ability",
          "raw_parts": [
            "-ability",
            "p1a: Suicune",
            "Pressure"
          ]
        }
      ],
      "state_after": {
        "sides": {
          "p1": {
            "active": [],
            "side_conditions": []
          },
          "p2": {
            "active": [],
            "side_conditions": []
          }
        },
        "field": {
          "global_conditions": [],
          "weather": null
        },
        "clocks": {
          "p1": 150,
          "p2": 150
        }
      }
    },
    {
      "turn_number": 22,
      "events": [
        {
          "seq": 0,
          "type": "move",
          "player": "p1",
          "pokemon_uid": "p1-3",
          "move_id": "scald",
          "target_uid": "p2-0"
        },
        {
          "seq": 1,
          "type": "damage",
          "target_uid": "p2-0",
          "amount": null,
          "hp_after": 171,
          "max_hp": 252,
          "effectiveness": "neutral",
          "crit": false,
          "source": "move"
        },
        {
          "seq": 2,
          "type": "move",
          "player": "p2",
          "pokemon_uid": "p2-0",
          "move_id": "gunkshot",
          "target_uid": "p1-3"
        },
        {
          "seq": 3,
          "type": "damage",
          "target_uid": "p1-3",
          "amount": null,
          "hp_after": 169,
          "max_hp": 298,
          "effectiveness": "neutral",
          "crit": false,
          "source": "move"
        },
        {
          "seq": 4,
          "type": "heal",
          "target_uid": "p1-3",
          "amount": null,
          "hp_after": 187,
          "max_hp": 298,
          "source": "unknown"
        },
        {
          "seq": 5,
          "type": "heal",
          "target_uid": "p2-0",
          "amount": null,
          "hp_after": 186,
          "max_hp": 252,
          "source": "unknown"
        }
      ],
      "state_after": {
        "sides": {
          "p1": {
            "active": [],
            "side_conditions": []
          },
          "p2": {
            "active": [],
            "side_conditions": []
          }
        },
        "field": {
          "global_conditions": [],
          "weather": null
        },
        "clocks": {
          "p1": 150,
          "p2": 150
        }
      }
    },
    {
      "turn_number": 23,
      "events": [
        {
          "seq": 0,
          "type": "move",
          "player": "p1",
          "pokemon_uid": "p1-3",
          "move_id": "scald",
          "target_uid": "p2-0"
        },
        {
          "seq": 1,
          "type": "damage",
          "target_uid": "p2-0",
          "amount": null,
          "hp_after": 90,
          "max_hp": 252,
          "effectiveness": "neutral",
          "crit": false,
          "source": "move"
        },
        {
          "seq": 2,
          "type": "move",
          "player": "p2",
          "pokemon_uid": "p2-0",
          "move_id": "gunkshot",
          "target_uid": "p1-3"
        },
        {
          "seq": 3,
          "type": "damage",
          "target_uid": "p1-3",
          "amount": null,
          "hp_after": 84,
          "max_hp": 298,
          "effectiveness": "neutral",
          "crit": false,
          "source": "move"
        },
        {
          "seq": 4,
          "type": "status_start",
          "target_uid": "p1-3",
          "status": "psn",
          "source": "unknown"
        },
        {
          "seq": 5,
          "type": "heal",
          "target_uid": "p1-3",
          "amount": null,
          "hp_after": 102,
          "max_hp": 298,
          "source": "unknown"
        },
        {
          "seq": 6,
          "type": "heal",
          "target_uid": "p2-0",
          "amount": null,
          "hp_after": 105,
          "max_hp": 252,
          "source": "unknown"
        },
        {
          "seq": 7,
          "type": "damage",
          "target_uid": "p1-3",
          "amount": null,
          "hp_after": 65,
          "max_hp": 298,
          "effectiveness": "neutral",
          "crit": false,
          "source": "move"
        }
      ],
      "state_after": {
        "sides": {
          "p1": {
            "active": [],
            "side_conditions": []
          },
          "p2": {
            "active": [],
            "side_conditions": []
          }
        },
        "field": {
          "global_conditions": [],
          "weather": null
        },
        "clocks": {
          "p1": 150,
          "p2": 150
        }
      }
    },
    {
      "turn_number": 24,
      "events": [
        {
          "seq": 0,
          "type": "switch",
          "player": "p2",
          "pokemon_uid": "p2-2",
          "into_uid": "p2-2"
        },
        {
          "seq": 1,
          "type": "move",
          "player": "p1",
          "pokemon_uid": "p1-3",
          "move_id": "scald",
          "target_uid": "p2-2"
        },
        {
          "seq": 2,
          "type": "effect",
          "effect_type": "resisted",
          "raw_parts": [
            "-resisted",
            "p2a: Azumarill"
          ]
        },
        {
          "seq": 3,
          "type": "damage",
          "target_uid": "p2-2",
          "amount": null,
          "hp_after": 255,
          "max_hp": 298,
          "effectiveness": "neutral",
          "crit": false,
          "source": "move"
        },
        {
          "seq": 4,
          "type": "heal",
          "target_uid": "p1-3",
          "amount": null,
          "hp_after": 83,
          "max_hp": 298,
          "source": "unknown"
        },
        {
          "seq": 5,
          "type": "damage",
          "target_uid": "p1-3",
          "amount": null,
          "hp_after": 46,
          "max_hp": 298,
          "effectiveness": "neutral",
          "crit": false,
          "source": "move"
        }
      ],
      "state_after": {
        "sides": {
          "p1": {
            "active": [],
            "side_conditions": []
          },
          "p2": {
            "active": [],
            "side_conditions": []
          }
        },
        "field": {
          "global_conditions": [],
          "weather": null
        },
        "clocks": {
          "p1": 150,
          "p2": 150
        }
      }
    },
    {
      "turn_number": 25,
      "events": [
        {
          "seq": 0,
          "type": "move",
          "player": "p1",
          "pokemon_uid": "p1-3",
          "move_id": "scald",
          "target_uid": "p2-2"
        },
        {
          "seq": 1,
          "type": "effect",
          "effect_type": "resisted",
          "raw_parts": [
            "-resisted",
            "p2a: Azumarill"
          ]
        },
        {
          "seq": 2,
          "type": "damage",
          "target_uid": "p2-2",
          "amount": null,
          "hp_after": 213,
          "max_hp": 298,
          "effectiveness": "neutral",
          "crit": false,
          "source": "move"
        },
        {
          "seq": 3,
          "type": "move",
          "player": "p2",
          "pokemon_uid": "p2-2",
          "move_id": "playrough",
          "target_uid": "p1-3"
        },
        {
          "seq": 4,
          "type": "damage",
          "target_uid": "p1-3",
          "amount": null,
          "hp_after": 0,
          "max_hp": null,
          "effectiveness": "neutral",
          "crit": false,
          "source": "move"
        },
        {
          "seq": 5,
          "type": "faint",
          "target_uid": "p1-3"
        },
        {
          "seq": 6,
          "type": "switch",
          "player": "p1",
          "pokemon_uid": "p1-0",
          "into_uid": "p1-0"
        }
      ],
      "state_after": {
        "sides": {
          "p1": {
            "active": [],
            "side_conditions": []
          },
          "p2": {
            "active": [],
            "side_conditions": []
          }
        },
        "field": {
          "global_conditions": [],
          "weather": null
        },
        "clocks": {
          "p1": 150,
          "p2": 150
        }
      }
    },
    {
      "turn_number": 26,
      "events": [
        {
          "seq": 0,
          "type": "switch",
          "player": "p2",
          "pokemon_uid": "p2-0",
          "into_uid": "p2-0"
        },
        {
          "seq": 1,
          "type": "form_change",
          "target_uid": "p1-0",
          "mechanic": "terastallize",
          "tera_type": "Ghost"
        },
        {
          "seq": 2,
          "type": "move",
          "player": "p1",
          "pokemon_uid": "p1-0",
          "move_id": "saltcure",
          "target_uid": "p2-0"
        },
        {
          "seq": 3,
          "type": "damage",
          "target_uid": "p2-0",
          "amount": null,
          "hp_after": 71,
          "max_hp": 252,
          "effectiveness": "neutral",
          "crit": false,
          "source": "move"
        },
        {
          "seq": 4,
          "type": "effect",
          "effect_type": "start",
          "raw_parts": [
            "-start",
            "p2a: Weezing",
            "Salt Cure"
          ]
        },
        {
          "seq": 5,
          "type": "heal",
          "target_uid": "p2-0",
          "amount": null,
          "hp_after": 86,
          "max_hp": 252,
          "source": "unknown"
        },
        {
          "seq": 6,
          "type": "damage",
          "target_uid": "p2-0",
          "amount": null,
          "hp_after": 55,
          "max_hp": 252,
          "effectiveness": "neutral",
          "crit": false,
          "source": "move"
        }
      ],
      "state_after": {
        "sides": {
          "p1": {
            "active": [],
            "side_conditions": []
          },
          "p2": {
            "active": [],
            "side_conditions": []
          }
        },
        "field": {
          "global_conditions": [],
          "weather": null
        },
        "clocks": {
          "p1": 150,
          "p2": 150
        }
      }
    },
    {
      "turn_number": 27,
      "events": [
        {
          "seq": 0,
          "type": "move",
          "player": "p1",
          "pokemon_uid": "p1-0",
          "move_id": "protect",
          "target_uid": "p1-0"
        },
        {
          "seq": 1,
          "type": "effect",
          "effect_type": "singleturn",
          "raw_parts": [
            "-singleturn",
            "p1a: Garganacl",
            "Protect"
          ]
        },
        {
          "seq": 2,
          "type": "move",
          "player": "p2",
          "pokemon_uid": "p2-0",
          "move_id": "painsplit",
          "target_uid": "p1-0"
        },
        {
          "seq": 3,
          "type": "effect",
          "effect_type": "activate",
          "raw_parts": [
            "-activate",
            "p1a: Garganacl",
            "move: Protect"
          ]
        },
        {
          "seq": 4,
          "type": "heal",
          "target_uid": "p2-0",
          "amount": null,
          "hp_after": 70,
          "max_hp": 252,
          "source": "unknown"
        },
        {
          "seq": 5,
          "type": "damage",
          "target_uid": "p2-0",
          "amount": null,
          "hp_after": 39,
          "max_hp": 252,
          "effectiveness": "neutral",
          "crit": false,
          "source": "move"
        }
      ],
      "state_after": {
        "sides": {
          "p1": {
            "active": [],
            "side_conditions": []
          },
          "p2": {
            "active": [],
            "side_conditions": []
          }
        },
        "field": {
          "global_conditions": [],
          "weather": null
        },
        "clocks": {
          "p1": 150,
          "p2": 150
        }
      }
    },
    {
      "turn_number": 28,
      "events": [
        {
          "seq": 0,
          "type": "move",
          "player": "p2",
          "pokemon_uid": "p2-0",
          "move_id": "painsplit",
          "target_uid": "p1-0"
        },
        {
          "seq": 1,
          "type": "effect",
          "effect_type": "sethp",
          "raw_parts": [
            "-sethp",
            "p1a: Garganacl",
            "165/291",
            "[from] move: Pain Split",
            "[silent]"
          ]
        },
        {
          "seq": 2,
          "type": "effect",
          "effect_type": "sethp",
          "raw_parts": [
            "-sethp",
            "p2a: Weezing",
            "165/252",
            "[from] move: Pain Split"
          ]
        },
        {
          "seq": 3,
          "type": "move",
          "player": "p1",
          "pokemon_uid": "p1-0",
          "move_id": "earthquake",
          "target_uid": "p2-0"
        },
        {
          "seq": 4,
          "type": "effect",
          "effect_type": "immune",
          "raw_parts": [
            "-immune",
            "p2a: Weezing",
            "[from] ability: Levitate"
          ]
        },
        {
          "seq": 5,
          "type": "heal",
          "target_uid": "p2-0",
          "amount": null,
          "hp_after": 180,
          "max_hp": 252,
          "source": "unknown"
        },
        {
          "seq": 6,
          "type": "heal",
          "target_uid": "p1-0",
          "amount": null,
          "hp_after": 183,
          "max_hp": 291,
          "source": "unknown"
        },
        {
          "seq": 7,
          "type": "damage",
          "target_uid": "p2-0",
          "amount": null,
          "hp_after": 149,
          "max_hp": 252,
          "effectiveness": "neutral",
          "crit": false,
          "source": "move"
        }
      ],
      "state_after": {
        "sides": {
          "p1": {
            "active": [],
            "side_conditions": []
          },
          "p2": {
            "active": [],
            "side_conditions": []
          }
        },
        "field": {
          "global_conditions": [],
          "weather": null
        },
        "clocks": {
          "p1": 150,
          "p2": 150
        }
      }
    },
    {
      "turn_number": 29,
      "events": [
        {
          "seq": 0,
          "type": "move",
          "player": "p1",
          "pokemon_uid": "p1-0",
          "move_id": "protect",
          "target_uid": "p1-0"
        },
        {
          "seq": 1,
          "type": "effect",
          "effect_type": "singleturn",
          "raw_parts": [
            "-singleturn",
            "p1a: Garganacl",
            "Protect"
          ]
        },
        {
          "seq": 2,
          "type": "move",
          "player": "p2",
          "pokemon_uid": "p2-0",
          "move_id": "gunkshot",
          "target_uid": "p1-0"
        },
        {
          "seq": 3,
          "type": "effect",
          "effect_type": "activate",
          "raw_parts": [
            "-activate",
            "p1a: Garganacl",
            "move: Protect"
          ]
        },
        {
          "seq": 4,
          "type": "heal",
          "target_uid": "p2-0",
          "amount": null,
          "hp_after": 164,
          "max_hp": 252,
          "source": "unknown"
        },
        {
          "seq": 5,
          "type": "heal",
          "target_uid": "p1-0",
          "amount": null,
          "hp_after": 201,
          "max_hp": 291,
          "source": "unknown"
        },
        {
          "seq": 6,
          "type": "damage",
          "target_uid": "p2-0",
          "amount": null,
          "hp_after": 133,
          "max_hp": 252,
          "effectiveness": "neutral",
          "crit": false,
          "source": "move"
        }
      ],
      "state_after": {
        "sides": {
          "p1": {
            "active": [],
            "side_conditions": []
          },
          "p2": {
            "active": [],
            "side_conditions": []
          }
        },
        "field": {
          "global_conditions": [],
          "weather": null
        },
        "clocks": {
          "p1": 150,
          "p2": 150
        }
      }
    },
    {
      "turn_number": 30,
      "events": [
        {
          "seq": 0,
          "type": "move",
          "player": "p2",
          "pokemon_uid": "p2-0",
          "move_id": "gunkshot",
          "target_uid": "p1-0"
        },
        {
          "seq": 1,
          "type": "effect",
          "effect_type": "resisted",
          "raw_parts": [
            "-resisted",
            "p1a: Garganacl"
          ]
        },
        {
          "seq": 2,
          "type": "damage",
          "target_uid": "p1-0",
          "amount": null,
          "hp_after": 154,
          "max_hp": 291,
          "effectiveness": "neutral",
          "crit": false,
          "source": "move"
        },
        {
          "seq": 3,
          "type": "move",
          "player": "p1",
          "pokemon_uid": "p1-0",
          "move_id": "saltcure",
          "target_uid": "p2-0"
        },
        {
          "seq": 4,
          "type": "damage",
          "target_uid": "p2-0",
          "amount": null,
          "hp_after": 102,
          "max_hp": 252,
          "effectiveness": "neutral",
          "crit": false,
          "source": "move"
        },
        {
          "seq": 5,
          "type": "heal",
          "target_uid": "p2-0",
          "amount": null,
          "hp_after": 117,
          "max_hp": 252,
          "source": "unknown"
        },
        {
          "seq": 6,
          "type": "heal",
          "target_uid": "p1-0",
          "amount": null,
          "hp_after": 172,
          "max_hp": 291,
          "source": "unknown"
        },
        {
          "seq": 7,
          "type": "damage",
          "target_uid": "p2-0",
          "amount": null,
          "hp_after": 86,
          "max_hp": 252,
          "effectiveness": "neutral",
          "crit": false,
          "source": "move"
        }
      ],
      "state_after": {
        "sides": {
          "p1": {
            "active": [],
            "side_conditions": []
          },
          "p2": {
            "active": [],
            "side_conditions": []
          }
        },
        "field": {
          "global_conditions": [],
          "weather": null
        },
        "clocks": {
          "p1": 150,
          "p2": 150
        }
      }
    },
    {
      "turn_number": 31,
      "events": [
        {
          "seq": 0,
          "type": "move",
          "player": "p2",
          "pokemon_uid": "p2-0",
          "move_id": "painsplit",
          "target_uid": "p1-0"
        },
        {
          "seq": 1,
          "type": "effect",
          "effect_type": "sethp",
          "raw_parts": [
            "-sethp",
            "p1a: Garganacl",
            "129/291",
            "[from] move: Pain Split",
            "[silent]"
          ]
        },
        {
          "seq": 2,
          "type": "effect",
          "effect_type": "sethp",
          "raw_parts": [
            "-sethp",
            "p2a: Weezing",
            "129/252",
            "[from] move: Pain Split"
          ]
        },
        {
          "seq": 3,
          "type": "move",
          "player": "p1",
          "pokemon_uid": "p1-0",
          "move_id": "saltcure",
          "target_uid": "p2-0"
        },
        {
          "seq": 4,
          "type": "damage",
          "target_uid": "p2-0",
          "amount": null,
          "hp_after": 99,
          "max_hp": 252,
          "effectiveness": "neutral",
          "crit": false,
          "source": "move"
        },
        {
          "seq": 5,
          "type": "heal",
          "target_uid": "p2-0",
          "amount": null,
          "hp_after": 114,
          "max_hp": 252,
          "source": "unknown"
        },
        {
          "seq": 6,
          "type": "heal",
          "target_uid": "p1-0",
          "amount": null,
          "hp_after": 147,
          "max_hp": 291,
          "source": "unknown"
        },
        {
          "seq": 7,
          "type": "damage",
          "target_uid": "p2-0",
          "amount": null,
          "hp_after": 83,
          "max_hp": 252,
          "effectiveness": "neutral",
          "crit": false,
          "source": "move"
        }
      ],
      "state_after": {
        "sides": {
          "p1": {
            "active": [],
            "side_conditions": []
          },
          "p2": {
            "active": [],
            "side_conditions": []
          }
        },
        "field": {
          "global_conditions": [],
          "weather": null
        },
        "clocks": {
          "p1": 150,
          "p2": 150
        }
      }
    },
    {
      "turn_number": 32,
      "events": [
        {
          "seq": 0,
          "type": "move",
          "player": "p2",
          "pokemon_uid": "p2-0",
          "move_id": "strangesteam",
          "target_uid": "p1-0"
        },
        {
          "seq": 1,
          "type": "damage",
          "target_uid": "p1-0",
          "amount": null,
          "hp_after": 59,
          "max_hp": 291,
          "effectiveness": "neutral",
          "crit": false,
          "source": "move"
        },
        {
          "seq": 2,
          "type": "move",
          "player": "p1",
          "pokemon_uid": "p1-0",
          "move_id": "saltcure",
          "target_uid": "p2-0"
        },
        {
          "seq": 3,
          "type": "damage",
          "target_uid": "p2-0",
          "amount": null,
          "hp_after": 52,
          "max_hp": 252,
          "effectiveness": "neutral",
          "crit": false,
          "source": "move"
        },
        {
          "seq": 4,
          "type": "heal",
          "target_uid": "p2-0",
          "amount": null,
          "hp_after": 67,
          "max_hp": 252,
          "source": "unknown"
        },
        {
          "seq": 5,
          "type": "heal",
          "target_uid": "p1-0",
          "amount": null,
          "hp_after": 77,
          "max_hp": 291,
          "source": "unknown"
        },
        {
          "seq": 6,
          "type": "damage",
          "target_uid": "p2-0",
          "amount": null,
          "hp_after": 36,
          "max_hp": 252,
          "effectiveness": "neutral",
          "crit": false,
          "source": "move"
        }
      ],
      "state_after": {
        "sides": {
          "p1": {
            "active": [],
            "side_conditions": []
          },
          "p2": {
            "active": [],
            "side_conditions": []
          }
        },
        "field": {
          "global_conditions": [],
          "weather": null
        },
        "clocks": {
          "p1": 150,
          "p2": 150
        }
      }
    },
    {
      "turn_number": 33,
      "events": [
        {
          "seq": 0,
          "type": "move",
          "player": "p1",
          "pokemon_uid": "p1-0",
          "move_id": "protect",
          "target_uid": "p1-0"
        },
        {
          "seq": 1,
          "type": "effect",
          "effect_type": "singleturn",
          "raw_parts": [
            "-singleturn",
            "p1a: Garganacl",
            "Protect"
          ]
        },
        {
          "seq": 2,
          "type": "move",
          "player": "p2",
          "pokemon_uid": "p2-0",
          "move_id": "strangesteam",
          "target_uid": "p1-0"
        },
        {
          "seq": 3,
          "type": "effect",
          "effect_type": "activate",
          "raw_parts": [
            "-activate",
            "p1a: Garganacl",
            "move: Protect"
          ]
        },
        {
          "seq": 4,
          "type": "heal",
          "target_uid": "p2-0",
          "amount": null,
          "hp_after": 51,
          "max_hp": 252,
          "source": "unknown"
        },
        {
          "seq": 5,
          "type": "heal",
          "target_uid": "p1-0",
          "amount": null,
          "hp_after": 95,
          "max_hp": 291,
          "source": "unknown"
        },
        {
          "seq": 6,
          "type": "damage",
          "target_uid": "p2-0",
          "amount": null,
          "hp_after": 20,
          "max_hp": 252,
          "effectiveness": "neutral",
          "crit": false,
          "source": "move"
        }
      ],
      "state_after": {
        "sides": {
          "p1": {
            "active": [],
            "side_conditions": []
          },
          "p2": {
            "active": [],
            "side_conditions": []
          }
        },
        "field": {
          "global_conditions": [],
          "weather": null
        },
        "clocks": {
          "p1": 150,
          "p2": 150
        }
      }
    },
    {
      "turn_number": 34,
      "events": [
        {
          "seq": 0,
          "type": "move",
          "player": "p2",
          "pokemon_uid": "p2-0",
          "move_id": "strangesteam",
          "target_uid": "p1-0"
        },
        {
          "seq": 1,
          "type": "damage",
          "target_uid": "p1-0",
          "amount": null,
          "hp_after": 0,
          "max_hp": null,
          "effectiveness": "neutral",
          "crit": false,
          "source": "move"
        },
        {
          "seq": 2,
          "type": "faint",
          "target_uid": "p1-0"
        },
        {
          "seq": 3,
          "type": "heal",
          "target_uid": "p2-0",
          "amount": null,
          "hp_after": 35,
          "max_hp": 252,
          "source": "unknown"
        },
        {
          "seq": 4,
          "type": "damage",
          "target_uid": "p2-0",
          "amount": null,
          "hp_after": 4,
          "max_hp": 252,
          "effectiveness": "neutral",
          "crit": false,
          "source": "move"
        },
        {
          "seq": 5,
          "type": "switch",
          "player": "p1",
          "pokemon_uid": "p1-5",
          "into_uid": "p1-5"
        }
      ],
      "state_after": {
        "sides": {
          "p1": {
            "active": [],
            "side_conditions": []
          },
          "p2": {
            "active": [],
            "side_conditions": []
          }
        },
        "field": {
          "global_conditions": [],
          "weather": null
        },
        "clocks": {
          "p1": 150,
          "p2": 150
        }
      }
    },
    {
      "turn_number": 35,
      "events": [
        {
          "seq": 0,
          "type": "move",
          "player": "p1",
          "pokemon_uid": "p1-5",
          "move_id": "iciclecrash",
          "target_uid": "p2-0"
        },
        {
          "seq": 1,
          "type": "effect",
          "effect_type": "miss",
          "raw_parts": [
            "-miss",
            "p1a: Baxcalibur",
            "p2a: Weezing"
          ]
        },
        {
          "seq": 2,
          "type": "move",
          "player": "p2",
          "pokemon_uid": "p2-0",
          "move_id": "strangesteam",
          "target_uid": "p1-5"
        },
        {
          "seq": 3,
          "type": "effect",
          "effect_type": "supereffective",
          "raw_parts": [
            "-supereffective",
            "p1a: Baxcalibur"
          ]
        },
        {
          "seq": 4,
          "type": "damage",
          "target_uid": "p1-5",
          "amount": null,
          "hp_after": 80,
          "max_hp": 296,
          "effectiveness": "neutral",
          "crit": false,
          "source": "move"
        },
        {
          "seq": 5,
          "type": "effect",
          "effect_type": "start",
          "raw_parts": [
            "-start",
            "p1a: Baxcalibur",
            "confusion"
          ]
        },
        {
          "seq": 6,
          "type": "heal",
          "target_uid": "p2-0",
          "amount": null,
          "hp_after": 19,
          "max_hp": 252,
          "source": "unknown"
        },
        {
          "seq": 7,
          "type": "damage",
          "target_uid": "p2-0",
          "amount": null,
          "hp_after": 0,
          "max_hp": null,
          "effectiveness": "neutral",
          "crit": false,
          "source": "move"
        },
        {
          "seq": 8,
          "type": "faint",
          "target_uid": "p2-0"
        },
        {
          "seq": 9,
          "type": "switch",
          "player": "p2",
          "pokemon_uid": "p2-4",
          "into_uid": "p2-4"
        }
      ],
      "state_after": {
        "sides": {
          "p1": {
            "active": [],
            "side_conditions": []
          },
          "p2": {
            "active": [],
            "side_conditions": []
          }
        },
        "field": {
          "global_conditions": [],
          "weather": null
        },
        "clocks": {
          "p1": 150,
          "p2": 150
        }
      }
    },
    {
      "turn_number": 36,
      "events": [
        {
          "seq": 0,
          "type": "move",
          "player": "p2",
          "pokemon_uid": "p2-4",
          "move_id": "bodypress",
          "target_uid": "p1-5"
        },
        {
          "seq": 1,
          "type": "effect",
          "effect_type": "supereffective",
          "raw_parts": [
            "-supereffective",
            "p1a: Baxcalibur"
          ]
        },
        {
          "seq": 2,
          "type": "damage",
          "target_uid": "p1-5",
          "amount": null,
          "hp_after": 0,
          "max_hp": null,
          "effectiveness": "neutral",
          "crit": false,
          "source": "move"
        },
        {
          "seq": 3,
          "type": "faint",
          "target_uid": "p1-5"
        }
      ],
      "state_after": {
        "sides": {
          "p1": {
            "active": [],
            "side_conditions": []
          },
          "p2": {
            "active": [],
            "side_conditions": []
          }
        },
        "field": {
          "global_conditions": [],
          "weather": null
        },
        "clocks": {
          "p1": 150,
          "p2": 150
        }
      }
    }
  ],
  "summary": {
    "pokemon_used": {
      "p1": [
        "p1-0",
        "p1-1",
        "p1-2",
        "p1-3",
        "p1-4",
        "p1-5"
      ],
      "p2": [
        "p2-0",
        "p2-1",
        "p2-2",
        "p2-3",
        "p2-4"
      ]
    },
    "fainted_order": {
      "p1": [],
      "p2": []
    },
    "major_events": null
  },
  "integrity": {
    "validated": true,
    "issues": [],
    "sha256_raw_log": "3c6a9f032348213df7437385f45a45ae",
    "generation_time_ms": 0
  }
}