{
  "schema_version": "1.0.0",
  "battle_id": "gen9randombattle-2390572132",
  "format_id": "gen9randombattle",
  "metadata": {
    "timestamp_unix": 1750730810,
    "total_turns": 29,
    "outcome": {
      "result": "win",
      "winner": "p2",
      "reason": "all_fainted"
    }
  },
  "players": {
    "p1": {
      "name": "bajram1892",
      "ladder_rating_pre": 2155,
      "ladder_rating_change": null
    },
    "p2": {
      "name": "Shaky3",
      "ladder_rating_pre": 2266,
      "ladder_rating_change": null
    }
  },
  "team_revelation": {
    "format_type": "random_battle",
    "revelation_pattern": "progressive",
    "teams_fully_revealed": false,
    "teams": {
      "p1": [
        {
          "pokemon_uid": "p1-0",
          "species": "Milotic",
          "nickname": null,
          "level": 83,
          "gender": "M",
          "first_seen_turn": 1,
          "revelation_status": "partially_revealed",
          "known_ability": null,
          "known_item": null,
          "known_tera_type": null,
          "base_stats": {
            "hp": 293,
            "attack": null,
            "defense": null,
            "sp_attack": null,
            "sp_defense": null,
            "speed": null
          },
          "known_moves": [],
          "unknown_move_slots": 4
        },
        {
          "pokemon_uid": "p1-1",
          "species": "Magnezone",
          "nickname": null,
          "level": 85,
          "gender": null,
          "first_seen_turn": 1,
          "revelation_status": "partially_revealed",
          "known_ability": null,
          "known_item": null,
          "known_tera_type": null,
          "base_stats": {
            "hp": 258,
            "attack": null,
            "defense": null,
            "sp_attack": null,
            "sp_defense": null,
            "speed": null
          },
          "known_moves": [],
          "unknown_move_slots": 4
        },
        {
          "pokemon_uid": "p1-2",
          "species": "Drifblim",
          "nickname": null,
          "level": 86,
          "gender": "M",
          "first_seen_turn": 1,
          "revelation_status": "partially_revealed",
          "known_ability": null,
          "known_item": null,
          "known_tera_type": null,
          "base_stats": {
            "hp": 396,
            "attack": null,
            "defense": null,
            "sp_attack": null,
            "sp_defense": null,
            "speed": null
          },
          "known_moves": [],
          "unknown_move_slots": 4
        },
        {
          "pokemon_uid": "p1-3",
          "species": "Furret",
          "nickname": null,
          "level": 94,
          "gender": "F",
          "first_seen_turn": 1,
          "revelation_status": "partially_revealed",
          "known_ability": null,
          "known_item": null,
          "known_tera_type": null,
          "base_stats": {
            "hp": 312,
            "attack": null,
            "defense": null,
            "sp_attack": null,
            "sp_defense": null,
            "speed": null
          },
          "known_moves": [],
          "unknown_move_slots": 4
        },
        {
          "pokemon_uid": "p1-4",
          "species": "Gogoat",
          "nickname": null,
          "level": 88,
          "gender": "F",
          "first_seen_turn": 1,
          "revelation_status": "partially_revealed",
          "known_ability": null,
          "known_item": null,
          "known_tera_type": null,
          "base_stats": {
            "hp": 360,
            "attack": null,
            "defense": null,
            "sp_attack": null,
            "sp_defense": null,
            "speed": null
          },
          "known_moves": [],
          "unknown_move_slots": 4
        },
        {
          "pokemon_uid": "p1-5",
          "species": "Registeel",
          "nickname": null,
          "level": 81,
          "gender": null,
          "first_seen_turn": 1,
          "revelation_status": "partially_revealed",
          "known_ability": null,
          "known_item": null,
          "known_tera_type": null,
          "base_stats": {
            "hp": 262,
            "attack": null,
            "defense": null,
            "sp_attack": null,
            "sp_defense": null,
            "speed": null
          },
          "known_moves": [],
          "unknown_move_slots": 4
        }
      ],
      "p2": [
        {
          "pokemon_uid": "p2-0",
          "species": "Iron Boulder",
          "nickname": null,
          "level": 77,
          "gender": null,
          "first_seen_turn": 1,
          "revelation_status": "partially_revealed",
          "known_ability": null,
          "known_item": null,
          "known_tera_type": null,
          "base_stats": {
            "hp": 265,
            "attack": null,
            "defense": null,
            "sp_attack": null,
            "sp_defense": null,
            "speed": null
          },
          "known_moves": [],
          "unknown_move_slots": 4
        },
        {
          "pokemon_uid": "p2-1",
          "species": "Blissey",
          "nickname": null,
          "level": 85,
          "gender": "F",
          "first_seen_turn": 1,
          "revelation_status": "partially_revealed",
          "known_ability": null,
          "known_item": null,
          "known_tera_type": null,
          "base_stats": {
            "hp": 572,
            "attack": null,
            "defense": null,
            "sp_attack": null,
            "sp_defense": null,
            "speed": null
          },
          "known_moves": [],
          "unknown_move_slots": 4
        },
        {
          "pokemon_uid": "p2-2",
          "species": "Dusknoir",
          "nickname": null,
          "level": 89,
          "gender": "F",
          "first_seen_turn": 1,
          "revelation_status": "partially_revealed",
          "known_ability": null,
          "known_item": null,
          "known_tera_type": null,
          "base_stats": {
            "hp": 225,
            "attack": null,
            "defense": null,
            "sp_attack": null,
            "sp_defense": null,
            "speed": null
          },
          "known_moves": [],
          "unknown_move_slots": 4
        },
        {
          "pokemon_uid": "p2-3",
          "species": "Zarude",
          "nickname": null,
          "level": 77,
          "gender": null,
          "first_seen_turn": 1,
          "revelation_status": "partially_revealed",
          "known_ability": null,
          "known_item": null,
          "known_tera_type": null,
          "base_stats": {
            "hp": 288,
            "attack": null,
            "defense": null,
            "sp_attack": null,
            "sp_defense": null,
            "speed": null
          },
          "known_moves": [],
          "unknown_move_slots": 4
        },
        {
          "pokemon_uid": "p2-4",
          "species": "Jirachi",
          "nickname": null,
          "level": 80,
          "gender": null,
          "first_seen_turn": 1,
          "revelation_status": "partially_revealed",
          "known_ability": null,
          "known_item": null,
          "known_tera_type": null,
          "base_stats": {
            "hp": 291,
            "attack": null,
            "defense": null,
            "sp_attack": null,
            "sp_defense": null,
            "speed": null
          },
          "known_moves": [],
          "unknown_move_slots": 4
        },
        {
          "pokemon_uid": "p2-5",
          "species": "Ting",
          "nickname": "Ting-Lu",
          "level": 78,
          "gender": null,
          "first_seen_turn": 1,
          "revelation_status": "partially_revealed",
          "known_ability": null,
          "known_item": null,
          "known_tera_type": null,
          "base_stats": {
            "hp": 370,
            "attack": null,
            "defense": null,
            "sp_attack": null,
            "sp_defense": null,
            "speed": null
          },
          "known_moves": [],
          "unknown_move_slots": 4
        }
      ]
    },
    "team_size": {
      "p1": {
        "known": 6,
        "assumed_total": 6,
        "confirmed": false
      },
      "p2": {
        "known": 6,
        "assumed_total": 6,
        "confirmed": false
      }
    }
  },
  "turns": [
    {
      "turn_number": 1,
      "events": [
        {
          "seq": 0,
          "type": "effect",
          "effect_type": "end",
          "raw_parts": [
            "-end",
            "p2a: Iron Boulder",
            "Quark Drive",
            "[silent]"
          ]
        },
        {
          "seq": 1,
          "type": "switch",
          "player": "p2",
          "pokemon_uid": "p2-1",
          "into_uid": "p2-1"
        },
        {
          "seq": 2,
          "type": "move",
          "player": "p1",
          "pokemon_uid": "p1-0",
          "move_id": "scald",
          "target_uid": "p2-1"
        },
        {
          "seq": 3,
          "type": "damage",
          "target_uid": "p2-1",
          "amount": null,
          "hp_after": 512,
          "max_hp": 572,
          "effectiveness": "neutral",
          "crit": false,
          "source": "move"
        },
        {
          "seq": 4,
          "type": "heal",
          "target_uid": "p2-1",
          "amount": null,
          "hp_after": 547,
          "max_hp": 572,
          "source": "unknown"
        }
      ],
      "state_after": {
        "sides": {
          "p1": {
            "active": [],
            "side_conditions": []
          },
          "p2": {
            "active": [],
            "side_conditions": []
          }
        },
        "field": {
          "global_conditions": [],
          "weather": null
        },
        "clocks": {
          "p1": 150,
          "p2": 150
        }
      }
    },
    {
      "turn_number": 2,
      "events": [
        {
          "seq": 0,
          "type": "switch",
          "player": "p1",
          "pokemon_uid": "p1-1",
          "into_uid": "p1-1"
        },
        {
          "seq": 1,
          "type": "move",
          "player": "p2",
          "pokemon_uid": "p2-1",
          "move_id": "thunderwave",
          "target_uid": "p1-1"
        },
        {
          "seq": 2,
          "type": "effect",
          "effect_type": "immune",
          "raw_parts": [
            "-immune",
            "p1a: Magnezone"
          ]
        },
        {
          "seq": 3,
          "type": "heal",
          "target_uid": "p2-1",
          "amount": null,
          "hp_after": 572,
          "max_hp": 572,
          "source": "unknown"
        }
      ],
      "state_after": {
        "sides": {
          "p1": {
            "active": [],
            "side_conditions": []
          },
          "p2": {
            "active": [],
            "side_conditions": []
          }
        },
        "field": {
          "global_conditions": [],
          "weather": null
        },
        "clocks": {
          "p1": 150,
          "p2": 150
        }
      }
    },
    {
      "turn_number": 3,
      "events": [
        {
          "seq": 0,
          "type": "move",
          "player": "p1",
          "pokemon_uid": "p1-1",
          "move_id": "voltswitch",
          "target_uid": "p2-1"
        },
        {
          "seq": 1,
          "type": "damage",
          "target_uid": "p2-1",
          "amount": null,
          "hp_after": 508,
          "max_hp": 572,
          "effectiveness": "neutral",
          "crit": false,
          "source": "move"
        },
        {
          "seq": 2,
          "type": "switch",
          "player": "p1",
          "pokemon_uid": "p1-2",
          "into_uid": "p1-2"
        },
        {
          "seq": 3,
          "type": "move",
          "player": "p2",
          "pokemon_uid": "p2-1",
          "move_id": "soft-boiled",
          "target_uid": "p2-1"
        },
        {
          "seq": 4,
          "type": "heal",
          "target_uid": "p2-1",
          "amount": null,
          "hp_after": 572,
          "max_hp": 572,
          "source": "unknown"
        }
      ],
      "state_after": {
        "sides": {
          "p1": {
            "active": [],
            "side_conditions": []
          },
          "p2": {
            "active": [],
            "side_conditions": []
          }
        },
        "field": {
          "global_conditions": [],
          "weather": null
        },
        "clocks": {
          "p1": 150,
          "p2": 150
        }
      }
    },
    {
      "turn_number": 4,
      "events": [
        {
          "seq": 0,
          "type": "switch",
          "player": "p1",
          "pokemon_uid": "p1-1",
          "into_uid": "p1-1"
        },
        {
          "seq": 1,
          "type": "move",
          "player": "p2",
          "pokemon_uid": "p2-1",
          "move_id": "thunderwave",
          "target_uid": "p1-1"
        },
        {
          "seq": 2,
          "type": "effect",
          "effect_type": "immune",
          "raw_parts": [
            "-immune",
            "p1a: Magnezone"
          ]
        }
      ],
      "state_after": {
        "sides": {
          "p1": {
            "active": [],
            "side_conditions": []
          },
          "p2": {
            "active": [],
            "side_conditions": []
          }
        },
        "field": {
          "global_conditions": [],
          "weather": null
        },
        "clocks": {
          "p1": 150,
          "p2": 150
        }
      }
    },
    {
      "turn_number": 5,
      "events": [
        {
          "seq": 0,
          "type": "move",
          "player": "p1",
          "pokemon_uid": "p1-1",
          "move_id": "bodypress",
          "target_uid": "p2-1"
        },
        {
          "seq": 1,
          "type": "effect",
          "effect_type": "supereffective",
          "raw_parts": [
            "-supereffective",
            "p2a: Blissey"
          ]
        },
        {
          "seq": 2,
          "type": "damage",
          "target_uid": "p2-1",
          "amount": null,
          "hp_after": 210,
          "max_hp": 572,
          "effectiveness": "neutral",
          "crit": false,
          "source": "move"
        },
        {
          "seq": 3,
          "type": "move",
          "player": "p2",
          "pokemon_uid": "p2-1",
          "move_id": "thunderwave",
          "target_uid": "p1-1"
        },
        {
          "seq": 4,
          "type": "effect",
          "effect_type": "immune",
          "raw_parts": [
            "-immune",
            "p1a: Magnezone"
          ]
        },
        {
          "seq": 5,
          "type": "heal",
          "target_uid": "p2-1",
          "amount": null,
          "hp_after": 245,
          "max_hp": 572,
          "source": "unknown"
        }
      ],
      "state_after": {
        "sides": {
          "p1": {
            "active": [],
            "side_conditions": []
          },
          "p2": {
            "active": [],
            "side_conditions": []
          }
        },
        "field": {
          "global_conditions": [],
          "weather": null
        },
        "clocks": {
          "p1": 150,
          "p2": 150
        }
      }
    },
    {
      "turn_number": 6,
      "events": [
        {
          "seq": 0,
          "type": "switch",
          "player": "p2",
          "pokemon_uid": "p2-2",
          "into_uid": "p2-2"
        },
        {
          "seq": 1,
          "type": "effect",
          "effect_type": "item",
          "raw_parts": [
            "-item",
            "p1a: Magnezone",
            "Assault Vest",
            "[from] ability: Frisk",
            "[of] p2a: Dusknoir"
          ]
        },
        {
          "seq": 2,
          "type": "move",
          "player": "p1",
          "pokemon_uid": "p1-1",
          "move_id": "voltswitch",
          "target_uid": "p2-2"
        },
        {
          "seq": 3,
          "type": "damage",
          "target_uid": "p2-2",
          "amount": null,
          "hp_after": 138,
          "max_hp": 225,
          "effectiveness": "neutral",
          "crit": false,
          "source": "move"
        },
        {
          "seq": 4,
          "type": "switch",
          "player": "p1",
          "pokemon_uid": "p1-3",
          "into_uid": "p1-3"
        },
        {
          "seq": 5,
          "type": "effect",
          "effect_type": "item",
          "raw_parts": [
            "-item",
            "p2a: Dusknoir",
            "Leftovers",
            "[from] ability: Frisk",
            "[of] p1a: Furret"
          ]
        },
        {
          "seq": 6,
          "type": "heal",
          "target_uid": "p2-2",
          "amount": null,
          "hp_after": 152,
          "max_hp": 225,
          "source": "unknown"
        }
      ],
      "state_after": {
        "sides": {
          "p1": {
            "active": [],
            "side_conditions": []
          },
          "p2": {
            "active": [],
            "side_conditions": []
          }
        },
        "field": {
          "global_conditions": [],
          "weather": null
        },
        "clocks": {
          "p1": 150,
          "p2": 150
        }
      }
    },
    {
      "turn_number": 7,
      "events": [
        {
          "seq": 0,
          "type": "move",
          "player": "p1",
          "pokemon_uid": "p1-3",
          "move_id": "knockoff",
          "target_uid": "p2-2"
        },
        {
          "seq": 1,
          "type": "effect",
          "effect_type": "supereffective",
          "raw_parts": [
            "-supereffective",
            "p2a: Dusknoir"
          ]
        },
        {
          "seq": 2,
          "type": "damage",
          "target_uid": "p2-2",
          "amount": null,
          "hp_after": 8,
          "max_hp": 225,
          "effectiveness": "neutral",
          "crit": false,
          "source": "move"
        },
        {
          "seq": 3,
          "type": "effect",
          "effect_type": "enditem",
          "raw_parts": [
            "-enditem",
            "p2a: Dusknoir",
            "Leftovers",
            "[from] move: Knock Off",
            "[of] p1a: Furret"
          ]
        },
        {
          "seq": 4,
          "type": "move",
          "player": "p2",
          "pokemon_uid": "p2-2",
          "move_id": "will-o-wisp",
          "target_uid": "p1-3"
        },
        {
          "seq": 5,
          "type": "effect",
          "effect_type": "miss",
          "raw_parts": [
            "-miss",
            "p2a: Dusknoir",
            "p1a: Furret"
          ]
        }
      ],
      "state_after": {
        "sides": {
          "p1": {
            "active": [],
            "side_conditions": []
          },
          "p2": {
            "active": [],
            "side_conditions": []
          }
        },
        "field": {
          "global_conditions": [],
          "weather": null
        },
        "clocks": {
          "p1": 150,
          "p2": 150
        }
      }
    },
    {
      "turn_number": 8,
      "events": [
        {
          "seq": 0,
          "type": "move",
          "player": "p1",
          "pokemon_uid": "p1-3",
          "move_id": "knockoff",
          "target_uid": "p2-2"
        },
        {
          "seq": 1,
          "type": "effect",
          "effect_type": "supereffective",
          "raw_parts": [
            "-supereffective",
            "p2a: Dusknoir"
          ]
        },
        {
          "seq": 2,
          "type": "damage",
          "target_uid": "p2-2",
          "amount": null,
          "hp_after": 0,
          "max_hp": null,
          "effectiveness": "neutral",
          "crit": false,
          "source": "move"
        },
        {
          "seq": 3,
          "type": "faint",
          "target_uid": "p2-2"
        },
        {
          "seq": 4,
          "type": "switch",
          "player": "p2",
          "pokemon_uid": "p2-3",
          "into_uid": "p2-3"
        }
      ],
      "state_after": {
        "sides": {
          "p1": {
            "active": [],
            "side_conditions": []
          },
          "p2": {
            "active": [],
            "side_conditions": []
          }
        },
        "field": {
          "global_conditions": [],
          "weather": null
        },
        "clocks": {
          "p1": 150,
          "p2": 150
        }
      }
    },
    {
      "turn_number": 9,
      "events": [
        {
          "seq": 0,
          "type": "switch",
          "player": "p1",
          "pokemon_uid": "p1-4",
          "into_uid": "p1-4"
        },
        {
          "seq": 1,
          "type": "move",
          "player": "p2",
          "pokemon_uid": "p2-3",
          "move_id": "swordsdance",
          "target_uid": "p2-3"
        },
        {
          "seq": 2,
          "type": "stat_change",
          "target_uid": "p2-3",
          "stat": "atk",
          "amount": 2
        }
      ],
      "state_after": {
        "sides": {
          "p1": {
            "active": [],
            "side_conditions": []
          },
          "p2": {
            "active": [],
            "side_conditions": []
          }
        },
        "field": {
          "global_conditions": [],
          "weather": null
        },
        "clocks": {
          "p1": 150,
          "p2": 150
        }
      }
    },
    {
      "turn_number": 10,
      "events": [
        {
          "seq": 0,
          "type": "move",
          "player": "p2",
          "pokemon_uid": "p2-3",
          "move_id": "knockoff",
          "target_uid": "p1-4"
        },
        {
          "seq": 1,
          "type": "damage",
          "target_uid": "p1-4",
          "amount": null,
          "hp_after": 27,
          "max_hp": 360,
          "effectiveness": "neutral",
          "crit": false,
          "source": "move"
        },
        {
          "seq": 2,
          "type": "effect",
          "effect_type": "enditem",
          "raw_parts": [
            "-enditem",
            "p1a: Gogoat",
            "Leftovers",
            "[from] move: Knock Off",
            "[of] p2a: Zarude"
          ]
        },
        {
          "seq": 3,
          "type": "damage",
          "target_uid": "p2-3",
          "amount": null,
          "hp_after": 260,
          "max_hp": 288,
          "effectiveness": "neutral",
          "crit": false,
          "source": "move"
        },
        {
          "seq": 4,
          "type": "move",
          "player": "p1",
          "pokemon_uid": "p1-4",
          "move_id": "bulkup",
          "target_uid": "p1-4"
        },
        {
          "seq": 5,
          "type": "stat_change",
          "target_uid": "p1-4",
          "stat": "atk",
          "amount": 1
        },
        {
          "seq": 6,
          "type": "stat_change",
          "target_uid": "p1-4",
          "stat": "def",
          "amount": 1
        }
      ],
      "state_after": {
        "sides": {
          "p1": {
            "active": [],
            "side_conditions": []
          },
          "p2": {
            "active": [],
            "side_conditions": []
          }
        },
        "field": {
          "global_conditions": [],
          "weather": null
        },
        "clocks": {
          "p1": 150,
          "p2": 150
        }
      }
    },
    {
      "turn_number": 11,
      "events": [
        {
          "seq": 0,
          "type": "move",
          "player": "p2",
          "pokemon_uid": "p2-3",
          "move_id": "knockoff",
          "target_uid": "p1-4"
        },
        {
          "seq": 1,
          "type": "damage",
          "target_uid": "p1-4",
          "amount": null,
          "hp_after": 0,
          "max_hp": null,
          "effectiveness": "neutral",
          "crit": false,
          "source": "move"
        },
        {
          "seq": 2,
          "type": "faint",
          "target_uid": "p1-4"
        },
        {
          "seq": 3,
          "type": "damage",
          "target_uid": "p2-3",
          "amount": null,
          "hp_after": 232,
          "max_hp": 288,
          "effectiveness": "neutral",
          "crit": false,
          "source": "move"
        },
        {
          "seq": 4,
          "type": "switch",
          "player": "p1",
          "pokemon_uid": "p1-3",
          "into_uid": "p1-3"
        },
        {
          "seq": 5,
          "type": "effect",
          "effect_type": "item",
          "raw_parts": [
            "-item",
            "p2a: Zarude",
            "Life Orb",
            "[from] ability: Frisk",
            "[of] p1a: Furret"
          ]
        }
      ],
      "state_after": {
        "sides": {
          "p1": {
            "active": [],
            "side_conditions": []
          },
          "p2": {
            "active": [],
            "side_conditions": []
          }
        },
        "field": {
          "global_conditions": [],
          "weather": null
        },
        "clocks": {
          "p1": 150,
          "p2": 150
        }
      }
    },
    {
      "turn_number": 12,
      "events": [
        {
          "seq": 0,
          "type": "switch",
          "player": "p2",
          "pokemon_uid": "p2-4",
          "into_uid": "p2-4"
        },
        {
          "seq": 1,
          "type": "move",
          "player": "p1",
          "pokemon_uid": "p1-3",
          "move_id": "u-turn",
          "target_uid": "p2-4"
        },
        {
          "seq": 2,
          "type": "damage",
          "target_uid": "p2-4",
          "amount": null,
          "hp_after": 215,
          "max_hp": 291,
          "effectiveness": "neutral",
          "crit": false,
          "source": "move"
        },
        {
          "seq": 3,
          "type": "switch",
          "player": "p1",
          "pokemon_uid": "p1-1",
          "into_uid": "p1-1"
        }
      ],
      "state_after": {
        "sides": {
          "p1": {
            "active": [],
            "side_conditions": []
          },
          "p2": {
            "active": [],
            "side_conditions": []
          }
        },
        "field": {
          "global_conditions": [],
          "weather": null
        },
        "clocks": {
          "p1": 150,
          "p2": 150
        }
      }
    },
    {
      "turn_number": 13,
      "events": [
        {
          "seq": 0,
          "type": "move",
          "player": "p2",
          "pokemon_uid": "p2-4",
          "move_id": "drainpunch",
          "target_uid": "p1-1"
        },
        {
          "seq": 1,
          "type": "effect",
          "effect_type": "supereffective",
          "raw_parts": [
            "-supereffective",
            "p1a: Magnezone"
          ]
        },
        {
          "seq": 2,
          "type": "damage",
          "target_uid": "p1-1",
          "amount": null,
          "hp_after": 172,
          "max_hp": 258,
          "effectiveness": "neutral",
          "crit": false,
          "source": "move"
        },
        {
          "seq": 3,
          "type": "heal",
          "target_uid": "p2-4",
          "amount": null,
          "hp_after": 258,
          "max_hp": 291,
          "source": "unknown"
        },
        {
          "seq": 4,
          "type": "move",
          "player": "p1",
          "pokemon_uid": "p1-1",
          "move_id": "thunderbolt",
          "target_uid": "p2-4"
        },
        {
          "seq": 5,
          "type": "damage",
          "target_uid": "p2-4",
          "amount": null,
          "hp_after": 156,
          "max_hp": 291,
          "effectiveness": "neutral",
          "crit": false,
          "source": "move"
        }
      ],
      "state_after": {
        "sides": {
          "p1": {
            "active": [],
            "side_conditions": []
          },
          "p2": {
            "active": [],
            "side_conditions": []
          }
        },
        "field": {
          "global_conditions": [],
          "weather": null
        },
        "clocks": {
          "p1": 150,
          "p2": 150
        }
      }
    },
    {
      "turn_number": 14,
      "events": [
        {
          "seq": 0,
          "type": "move",
          "player": "p2",
          "pokemon_uid": "p2-4",
          "move_id": "drainpunch",
          "target_uid": "p1-1"
        },
        {
          "seq": 1,
          "type": "effect",
          "effect_type": "supereffective",
          "raw_parts": [
            "-supereffective",
            "p1a: Magnezone"
          ]
        },
        {
          "seq": 2,
          "type": "damage",
          "target_uid": "p1-1",
          "amount": null,
          "hp_after": 88,
          "max_hp": 258,
          "effectiveness": "neutral",
          "crit": false,
          "source": "move"
        },
        {
          "seq": 3,
          "type": "heal",
          "target_uid": "p2-4",
          "amount": null,
          "hp_after": 198,
          "max_hp": 291,
          "source": "unknown"
        },
        {
          "seq": 4,
          "type": "move",
          "player": "p1",
          "pokemon_uid": "p1-1",
          "move_id": "thunderbolt",
          "target_uid": "p2-4"
        },
        {
          "seq": 5,
          "type": "damage",
          "target_uid": "p2-4",
          "amount": null,
          "hp_after": 95,
          "max_hp": 291,
          "effectiveness": "neutral",
          "crit": false,
          "source": "move"
        }
      ],
      "state_after": {
        "sides": {
          "p1": {
            "active": [],
            "side_conditions": []
          },
          "p2": {
            "active": [],
            "side_conditions": []
          }
        },
        "field": {
          "global_conditions": [],
          "weather": null
        },
        "clocks": {
          "p1": 150,
          "p2": 150
        }
      }
    },
    {
      "turn_number": 15,
      "events": [
        {
          "seq": 0,
          "type": "move",
          "player": "p2",
          "pokemon_uid": "p2-4",
          "move_id": "ironhead",
          "target_uid": "p1-1"
        },
        {
          "seq": 1,
          "type": "effect",
          "effect_type": "resisted",
          "raw_parts": [
            "-resisted",
            "p1a: Magnezone"
          ]
        },
        {
          "seq": 2,
          "type": "damage",
          "target_uid": "p1-1",
          "amount": null,
          "hp_after": 74,
          "max_hp": 258,
          "effectiveness": "neutral",
          "crit": false,
          "source": "move"
        }
      ],
      "state_after": {
        "sides": {
          "p1": {
            "active": [],
            "side_conditions": []
          },
          "p2": {
            "active": [],
            "side_conditions": []
          }
        },
        "field": {
          "global_conditions": [],
          "weather": null
        },
        "clocks": {
          "p1": 150,
          "p2": 150
        }
      }
    },
    {
      "turn_number": 16,
      "events": [
        {
          "seq": 0,
          "type": "move",
          "player": "p2",
          "pokemon_uid": "p2-4",
          "move_id": "drainpunch",
          "target_uid": "p1-1"
        },
        {
          "seq": 1,
          "type": "effect",
          "effect_type": "supereffective",
          "raw_parts": [
            "-supereffective",
            "p1a: Magnezone"
          ]
        },
        {
          "seq": 2,
          "type": "damage",
          "target_uid": "p1-1",
          "amount": null,
          "hp_after": 0,
          "max_hp": null,
          "effectiveness": "neutral",
          "crit": false,
          "source": "move"
        },
        {
          "seq": 3,
          "type": "heal",
          "target_uid": "p2-4",
          "amount": null,
          "hp_after": 132,
          "max_hp": 291,
          "source": "unknown"
        },
        {
          "seq": 4,
          "type": "faint",
          "target_uid": "p1-1"
        },
        {
          "seq": 5,
          "type": "switch",
          "player": "p1",
          "pokemon_uid": "p1-3",
          "into_uid": "p1-3"
        },
        {
          "seq": 6,
          "type": "effect",
          "effect_type": "item",
          "raw_parts": [
            "-item",
            "p2a: Jirachi",
            "Assault Vest",
            "[from] ability: Frisk",
            "[of] p1a: Furret"
          ]
        }
      ],
      "state_after": {
        "sides": {
          "p1": {
            "active": [],
            "side_conditions": []
          },
          "p2": {
            "active": [],
            "side_conditions": []
          }
        },
        "field": {
          "global_conditions": [],
          "weather": null
        },
        "clocks": {
          "p1": 150,
          "p2": 150
        }
      }
    },
    {
      "turn_number": 17,
      "events": [
        {
          "seq": 0,
          "type": "form_change",
          "target_uid": "p2-4",
          "mechanic": "terastallize",
          "tera_type": "Fighting"
        },
        {
          "seq": 1,
          "type": "move",
          "player": "p1",
          "pokemon_uid": "p1-3",
          "move_id": "knockoff",
          "target_uid": "p2-4"
        },
        {
          "seq": 2,
          "type": "effect",
          "effect_type": "resisted",
          "raw_parts": [
            "-resisted",
            "p2a: Jirachi"
          ]
        },
        {
          "seq": 3,
          "type": "damage",
          "target_uid": "p2-4",
          "amount": null,
          "hp_after": 81,
          "max_hp": 291,
          "effectiveness": "neutral",
          "crit": false,
          "source": "move"
        },
        {
          "seq": 4,
          "type": "effect",
          "effect_type": "enditem",
          "raw_parts": [
            "-enditem",
            "p2a: Jirachi",
            "Assault Vest",
            "[from] move: Knock Off",
            "[of] p1a: Furret"
          ]
        },
        {
          "seq": 5,
          "type": "move",
          "player": "p2",
          "pokemon_uid": "p2-4",
          "move_id": "drainpunch",
          "target_uid": "p1-3"
        },
        {
          "seq": 6,
          "type": "effect",
          "effect_type": "supereffective",
          "raw_parts": [
            "-supereffective",
            "p1a: Furret"
          ]
        },
        {
          "seq": 7,
          "type": "damage",
          "target_uid": "p1-3",
          "amount": null,
          "hp_after": 144,
          "max_hp": 312,
          "effectiveness": "neutral",
          "crit": false,
          "source": "move"
        },
        {
          "seq": 8,
          "type": "heal",
          "target_uid": "p2-4",
          "amount": null,
          "hp_after": 165,
          "max_hp": 291,
          "source": "unknown"
        }
      ],
      "state_after": {
        "sides": {
          "p1": {
            "active": [],
            "side_conditions": []
          },
          "p2": {
            "active": [],
            "side_conditions": []
          }
        },
        "field": {
          "global_conditions": [],
          "weather": null
        },
        "clocks": {
          "p1": 150,
          "p2": 150
        }
      }
    },
    {
      "turn_number": 18,
      "events": [
        {
          "seq": 0,
          "type": "switch",
          "player": "p1",
          "pokemon_uid": "p1-2",
          "into_uid": "p1-2"
        },
        {
          "seq": 1,
          "type": "move",
          "player": "p2",
          "pokemon_uid": "p2-4",
          "move_id": "u-turn",
          "target_uid": "p1-2"
        },
        {
          "seq": 2,
          "type": "effect",
          "effect_type": "resisted",
          "raw_parts": [
            "-resisted",
            "p1a: Drifblim"
          ]
        },
        {
          "seq": 3,
          "type": "damage",
          "target_uid": "p1-2",
          "amount": null,
          "hp_after": 377,
          "max_hp": 396,
          "effectiveness": "neutral",
          "crit": false,
          "source": "move"
        },
        {
          "seq": 4,
          "type": "switch",
          "player": "p2",
          "pokemon_uid": "p2-3",
          "into_uid": "p2-3"
        }
      ],
      "state_after": {
        "sides": {
          "p1": {
            "active": [],
            "side_conditions": []
          },
          "p2": {
            "active": [],
            "side_conditions": []
          }
        },
        "field": {
          "global_conditions": [],
          "weather": null
        },
        "clocks": {
          "p1": 150,
          "p2": 150
        }
      }
    },
    {
      "turn_number": 19,
      "events": [
        {
          "seq": 0,
          "type": "move",
          "player": "p2",
          "pokemon_uid": "p2-3",
          "move_id": "knockoff",
          "target_uid": "p1-2"
        },
        {
          "seq": 1,
          "type": "effect",
          "effect_type": "supereffective",
          "raw_parts": [
            "-supereffective",
            "p1a: Drifblim"
          ]
        },
        {
          "seq": 2,
          "type": "damage",
          "target_uid": "p1-2",
          "amount": null,
          "hp_after": 0,
          "max_hp": null,
          "effectiveness": "neutral",
          "crit": false,
          "source": "move"
        },
        {
          "seq": 3,
          "type": "effect",
          "effect_type": "enditem",
          "raw_parts": [
            "-enditem",
            "p1a: Drifblim",
            "Sitrus Berry",
            "[from] move: Knock Off",
            "[of] p2a: Zarude"
          ]
        },
        {
          "seq": 4,
          "type": "faint",
          "target_uid": "p1-2"
        },
        {
          "seq": 5,
          "type": "damage",
          "target_uid": "p2-3",
          "amount": null,
          "hp_after": 204,
          "max_hp": 288,
          "effectiveness": "neutral",
          "crit": false,
          "source": "move"
        },
        {
          "seq": 6,
          "type": "switch",
          "player": "p1",
          "pokemon_uid": "p1-3",
          "into_uid": "p1-3"
        },
        {
          "seq": 7,
          "type": "effect",
          "effect_type": "item",
          "raw_parts": [
            "-item",
            "p2a: Zarude",
            "Life Orb",
            "[from] ability: Frisk",
            "[of] p1a: Furret"
          ]
        }
      ],
      "state_after": {
        "sides": {
          "p1": {
            "active": [],
            "side_conditions": []
          },
          "p2": {
            "active": [],
            "side_conditions": []
          }
        },
        "field": {
          "global_conditions": [],
          "weather": null
        },
        "clocks": {
          "p1": 150,
          "p2": 150
        }
      }
    },
    {
      "turn_number": 20,
      "events": [
        {
          "seq": 0,
          "type": "switch",
          "player": "p2",
          "pokemon_uid": "p2-4",
          "into_uid": "p2-4"
        },
        {
          "seq": 1,
          "type": "move",
          "player": "p1",
          "pokemon_uid": "p1-3",
          "move_id": "u-turn",
          "target_uid": "p2-4"
        },
        {
          "seq": 2,
          "type": "effect",
          "effect_type": "resisted",
          "raw_parts": [
            "-resisted",
            "p2a: Jirachi"
          ]
        },
        {
          "seq": 3,
          "type": "damage",
          "target_uid": "p2-4",
          "amount": null,
          "hp_after": 127,
          "max_hp": 291,
          "effectiveness": "neutral",
          "crit": false,
          "source": "move"
        },
        {
          "seq": 4,
          "type": "switch",
          "player": "p1",
          "pokemon_uid": "p1-0",
          "into_uid": "p1-0"
        }
      ],
      "state_after": {
        "sides": {
          "p1": {
            "active": [],
            "side_conditions": []
          },
          "p2": {
            "active": [],
            "side_conditions": []
          }
        },
        "field": {
          "global_conditions": [],
          "weather": null
        },
        "clocks": {
          "p1": 150,
          "p2": 150
        }
      }
    },
    {
      "turn_number": 21,
      "events": [
        {
          "seq": 0,
          "type": "switch",
          "player": "p2",
          "pokemon_uid": "p2-1",
          "into_uid": "p2-1"
        },
        {
          "seq": 1,
          "type": "move",
          "player": "p1",
          "pokemon_uid": "p1-0",
          "move_id": "scald",
          "target_uid": "p2-1"
        },
        {
          "seq": 2,
          "type": "damage",
          "target_uid": "p2-1",
          "amount": null,
          "hp_after": 187,
          "max_hp": 572,
          "effectiveness": "neutral",
          "crit": false,
          "source": "move"
        },
        {
          "seq": 3,
          "type": "status_start",
          "target_uid": "p2-1",
          "status": "brn",
          "source": "unknown"
        },
        {
          "seq": 4,
          "type": "heal",
          "target_uid": "p2-1",
          "amount": null,
          "hp_after": 222,
          "max_hp": 572,
          "source": "unknown"
        },
        {
          "seq": 5,
          "type": "damage",
          "target_uid": "p2-1",
          "amount": null,
          "hp_after": 187,
          "max_hp": 572,
          "effectiveness": "neutral",
          "crit": false,
          "source": "move"
        }
      ],
      "state_after": {
        "sides": {
          "p1": {
            "active": [],
            "side_conditions": []
          },
          "p2": {
            "active": [],
            "side_conditions": []
          }
        },
        "field": {
          "global_conditions": [],
          "weather": null
        },
        "clocks": {
          "p1": 150,
          "p2": 150
        }
      }
    },
    {
      "turn_number": 22,
      "events": [
        {
          "seq": 0,
          "type": "switch",
          "player": "p1",
          "pokemon_uid": "p1-5",
          "into_uid": "p1-5"
        },
        {
          "seq": 1,
          "type": "move",
          "player": "p2",
          "pokemon_uid": "p2-1",
          "move_id": "thunderwave",
          "target_uid": "p1-5"
        },
        {
          "seq": 2,
          "type": "status_start",
          "target_uid": "p1-5",
          "status": "par",
          "source": "unknown"
        },
        {
          "seq": 3,
          "type": "heal",
          "target_uid": "p2-1",
          "amount": null,
          "hp_after": 222,
          "max_hp": 572,
          "source": "unknown"
        },
        {
          "seq": 4,
          "type": "damage",
          "target_uid": "p2-1",
          "amount": null,
          "hp_after": 187,
          "max_hp": 572,
          "effectiveness": "neutral",
          "crit": false,
          "source": "move"
        }
      ],
      "state_after": {
        "sides": {
          "p1": {
            "active": [],
            "side_conditions": []
          },
          "p2": {
            "active": [],
            "side_conditions": []
          }
        },
        "field": {
          "global_conditions": [],
          "weather": null
        },
        "clocks": {
          "p1": 150,
          "p2": 150
        }
      }
    },
    {
      "turn_number": 23,
      "events": [
        {
          "seq": 0,
          "type": "status_end",
          "target_uid": "p2-1",
          "status": "brn"
        },
        {
          "seq": 1,
          "type": "switch",
          "player": "p2",
          "pokemon_uid": "p2-5",
          "into_uid": "p2-5"
        },
        {
          "seq": 2,
          "type": "effect",
          "effect_type": "ability",
          "raw_parts": [
            "-ability",
            "p2a: Ting-Lu",
            "Vessel of Ruin"
          ]
        },
        {
          "seq": 3,
          "type": "move",
          "player": "p1",
          "pokemon_uid": "p1-5",
          "move_id": "irondefense",
          "target_uid": "p1-5"
        },
        {
          "seq": 4,
          "type": "stat_change",
          "target_uid": "p1-5",
          "stat": "def",
          "amount": 2
        }
      ],
      "state_after": {
        "sides": {
          "p1": {
            "active": [],
            "side_conditions": []
          },
          "p2": {
            "active": [],
            "side_conditions": []
          }
        },
        "field": {
          "global_conditions": [],
          "weather": null
        },
        "clocks": {
          "p1": 150,
          "p2": 150
        }
      }
    },
    {
      "turn_number": 24,
      "events": [
        {
          "seq": 0,
          "type": "move",
          "player": "p2",
          "pokemon_uid": "p2-5",
          "move_id": "stealthrock",
          "target_uid": "p1-5"
        },
        {
          "seq": 1,
          "type": "effect",
          "effect_type": "sidestart",
          "raw_parts": [
            "-sidestart",
            "p1: bajram1892",
            "move: Stealth Rock"
          ]
        },
        {
          "seq": 2,
          "type": "move",
          "player": "p1",
          "pokemon_uid": "p1-5",
          "move_id": "bodypress",
          "target_uid": "p2-5"
        },
        {
          "seq": 3,
          "type": "effect",
          "effect_type": "supereffective",
          "raw_parts": [
            "-supereffective",
            "p2a: Ting-Lu"
          ]
        },
        {
          "seq": 4,
          "type": "damage",
          "target_uid": "p2-5",
          "amount": null,
          "hp_after": 116,
          "max_hp": 370,
          "effectiveness": "neutral",
          "crit": false,
          "source": "move"
        },
        {
          "seq": 5,
          "type": "heal",
          "target_uid": "p2-5",
          "amount": null,
          "hp_after": 139,
          "max_hp": 370,
          "source": "unknown"
        }
      ],
      "state_after": {
        "sides": {
          "p1": {
            "active": [],
            "side_conditions": []
          },
          "p2": {
            "active": [],
            "side_conditions": []
          }
        },
        "field": {
          "global_conditions": [],
          "weather": null
        },
        "clocks": {
          "p1": 150,
          "p2": 150
        }
      }
    },
    {
      "turn_number": 25,
      "events": [
        {
          "seq": 0,
          "type": "move",
          "player": "p2",
          "pokemon_uid": "p2-5",
          "move_id": "earthquake",
          "target_uid": "p1-5"
        },
        {
          "seq": 1,
          "type": "effect",
          "effect_type": "supereffective",
          "raw_parts": [
            "-supereffective",
            "p1a: Registeel"
          ]
        },
        {
          "seq": 2,
          "type": "damage",
          "target_uid": "p1-5",
          "amount": null,
          "hp_after": 194,
          "max_hp": 262,
          "effectiveness": "neutral",
          "crit": false,
          "source": "move"
        },
        {
          "seq": 3,
          "type": "heal",
          "target_uid": "p2-5",
          "amount": null,
          "hp_after": 162,
          "max_hp": 370,
          "source": "unknown"
        }
      ],
      "state_after": {
        "sides": {
          "p1": {
            "active": [],
            "side_conditions": []
          },
          "p2": {
            "active": [],
            "side_conditions": []
          }
        },
        "field": {
          "global_conditions": [],
          "weather": null
        },
        "clocks": {
          "p1": 150,
          "p2": 150
        }
      }
    },
    {
      "turn_number": 26,
      "events": [
        {
          "seq": 0,
          "type": "move",
          "player": "p2",
          "pokemon_uid": "p2-5",
          "move_id": "earthquake",
          "target_uid": "p1-5"
        },
        {
          "seq": 1,
          "type": "effect",
          "effect_type": "supereffective",
          "raw_parts": [
            "-supereffective",
            "p1a: Registeel"
          ]
        },
        {
          "seq": 2,
          "type": "damage",
          "target_uid": "p1-5",
          "amount": null,
          "hp_after": 120,
          "max_hp": 262,
          "effectiveness": "neutral",
          "crit": false,
          "source": "move"
        },
        {
          "seq": 3,
          "type": "heal",
          "target_uid": "p2-5",
          "amount": null,
          "hp_after": 185,
          "max_hp": 370,
          "source": "unknown"
        }
      ],
      "state_after": {
        "sides": {
          "p1": {
            "active": [],
            "side_conditions": []
          },
          "p2": {
            "active": [],
            "side_conditions": []
          }
        },
        "field": {
          "global_conditions": [],
          "weather": null
        },
        "clocks": {
          "p1": 150,
          "p2": 150
        }
      }
    },
    {
      "turn_number": 27,
      "events": [
        {
          "seq": 0,
          "type": "move",
          "player": "p2",
          "pokemon_uid": "p2-5",
          "move_id": "earthquake",
          "target_uid": "p1-5"
        },
        {
          "seq": 1,
          "type": "effect",
          "effect_type": "supereffective",
          "raw_parts": [
            "-supereffective",
            "p1a: Registeel"
          ]
        },
        {
          "seq": 2,
          "type": "damage",
          "target_uid": "p1-5",
          "amount": null,
          "hp_after": 52,
          "max_hp": 262,
          "effectiveness": "neutral",
          "crit": false,
          "source": "move"
        },
        {
          "seq": 3,
          "type": "heal",
          "target_uid": "p2-5",
          "amount": null,
          "hp_after": 208,
          "max_hp": 370,
          "source": "unknown"
        }
      ],
      "state_after": {
        "sides": {
          "p1": {
            "active": [],
            "side_conditions": []
          },
          "p2": {
            "active": [],
            "side_conditions": []
          }
        },
        "field": {
          "global_conditions": [],
          "weather": null
        },
        "clocks": {
          "p1": 150,
          "p2": 150
        }
      }
    },
    {
      "turn_number": 28,
      "events": [
        {
          "seq": 0,
          "type": "move",
          "player": "p2",
          "pokemon_uid": "p2-5",
          "move_id": "earthquake",
          "target_uid": "p1-5"
        },
        {
          "seq": 1,
          "type": "effect",
          "effect_type": "supereffective",
          "raw_parts": [
            "-supereffective",
            "p1a: Registeel"
          ]
        },
        {
          "seq": 2,
          "type": "damage",
          "target_uid": "p1-5",
          "amount": null,
          "hp_after": 0,
          "max_hp": null,
          "effectiveness": "neutral",
          "crit": false,
          "source": "move"
        },
        {
          "seq": 3,
          "type": "faint",
          "target_uid": "p1-5"
        },
        {
          "seq": 4,
          "type": "heal",
          "target_uid": "p2-5",
          "amount": null,
          "hp_after": 231,
          "max_hp": 370,
          "source": "unknown"
        },
        {
          "seq": 5,
          "type": "switch",
          "player": "p1",
          "pokemon_uid": "p1-0",
          "into_uid": "p1-0"
        },
        {
          "seq": 6,
          "type": "damage",
          "target_uid": "p1-0",
          "amount": null,
          "hp_after": 257,
          "max_hp": 293,
          "effectiveness": "neutral",
          "crit": false,
          "source": "move"
        }
      ],
      "state_after": {
        "sides": {
          "p1": {
            "active": [],
            "side_conditions": []
          },
          "p2": {
            "active": [],
            "side_conditions": []
          }
        },
        "field": {
          "global_conditions": [],
          "weather": null
        },
        "clocks": {
          "p1": 150,
          "p2": 150
        }
      }
    },
    {
      "turn_number": 29,
      "events": [
        {
          "seq": 0,
          "type": "switch",
          "player": "p1",
          "pokemon_uid": "p1-3",
          "into_uid": "p1-3"
        },
        {
          "seq": 1,
          "type": "damage",
          "target_uid": "p1-3",
          "amount": null,
          "hp_after": 105,
          "max_hp": 312,
          "effectiveness": "neutral",
          "crit": false,
          "source": "move"
        },
        {
          "seq": 2,
          "type": "effect",
          "effect_type": "item",
          "raw_parts": [
            "-item",
            "p2a: Ting-Lu",
            "Leftovers",
            "[from] ability: Frisk",
            "[of] p1a: Furret"
          ]
        },
        {
          "seq": 3,
          "type": "move",
          "player": "p2",
          "pokemon_uid": "p2-5",
          "move_id": "earthquake",
          "target_uid": "p1-3"
        },
        {
          "seq": 4,
          "type": "damage",
          "target_uid": "p1-3",
          "amount": null,
          "hp_after": 0,
          "max_hp": null,
          "effectiveness": "neutral",
          "crit": false,
          "source": "move"
        },
        {
          "seq": 5,
          "type": "faint",
          "target_uid": "p1-3"
        },
        {
          "seq": 6,
          "type": "heal",
          "target_uid": "p2-5",
          "amount": null,
          "hp_after": 254,
          "max_hp": 370,
          "source": "unknown"
        },
        {
          "seq": 7,
          "type": "effect",
          "effect_type": "message",
          "raw_parts": [
            "-message",
            "bajram1892 forfeited."
          ]
        }
      ],
      "state_after": {
        "sides": {
          "p1": {
            "active": [],
            "side_conditions": []
          },
          "p2": {
            "active": [],
            "side_conditions": []
          }
        },
        "field": {
          "global_conditions": [],
          "weather": null
        },
        "clocks": {
          "p1": 150,
          "p2": 150
        }
      }
    }
  ],
  "summary": {
    "pokemon_used": {
      "p1": [
        "p1-0",
        "p1-1",
        "p1-2",
        "p1-3",
        "p1-4",
        "p1-5"
      ],
      "p2": [
        "p2-0",
        "p2-1",
        "p2-2",
        "p2-3",
        "p2-4",
        "p2-5"
      ]
    },
    "fainted_order": {
      "p1": [],
      "p2": []
    },
    "major_events": null
  },
  "integrity": {
    "validated": true,
    "issues": [],
    "sha256_raw_log": "74df2c966c1866d83d136b58888db9ff",
    "generation_time_ms": 0
  }
}