{
  "schema_version": "1.0.0",
  "battle_id": "gen9randombattle-2390667236",
  "format_id": "gen9randombattle",
  "metadata": {
    "timestamp_unix": 1750746085,
    "total_turns": 8,
    "outcome": {
      "result": "win",
      "winner": "p2",
      "reason": "all_fainted"
    }
  },
  "players": {
    "p1": {
      "name": "Lkmmkl",
      "ladder_rating_pre": 1396,
      "ladder_rating_change": null
    },
    "p2": {
      "name": "SherbetToons",
      "ladder_rating_pre": 1437,
      "ladder_rating_change": null
    }
  },
  "team_revelation": {
    "format_type": "random_battle",
    "revelation_pattern": "progressive",
    "teams_fully_revealed": false,
    "teams": {
      "p1": [
        {
          "pokemon_uid": "p1-0",
          "species": "Alomomola",
          "nickname": null,
          "level": 87,
          "gender": "F",
          "first_seen_turn": 1,
          "revelation_status": "partially_revealed",
          "known_ability": null,
          "known_item": null,
          "known_tera_type": null,
          "base_stats": {
            "hp": 429,
            "attack": null,
            "defense": null,
            "sp_attack": null,
            "sp_defense": null,
            "speed": null
          },
          "known_moves": [],
          "unknown_move_slots": 4
        },
        {
          "pokemon_uid": "p1-1",
          "species": "Sandslash",
          "nickname": null,
          "level": 89,
          "gender": "M",
          "first_seen_turn": 1,
          "revelation_status": "partially_revealed",
          "known_ability": null,
          "known_item": null,
          "known_tera_type": null,
          "base_stats": {
            "hp": 278,
            "attack": null,
            "defense": null,
            "sp_attack": null,
            "sp_defense": null,
            "speed": null
          },
          "known_moves": [],
          "unknown_move_slots": 4
        },
        {
          "pokemon_uid": "p1-2",
          "species": "Lilligant",
          "nickname": null,
          "level": 79,
          "gender": "F",
          "first_seen_turn": 1,
          "revelation_status": "partially_revealed",
          "known_ability": null,
          "known_item": null,
          "known_tera_type": null,
          "base_stats": {
            "hp": 240,
            "attack": null,
            "defense": null,
            "sp_attack": null,
            "sp_defense": null,
            "speed": null
          },
          "known_moves": [],
          "unknown_move_slots": 4
        }
      ],
      "p2": [
        {
          "pokemon_uid": "p2-0",
          "species": "Donphan",
          "nickname": null,
          "level": 84,
          "gender": "F",
          "first_seen_turn": 1,
          "revelation_status": "partially_revealed",
          "known_ability": null,
          "known_item": null,
          "known_tera_type": null,
          "base_stats": {
            "hp": 288,
            "attack": null,
            "defense": null,
            "sp_attack": null,
            "sp_defense": null,
            "speed": null
          },
          "known_moves": [],
          "unknown_move_slots": 4
        },
        {
          "pokemon_uid": "p2-1",
          "species": "Morpeko",
          "nickname": null,
          "level": 88,
          "gender": "F",
          "first_seen_turn": 1,
          "revelation_status": "partially_revealed",
          "known_ability": null,
          "known_item": null,
          "known_tera_type": null,
          "base_stats": {
            "hp": 245,
            "attack": null,
            "defense": null,
            "sp_attack": null,
            "sp_defense": null,
            "speed": null
          },
          "known_moves": [],
          "unknown_move_slots": 4
        }
      ]
    },
    "team_size": {
      "p1": {
        "known": 3,
        "assumed_total": 6,
        "confirmed": false
      },
      "p2": {
        "known": 2,
        "assumed_total": 6,
        "confirmed": false
      }
    }
  },
  "turns": [
    {
      "turn_number": 1,
      "events": [
        {
          "seq": 0,
          "type": "switch",
          "player": "p2",
          "pokemon_uid": "p2-1",
          "into_uid": "p2-1"
        },
        {
          "seq": 1,
          "type": "move",
          "player": "p1",
          "pokemon_uid": "p1-0",
          "move_id": "scald",
          "target_uid": "p2-1"
        },
        {
          "seq": 2,
          "type": "damage",
          "target_uid": "p2-1",
          "amount": null,
          "hp_after": 178,
          "max_hp": 245,
          "effectiveness": "neutral",
          "crit": false,
          "source": "move"
        },
        {
          "seq": 3,
          "type": "status_start",
          "target_uid": "p2-1",
          "status": "brn",
          "source": "unknown"
        },
        {
          "seq": 4,
          "type": "damage",
          "target_uid": "p2-1",
          "amount": null,
          "hp_after": 163,
          "max_hp": 245,
          "effectiveness": "neutral",
          "crit": false,
          "source": "move"
        },
        {
          "seq": 5,
          "type": "effect",
          "effect_type": "formechange",
          "raw_parts": [
            "-formechange",
            "p2a: Morpeko",
            "Morpeko-Hangry",
            "",
            "[from] ability: Hunger Switch"
          ]
        }
      ],
      "state_after": {
        "sides": {
          "p1": {
            "active": [],
            "side_conditions": []
          },
          "p2": {
            "active": [],
            "side_conditions": []
          }
        },
        "field": {
          "global_conditions": [],
          "weather": null
        },
        "clocks": {
          "p1": 150,
          "p2": 150
        }
      }
    },
    {
      "turn_number": 2,
      "events": [
        {
          "seq": 0,
          "type": "move",
          "player": "p2",
          "pokemon_uid": "p2-1",
          "move_id": "aurawheel",
          "target_uid": "p1-0"
        },
        {
          "seq": 1,
          "type": "damage",
          "target_uid": "p1-0",
          "amount": null,
          "hp_after": 363,
          "max_hp": 429,
          "effectiveness": "neutral",
          "crit": false,
          "source": "move"
        },
        {
          "seq": 2,
          "type": "stat_change",
          "target_uid": "p2-1",
          "stat": "spe",
          "amount": 1
        },
        {
          "seq": 3,
          "type": "move",
          "player": "p1",
          "pokemon_uid": "p1-0",
          "move_id": "scald",
          "target_uid": "p2-1"
        },
        {
          "seq": 4,
          "type": "damage",
          "target_uid": "p2-1",
          "amount": null,
          "hp_after": 94,
          "max_hp": 245,
          "effectiveness": "neutral",
          "crit": false,
          "source": "move"
        },
        {
          "seq": 5,
          "type": "damage",
          "target_uid": "p2-1",
          "amount": null,
          "hp_after": 79,
          "max_hp": 245,
          "effectiveness": "neutral",
          "crit": false,
          "source": "move"
        },
        {
          "seq": 6,
          "type": "effect",
          "effect_type": "formechange",
          "raw_parts": [
            "-formechange",
            "p2a: Morpeko",
            "Morpeko",
            "",
            "[from] ability: Hunger Switch"
          ]
        }
      ],
      "state_after": {
        "sides": {
          "p1": {
            "active": [],
            "side_conditions": []
          },
          "p2": {
            "active": [],
            "side_conditions": []
          }
        },
        "field": {
          "global_conditions": [],
          "weather": null
        },
        "clocks": {
          "p1": 150,
          "p2": 150
        }
      }
    },
    {
      "turn_number": 3,
      "events": [
        {
          "seq": 0,
          "type": "move",
          "player": "p1",
          "pokemon_uid": "p1-0",
          "move_id": "protect",
          "target_uid": "p1-0"
        },
        {
          "seq": 1,
          "type": "effect",
          "effect_type": "singleturn",
          "raw_parts": [
            "-singleturn",
            "p1a: Alomomola",
            "Protect"
          ]
        },
        {
          "seq": 2,
          "type": "move",
          "player": "p2",
          "pokemon_uid": "p2-1",
          "move_id": "aurawheel",
          "target_uid": "p1-0"
        },
        {
          "seq": 3,
          "type": "effect",
          "effect_type": "activate",
          "raw_parts": [
            "-activate",
            "p1a: Alomomola",
            "move: Protect"
          ]
        },
        {
          "seq": 4,
          "type": "damage",
          "target_uid": "p2-1",
          "amount": null,
          "hp_after": 64,
          "max_hp": 245,
          "effectiveness": "neutral",
          "crit": false,
          "source": "move"
        },
        {
          "seq": 5,
          "type": "effect",
          "effect_type": "formechange",
          "raw_parts": [
            "-formechange",
            "p2a: Morpeko",
            "Morpeko-Hangry",
            "",
            "[from] ability: Hunger Switch"
          ]
        }
      ],
      "state_after": {
        "sides": {
          "p1": {
            "active": [],
            "side_conditions": []
          },
          "p2": {
            "active": [],
            "side_conditions": []
          }
        },
        "field": {
          "global_conditions": [],
          "weather": null
        },
        "clocks": {
          "p1": 150,
          "p2": 150
        }
      }
    },
    {
      "turn_number": 4,
      "events": [
        {
          "seq": 0,
          "type": "move",
          "player": "p2",
          "pokemon_uid": "p2-1",
          "move_id": "protect",
          "target_uid": "p2-1"
        },
        {
          "seq": 1,
          "type": "effect",
          "effect_type": "singleturn",
          "raw_parts": [
            "-singleturn",
            "p2a: Morpeko",
            "Protect"
          ]
        },
        {
          "seq": 2,
          "type": "move",
          "player": "p1",
          "pokemon_uid": "p1-0",
          "move_id": "scald",
          "target_uid": "p2-1"
        },
        {
          "seq": 3,
          "type": "effect",
          "effect_type": "activate",
          "raw_parts": [
            "-activate",
            "p2a: Morpeko",
            "move: Protect"
          ]
        },
        {
          "seq": 4,
          "type": "damage",
          "target_uid": "p2-1",
          "amount": null,
          "hp_after": 49,
          "max_hp": 245,
          "effectiveness": "neutral",
          "crit": false,
          "source": "move"
        },
        {
          "seq": 5,
          "type": "effect",
          "effect_type": "formechange",
          "raw_parts": [
            "-formechange",
            "p2a: Morpeko",
            "Morpeko",
            "",
            "[from] ability: Hunger Switch"
          ]
        }
      ],
      "state_after": {
        "sides": {
          "p1": {
            "active": [],
            "side_conditions": []
          },
          "p2": {
            "active": [],
            "side_conditions": []
          }
        },
        "field": {
          "global_conditions": [],
          "weather": null
        },
        "clocks": {
          "p1": 150,
          "p2": 150
        }
      }
    },
    {
      "turn_number": 5,
      "events": [
        {
          "seq": 0,
          "type": "switch",
          "player": "p1",
          "pokemon_uid": "p1-1",
          "into_uid": "p1-1"
        },
        {
          "seq": 1,
          "type": "move",
          "player": "p2",
          "pokemon_uid": "p2-1",
          "move_id": "aurawheel",
          "target_uid": "p1-1"
        },
        {
          "seq": 2,
          "type": "effect",
          "effect_type": "immune",
          "raw_parts": [
            "-immune",
            "p1a: Sandslash"
          ]
        },
        {
          "seq": 3,
          "type": "damage",
          "target_uid": "p2-1",
          "amount": null,
          "hp_after": 34,
          "max_hp": 245,
          "effectiveness": "neutral",
          "crit": false,
          "source": "move"
        },
        {
          "seq": 4,
          "type": "effect",
          "effect_type": "formechange",
          "raw_parts": [
            "-formechange",
            "p2a: Morpeko",
            "Morpeko-Hangry",
            "",
            "[from] ability: Hunger Switch"
          ]
        }
      ],
      "state_after": {
        "sides": {
          "p1": {
            "active": [],
            "side_conditions": []
          },
          "p2": {
            "active": [],
            "side_conditions": []
          }
        },
        "field": {
          "global_conditions": [],
          "weather": null
        },
        "clocks": {
          "p1": 150,
          "p2": 150
        }
      }
    },
    {
      "turn_number": 6,
      "events": [
        {
          "seq": 0,
          "type": "move",
          "player": "p2",
          "pokemon_uid": "p2-1",
          "move_id": "partingshot",
          "target_uid": "p1-1"
        },
        {
          "seq": 1,
          "type": "stat_change",
          "target_uid": "p1-1",
          "stat": "atk",
          "amount": -1
        },
        {
          "seq": 2,
          "type": "stat_change",
          "target_uid": "p1-1",
          "stat": "spa",
          "amount": -1
        },
        {
          "seq": 3,
          "type": "switch",
          "player": "p2",
          "pokemon_uid": "p2-0",
          "into_uid": "p2-0"
        },
        {
          "seq": 4,
          "type": "move",
          "player": "p1",
          "pokemon_uid": "p1-1",
          "move_id": "rapidspin",
          "target_uid": "p2-0"
        },
        {
          "seq": 5,
          "type": "damage",
          "target_uid": "p2-0",
          "amount": null,
          "hp_after": 267,
          "max_hp": 288,
          "effectiveness": "neutral",
          "crit": false,
          "source": "move"
        },
        {
          "seq": 6,
          "type": "stat_change",
          "target_uid": "p1-1",
          "stat": "spe",
          "amount": 1
        }
      ],
      "state_after": {
        "sides": {
          "p1": {
            "active": [],
            "side_conditions": []
          },
          "p2": {
            "active": [],
            "side_conditions": []
          }
        },
        "field": {
          "global_conditions": [],
          "weather": null
        },
        "clocks": {
          "p1": 150,
          "p2": 150
        }
      }
    },
    {
      "turn_number": 7,
      "events": [
        {
          "seq": 0,
          "type": "switch",
          "player": "p1",
          "pokemon_uid": "p1-2",
          "into_uid": "p1-2"
        },
        {
          "seq": 1,
          "type": "move",
          "player": "p2",
          "pokemon_uid": "p2-0",
          "move_id": "icespinner",
          "target_uid": "p1-2"
        },
        {
          "seq": 2,
          "type": "effect",
          "effect_type": "supereffective",
          "raw_parts": [
            "-supereffective",
            "p1a: Lilligant"
          ]
        },
        {
          "seq": 3,
          "type": "damage",
          "target_uid": "p1-2",
          "amount": null,
          "hp_after": 76,
          "max_hp": 240,
          "effectiveness": "neutral",
          "crit": false,
          "source": "move"
        }
      ],
      "state_after": {
        "sides": {
          "p1": {
            "active": [],
            "side_conditions": []
          },
          "p2": {
            "active": [],
            "side_conditions": []
          }
        },
        "field": {
          "global_conditions": [],
          "weather": null
        },
        "clocks": {
          "p1": 150,
          "p2": 150
        }
      }
    },
    {
      "turn_number": 8,
      "events": [
        {
          "seq": 0,
          "type": "move",
          "player": "p2",
          "pokemon_uid": "p2-0",
          "move_id": "iceshard",
          "target_uid": "p1-2"
        },
        {
          "seq": 1,
          "type": "effect",
          "effect_type": "supereffective",
          "raw_parts": [
            "-supereffective",
            "p1a: Lilligant"
          ]
        },
        {
          "seq": 2,
          "type": "damage",
          "target_uid": "p1-2",
          "amount": null,
          "hp_after": 0,
          "max_hp": null,
          "effectiveness": "neutral",
          "crit": false,
          "source": "move"
        },
        {
          "seq": 3,
          "type": "faint",
          "target_uid": "p1-2"
        },
        {
          "seq": 4,
          "type": "effect",
          "effect_type": "message",
          "raw_parts": [
            "-message",
            "Lkmmkl lost due to inactivity."
          ]
        }
      ],
      "state_after": {
        "sides": {
          "p1": {
            "active": [],
            "side_conditions": []
          },
          "p2": {
            "active": [],
            "side_conditions": []
          }
        },
        "field": {
          "global_conditions": [],
          "weather": null
        },
        "clocks": {
          "p1": 150,
          "p2": 150
        }
      }
    }
  ],
  "summary": {
    "pokemon_used": {
      "p1": [
        "p1-0",
        "p1-1",
        "p1-2"
      ],
      "p2": [
        "p2-0",
        "p2-1"
      ]
    },
    "fainted_order": {
      "p1": [],
      "p2": []
    },
    "major_events": null
  },
  "integrity": {
    "validated": true,
    "issues": [],
    "sha256_raw_log": "17f147b56f518d4587a9998851d1fa32",
    "generation_time_ms": 0
  }
}