{
  "schema_version": "1.0.0",
  "battle_id": "gen9randombattle-2390775954",
  "format_id": "gen9randombattle",
  "metadata": {
    "timestamp_unix": 1750766192,
    "total_turns": 34,
    "outcome": {
      "result": "win",
      "winner": "p2",
      "reason": "all_fainted"
    }
  },
  "players": {
    "p1": {
      "name": "Mehralsperfekt",
      "ladder_rating_pre": 1324,
      "ladder_rating_change": null
    },
    "p2": {
      "name": "whys601",
      "ladder_rating_pre": 1318,
      "ladder_rating_change": null
    }
  },
  "team_revelation": {
    "format_type": "random_battle",
    "revelation_pattern": "progressive",
    "teams_fully_revealed": false,
    "teams": {
      "p1": [
        {
          "pokemon_uid": "p1-0",
          "species": "Corviknight",
          "nickname": null,
          "level": 80,
          "gender": "F",
          "first_seen_turn": 1,
          "revelation_status": "partially_revealed",
          "known_ability": null,
          "known_item": null,
          "known_tera_type": null,
          "base_stats": {
            "hp": 288,
            "attack": null,
            "defense": null,
            "sp_attack": null,
            "sp_defense": null,
            "speed": null
          },
          "known_moves": [],
          "unknown_move_slots": 4
        },
        {
          "pokemon_uid": "p1-1",
          "species": "Quagsire",
          "nickname": null,
          "level": 84,
          "gender": "M",
          "first_seen_turn": 1,
          "revelation_status": "partially_revealed",
          "known_ability": null,
          "known_item": null,
          "known_tera_type": null,
          "base_stats": {
            "hp": 297,
            "attack": null,
            "defense": null,
            "sp_attack": null,
            "sp_defense": null,
            "speed": null
          },
          "known_moves": [],
          "unknown_move_slots": 4
        },
        {
          "pokemon_uid": "p1-2",
          "species": "Bellibolt",
          "nickname": null,
          "level": 84,
          "gender": "F",
          "first_seen_turn": 1,
          "revelation_status": "partially_revealed",
          "known_ability": null,
          "known_item": null,
          "known_tera_type": null,
          "base_stats": {
            "hp": 320,
            "attack": null,
            "defense": null,
            "sp_attack": null,
            "sp_defense": null,
            "speed": null
          },
          "known_moves": [],
          "unknown_move_slots": 4
        },
        {
          "pokemon_uid": "p1-3",
          "species": "Farigiraf",
          "nickname": null,
          "level": 91,
          "gender": "M",
          "first_seen_turn": 1,
          "revelation_status": "partially_revealed",
          "known_ability": null,
          "known_item": null,
          "known_tera_type": null,
          "base_stats": {
            "hp": 366,
            "attack": null,
            "defense": null,
            "sp_attack": null,
            "sp_defense": null,
            "speed": null
          },
          "known_moves": [],
          "unknown_move_slots": 4
        },
        {
          "pokemon_uid": "p1-4",
          "species": "Flutter Mane",
          "nickname": null,
          "level": 74,
          "gender": null,
          "first_seen_turn": 1,
          "revelation_status": "partially_revealed",
          "known_ability": null,
          "known_item": null,
          "known_tera_type": null,
          "base_stats": {
            "hp": 203,
            "attack": null,
            "defense": null,
            "sp_attack": null,
            "sp_defense": null,
            "speed": null
          },
          "known_moves": [],
          "unknown_move_slots": 4
        },
        {
          "pokemon_uid": "p1-5",
          "species": "Reuniclus",
          "nickname": null,
          "level": 88,
          "gender": "F",
          "first_seen_turn": 1,
          "revelation_status": "partially_revealed",
          "known_ability": null,
          "known_item": null,
          "known_tera_type": null,
          "base_stats": {
            "hp": 337,
            "attack": null,
            "defense": null,
            "sp_attack": null,
            "sp_defense": null,
            "speed": null
          },
          "known_moves": [],
          "unknown_move_slots": 4
        }
      ],
      "p2": [
        {
          "pokemon_uid": "p2-0",
          "species": "Scizor",
          "nickname": null,
          "level": 79,
          "gender": "M",
          "first_seen_turn": 1,
          "revelation_status": "partially_revealed",
          "known_ability": null,
          "known_item": null,
          "known_tera_type": null,
          "base_stats": {
            "hp": 240,
            "attack": null,
            "defense": null,
            "sp_attack": null,
            "sp_defense": null,
            "speed": null
          },
          "known_moves": [],
          "unknown_move_slots": 4
        },
        {
          "pokemon_uid": "p2-1",
          "species": "Arceus",
          "nickname": null,
          "level": 72,
          "gender": null,
          "first_seen_turn": 1,
          "revelation_status": "partially_revealed",
          "known_ability": null,
          "known_item": null,
          "known_tera_type": null,
          "base_stats": {
            "hp": 291,
            "attack": null,
            "defense": null,
            "sp_attack": null,
            "sp_defense": null,
            "speed": null
          },
          "known_moves": [],
          "unknown_move_slots": 4
        },
        {
          "pokemon_uid": "p2-2",
          "species": "Gogoat",
          "nickname": null,
          "level": 88,
          "gender": "F",
          "first_seen_turn": 1,
          "revelation_status": "partially_revealed",
          "known_ability": null,
          "known_item": null,
          "known_tera_type": null,
          "base_stats": {
            "hp": 360,
            "attack": null,
            "defense": null,
            "sp_attack": null,
            "sp_defense": null,
            "speed": null
          },
          "known_moves": [],
          "unknown_move_slots": 4
        },
        {
          "pokemon_uid": "p2-3",
          "species": "Greedent",
          "nickname": null,
          "level": 86,
          "gender": "F",
          "first_seen_turn": 1,
          "revelation_status": "partially_revealed",
          "known_ability": null,
          "known_item": null,
          "known_tera_type": null,
          "base_stats": {
            "hp": 347,
            "attack": null,
            "defense": null,
            "sp_attack": null,
            "sp_defense": null,
            "speed": null
          },
          "known_moves": [],
          "unknown_move_slots": 4
        },
        {
          "pokemon_uid": "p2-4",
          "species": "Slither Wing",
          "nickname": null,
          "level": 81,
          "gender": null,
          "first_seen_turn": 1,
          "revelation_status": "partially_revealed",
          "known_ability": null,
          "known_item": null,
          "known_tera_type": null,
          "base_stats": {
            "hp": 270,
            "attack": null,
            "defense": null,
            "sp_attack": null,
            "sp_defense": null,
            "speed": null
          },
          "known_moves": [],
          "unknown_move_slots": 4
        },
        {
          "pokemon_uid": "p2-5",
          "species": "Scrafty",
          "nickname": null,
          "level": 84,
          "gender": "M",
          "first_seen_turn": 1,
          "revelation_status": "partially_revealed",
          "known_ability": null,
          "known_item": null,
          "known_tera_type": null,
          "base_stats": {
            "hp": 246,
            "attack": null,
            "defense": null,
            "sp_attack": null,
            "sp_defense": null,
            "speed": null
          },
          "known_moves": [],
          "unknown_move_slots": 4
        }
      ]
    },
    "team_size": {
      "p1": {
        "known": 6,
        "assumed_total": 6,
        "confirmed": false
      },
      "p2": {
        "known": 6,
        "assumed_total": 6,
        "confirmed": false
      }
    }
  },
  "turns": [
    {
      "turn_number": 1,
      "events": [
        {
          "seq": 0,
          "type": "move",
          "player": "p1",
          "pokemon_uid": "p1-0",
          "move_id": "bravebird",
          "target_uid": "p2-0"
        },
        {
          "seq": 1,
          "type": "damage",
          "target_uid": "p2-0",
          "amount": null,
          "hp_after": 140,
          "max_hp": 240,
          "effectiveness": "neutral",
          "crit": false,
          "source": "move"
        },
        {
          "seq": 2,
          "type": "damage",
          "target_uid": "p1-0",
          "amount": null,
          "hp_after": 255,
          "max_hp": 288,
          "effectiveness": "neutral",
          "crit": false,
          "source": "move"
        },
        {
          "seq": 3,
          "type": "move",
          "player": "p2",
          "pokemon_uid": "p2-0",
          "move_id": "knockoff",
          "target_uid": "p1-0"
        },
        {
          "seq": 4,
          "type": "damage",
          "target_uid": "p1-0",
          "amount": null,
          "hp_after": 187,
          "max_hp": 288,
          "effectiveness": "neutral",
          "crit": false,
          "source": "move"
        },
        {
          "seq": 5,
          "type": "effect",
          "effect_type": "enditem",
          "raw_parts": [
            "-enditem",
            "p1a: Corviknight",
            "Leftovers",
            "[from] move: Knock Off",
            "[of] p2a: Scizor"
          ]
        },
        {
          "seq": 6,
          "type": "heal",
          "target_uid": "p2-0",
          "amount": null,
          "hp_after": 155,
          "max_hp": 240,
          "source": "unknown"
        }
      ],
      "state_after": {
        "sides": {
          "p1": {
            "active": [],
            "side_conditions": []
          },
          "p2": {
            "active": [],
            "side_conditions": []
          }
        },
        "field": {
          "global_conditions": [],
          "weather": null
        },
        "clocks": {
          "p1": 150,
          "p2": 150
        }
      }
    },
    {
      "turn_number": 2,
      "events": [
        {
          "seq": 0,
          "type": "move",
          "player": "p1",
          "pokemon_uid": "p1-0",
          "move_id": "roost",
          "target_uid": "p1-0"
        },
        {
          "seq": 1,
          "type": "heal",
          "target_uid": "p1-0",
          "amount": null,
          "hp_after": 288,
          "max_hp": 288,
          "source": "unknown"
        },
        {
          "seq": 2,
          "type": "effect",
          "effect_type": "singleturn",
          "raw_parts": [
            "-singleturn",
            "p1a: Corviknight",
            "move: Roost"
          ]
        },
        {
          "seq": 3,
          "type": "move",
          "player": "p2",
          "pokemon_uid": "p2-0",
          "move_id": "u-turn",
          "target_uid": "p1-0"
        },
        {
          "seq": 4,
          "type": "effect",
          "effect_type": "resisted",
          "raw_parts": [
            "-resisted",
            "p1a: Corviknight"
          ]
        },
        {
          "seq": 5,
          "type": "damage",
          "target_uid": "p1-0",
          "amount": null,
          "hp_after": 250,
          "max_hp": 288,
          "effectiveness": "neutral",
          "crit": false,
          "source": "move"
        },
        {
          "seq": 6,
          "type": "switch",
          "player": "p2",
          "pokemon_uid": "p2-1",
          "into_uid": "p2-1"
        }
      ],
      "state_after": {
        "sides": {
          "p1": {
            "active": [],
            "side_conditions": []
          },
          "p2": {
            "active": [],
            "side_conditions": []
          }
        },
        "field": {
          "global_conditions": [],
          "weather": null
        },
        "clocks": {
          "p1": 150,
          "p2": 150
        }
      }
    },
    {
      "turn_number": 3,
      "events": [
        {
          "seq": 0,
          "type": "switch",
          "player": "p1",
          "pokemon_uid": "p1-1",
          "into_uid": "p1-1"
        },
        {
          "seq": 1,
          "type": "move",
          "player": "p2",
          "pokemon_uid": "p2-1",
          "move_id": "swordsdance",
          "target_uid": "p2-1"
        },
        {
          "seq": 2,
          "type": "stat_change",
          "target_uid": "p2-1",
          "stat": "atk",
          "amount": 2
        }
      ],
      "state_after": {
        "sides": {
          "p1": {
            "active": [],
            "side_conditions": []
          },
          "p2": {
            "active": [],
            "side_conditions": []
          }
        },
        "field": {
          "global_conditions": [],
          "weather": null
        },
        "clocks": {
          "p1": 150,
          "p2": 150
        }
      }
    },
    {
      "turn_number": 4,
      "events": [
        {
          "seq": 0,
          "type": "form_change",
          "target_uid": "p2-1",
          "mechanic": "terastallize",
          "tera_type": "Ground"
        },
        {
          "seq": 1,
          "type": "move",
          "player": "p2",
          "pokemon_uid": "p2-1",
          "move_id": "swordsdance",
          "target_uid": "p2-1"
        },
        {
          "seq": 2,
          "type": "stat_change",
          "target_uid": "p2-1",
          "stat": "atk",
          "amount": 2
        },
        {
          "seq": 3,
          "type": "move",
          "player": "p1",
          "pokemon_uid": "p1-1",
          "move_id": "toxic",
          "target_uid": "p2-1"
        },
        {
          "seq": 4,
          "type": "status_start",
          "target_uid": "p2-1",
          "status": "tox",
          "source": "unknown"
        },
        {
          "seq": 5,
          "type": "damage",
          "target_uid": "p2-1",
          "amount": null,
          "hp_after": 273,
          "max_hp": 291,
          "effectiveness": "neutral",
          "crit": false,
          "source": "move"
        }
      ],
      "state_after": {
        "sides": {
          "p1": {
            "active": [],
            "side_conditions": []
          },
          "p2": {
            "active": [],
            "side_conditions": []
          }
        },
        "field": {
          "global_conditions": [],
          "weather": null
        },
        "clocks": {
          "p1": 150,
          "p2": 150
        }
      }
    },
    {
      "turn_number": 5,
      "events": [
        {
          "seq": 0,
          "type": "move",
          "player": "p2",
          "pokemon_uid": "p2-1",
          "move_id": "extremespeed",
          "target_uid": "p1-1"
        },
        {
          "seq": 1,
          "type": "damage",
          "target_uid": "p1-1",
          "amount": null,
          "hp_after": 248,
          "max_hp": 297,
          "effectiveness": "neutral",
          "crit": false,
          "source": "move"
        },
        {
          "seq": 2,
          "type": "move",
          "player": "p1",
          "pokemon_uid": "p1-1",
          "move_id": "earthquake",
          "target_uid": "p2-1"
        },
        {
          "seq": 3,
          "type": "damage",
          "target_uid": "p2-1",
          "amount": null,
          "hp_after": 182,
          "max_hp": 291,
          "effectiveness": "neutral",
          "crit": false,
          "source": "move"
        },
        {
          "seq": 4,
          "type": "heal",
          "target_uid": "p1-1",
          "amount": null,
          "hp_after": 266,
          "max_hp": 297,
          "source": "unknown"
        },
        {
          "seq": 5,
          "type": "damage",
          "target_uid": "p2-1",
          "amount": null,
          "hp_after": 146,
          "max_hp": 291,
          "effectiveness": "neutral",
          "crit": false,
          "source": "move"
        }
      ],
      "state_after": {
        "sides": {
          "p1": {
            "active": [],
            "side_conditions": []
          },
          "p2": {
            "active": [],
            "side_conditions": []
          }
        },
        "field": {
          "global_conditions": [],
          "weather": null
        },
        "clocks": {
          "p1": 150,
          "p2": 150
        }
      }
    },
    {
      "turn_number": 6,
      "events": [
        {
          "seq": 0,
          "type": "switch",
          "player": "p2",
          "pokemon_uid": "p2-2",
          "into_uid": "p2-2"
        },
        {
          "seq": 1,
          "type": "move",
          "player": "p1",
          "pokemon_uid": "p1-1",
          "move_id": "earthquake",
          "target_uid": "p2-2"
        },
        {
          "seq": 2,
          "type": "effect",
          "effect_type": "resisted",
          "raw_parts": [
            "-resisted",
            "p2a: Gogoat"
          ]
        },
        {
          "seq": 3,
          "type": "damage",
          "target_uid": "p2-2",
          "amount": null,
          "hp_after": 306,
          "max_hp": 360,
          "effectiveness": "neutral",
          "crit": false,
          "source": "move"
        },
        {
          "seq": 4,
          "type": "heal",
          "target_uid": "p2-2",
          "amount": null,
          "hp_after": 328,
          "max_hp": 360,
          "source": "unknown"
        },
        {
          "seq": 5,
          "type": "heal",
          "target_uid": "p1-1",
          "amount": null,
          "hp_after": 284,
          "max_hp": 297,
          "source": "unknown"
        }
      ],
      "state_after": {
        "sides": {
          "p1": {
            "active": [],
            "side_conditions": []
          },
          "p2": {
            "active": [],
            "side_conditions": []
          }
        },
        "field": {
          "global_conditions": [],
          "weather": null
        },
        "clocks": {
          "p1": 150,
          "p2": 150
        }
      }
    },
    {
      "turn_number": 7,
      "events": [
        {
          "seq": 0,
          "type": "form_change",
          "target_uid": "p1-1",
          "mechanic": "terastallize",
          "tera_type": "Fairy"
        },
        {
          "seq": 1,
          "type": "move",
          "player": "p2",
          "pokemon_uid": "p2-2",
          "move_id": "bulkup",
          "target_uid": "p2-2"
        },
        {
          "seq": 2,
          "type": "stat_change",
          "target_uid": "p2-2",
          "stat": "atk",
          "amount": 1
        },
        {
          "seq": 3,
          "type": "stat_change",
          "target_uid": "p2-2",
          "stat": "def",
          "amount": 1
        },
        {
          "seq": 4,
          "type": "move",
          "player": "p1",
          "pokemon_uid": "p1-1",
          "move_id": "toxic",
          "target_uid": "p2-2"
        },
        {
          "seq": 5,
          "type": "status_start",
          "target_uid": "p2-2",
          "status": "tox",
          "source": "unknown"
        },
        {
          "seq": 6,
          "type": "heal",
          "target_uid": "p2-2",
          "amount": null,
          "hp_after": 350,
          "max_hp": 360,
          "source": "unknown"
        },
        {
          "seq": 7,
          "type": "heal",
          "target_uid": "p1-1",
          "amount": null,
          "hp_after": 297,
          "max_hp": 297,
          "source": "unknown"
        },
        {
          "seq": 8,
          "type": "damage",
          "target_uid": "p2-2",
          "amount": null,
          "hp_after": 328,
          "max_hp": 360,
          "effectiveness": "neutral",
          "crit": false,
          "source": "move"
        }
      ],
      "state_after": {
        "sides": {
          "p1": {
            "active": [],
            "side_conditions": []
          },
          "p2": {
            "active": [],
            "side_conditions": []
          }
        },
        "field": {
          "global_conditions": [],
          "weather": null
        },
        "clocks": {
          "p1": 150,
          "p2": 150
        }
      }
    },
    {
      "turn_number": 8,
      "events": [
        {
          "seq": 0,
          "type": "move",
          "player": "p2",
          "pokemon_uid": "p2-2",
          "move_id": "bulkup",
          "target_uid": "p2-2"
        },
        {
          "seq": 1,
          "type": "stat_change",
          "target_uid": "p2-2",
          "stat": "atk",
          "amount": 1
        },
        {
          "seq": 2,
          "type": "stat_change",
          "target_uid": "p2-2",
          "stat": "def",
          "amount": 1
        },
        {
          "seq": 3,
          "type": "move",
          "player": "p1",
          "pokemon_uid": "p1-1",
          "move_id": "icebeam",
          "target_uid": "p2-2"
        },
        {
          "seq": 4,
          "type": "effect",
          "effect_type": "supereffective",
          "raw_parts": [
            "-supereffective",
            "p2a: Gogoat"
          ]
        },
        {
          "seq": 5,
          "type": "damage",
          "target_uid": "p2-2",
          "amount": null,
          "hp_after": 222,
          "max_hp": 360,
          "effectiveness": "neutral",
          "crit": false,
          "source": "move"
        },
        {
          "seq": 6,
          "type": "heal",
          "target_uid": "p2-2",
          "amount": null,
          "hp_after": 244,
          "max_hp": 360,
          "source": "unknown"
        },
        {
          "seq": 7,
          "type": "damage",
          "target_uid": "p2-2",
          "amount": null,
          "hp_after": 200,
          "max_hp": 360,
          "effectiveness": "neutral",
          "crit": false,
          "source": "move"
        }
      ],
      "state_after": {
        "sides": {
          "p1": {
            "active": [],
            "side_conditions": []
          },
          "p2": {
            "active": [],
            "side_conditions": []
          }
        },
        "field": {
          "global_conditions": [],
          "weather": null
        },
        "clocks": {
          "p1": 150,
          "p2": 150
        }
      }
    },
    {
      "turn_number": 9,
      "events": [
        {
          "seq": 0,
          "type": "move",
          "player": "p2",
          "pokemon_uid": "p2-2",
          "move_id": "bulkup",
          "target_uid": "p2-2"
        },
        {
          "seq": 1,
          "type": "stat_change",
          "target_uid": "p2-2",
          "stat": "atk",
          "amount": 1
        },
        {
          "seq": 2,
          "type": "stat_change",
          "target_uid": "p2-2",
          "stat": "def",
          "amount": 1
        },
        {
          "seq": 3,
          "type": "move",
          "player": "p1",
          "pokemon_uid": "p1-1",
          "move_id": "icebeam",
          "target_uid": "p2-2"
        },
        {
          "seq": 4,
          "type": "effect",
          "effect_type": "supereffective",
          "raw_parts": [
            "-supereffective",
            "p2a: Gogoat"
          ]
        },
        {
          "seq": 5,
          "type": "damage",
          "target_uid": "p2-2",
          "amount": null,
          "hp_after": 108,
          "max_hp": 360,
          "effectiveness": "neutral",
          "crit": false,
          "source": "move"
        },
        {
          "seq": 6,
          "type": "heal",
          "target_uid": "p2-2",
          "amount": null,
          "hp_after": 130,
          "max_hp": 360,
          "source": "unknown"
        },
        {
          "seq": 7,
          "type": "damage",
          "target_uid": "p2-2",
          "amount": null,
          "hp_after": 64,
          "max_hp": 360,
          "effectiveness": "neutral",
          "crit": false,
          "source": "move"
        }
      ],
      "state_after": {
        "sides": {
          "p1": {
            "active": [],
            "side_conditions": []
          },
          "p2": {
            "active": [],
            "side_conditions": []
          }
        },
        "field": {
          "global_conditions": [],
          "weather": null
        },
        "clocks": {
          "p1": 150,
          "p2": 150
        }
      }
    },
    {
      "turn_number": 10,
      "events": [
        {
          "seq": 0,
          "type": "move",
          "player": "p2",
          "pokemon_uid": "p2-2",
          "move_id": "hornleech",
          "target_uid": "p1-1"
        },
        {
          "seq": 1,
          "type": "damage",
          "target_uid": "p1-1",
          "amount": null,
          "hp_after": 210,
          "max_hp": 297,
          "effectiveness": "neutral",
          "crit": false,
          "source": "move"
        },
        {
          "seq": 2,
          "type": "heal",
          "target_uid": "p2-2",
          "amount": null,
          "hp_after": 108,
          "max_hp": 360,
          "source": "unknown"
        },
        {
          "seq": 3,
          "type": "move",
          "player": "p1",
          "pokemon_uid": "p1-1",
          "move_id": "icebeam",
          "target_uid": "p2-2"
        },
        {
          "seq": 4,
          "type": "effect",
          "effect_type": "supereffective",
          "raw_parts": [
            "-supereffective",
            "p2a: Gogoat"
          ]
        },
        {
          "seq": 5,
          "type": "damage",
          "target_uid": "p2-2",
          "amount": null,
          "hp_after": 18,
          "max_hp": 360,
          "effectiveness": "neutral",
          "crit": false,
          "source": "move"
        },
        {
          "seq": 6,
          "type": "heal",
          "target_uid": "p2-2",
          "amount": null,
          "hp_after": 40,
          "max_hp": 360,
          "source": "unknown"
        },
        {
          "seq": 7,
          "type": "heal",
          "target_uid": "p1-1",
          "amount": null,
          "hp_after": 228,
          "max_hp": 297,
          "source": "unknown"
        },
        {
          "seq": 8,
          "type": "damage",
          "target_uid": "p2-2",
          "amount": null,
          "hp_after": 0,
          "max_hp": null,
          "effectiveness": "neutral",
          "crit": false,
          "source": "move"
        },
        {
          "seq": 9,
          "type": "faint",
          "target_uid": "p2-2"
        },
        {
          "seq": 10,
          "type": "switch",
          "player": "p2",
          "pokemon_uid": "p2-0",
          "into_uid": "p2-0"
        }
      ],
      "state_after": {
        "sides": {
          "p1": {
            "active": [],
            "side_conditions": []
          },
          "p2": {
            "active": [],
            "side_conditions": []
          }
        },
        "field": {
          "global_conditions": [],
          "weather": null
        },
        "clocks": {
          "p1": 150,
          "p2": 150
        }
      }
    },
    {
      "turn_number": 11,
      "events": [
        {
          "seq": 0,
          "type": "switch",
          "player": "p1",
          "pokemon_uid": "p1-0",
          "into_uid": "p1-0"
        },
        {
          "seq": 1,
          "type": "move",
          "player": "p2",
          "pokemon_uid": "p2-0",
          "move_id": "bulletpunch",
          "target_uid": "p1-0"
        },
        {
          "seq": 2,
          "type": "effect",
          "effect_type": "resisted",
          "raw_parts": [
            "-resisted",
            "p1a: Corviknight"
          ]
        },
        {
          "seq": 3,
          "type": "damage",
          "target_uid": "p1-0",
          "amount": null,
          "hp_after": 215,
          "max_hp": 288,
          "effectiveness": "neutral",
          "crit": false,
          "source": "move"
        },
        {
          "seq": 4,
          "type": "heal",
          "target_uid": "p2-0",
          "amount": null,
          "hp_after": 170,
          "max_hp": 240,
          "source": "unknown"
        }
      ],
      "state_after": {
        "sides": {
          "p1": {
            "active": [],
            "side_conditions": []
          },
          "p2": {
            "active": [],
            "side_conditions": []
          }
        },
        "field": {
          "global_conditions": [],
          "weather": null
        },
        "clocks": {
          "p1": 150,
          "p2": 150
        }
      }
    },
    {
      "turn_number": 12,
      "events": [
        {
          "seq": 0,
          "type": "move",
          "player": "p1",
          "pokemon_uid": "p1-0",
          "move_id": "bravebird",
          "target_uid": "p2-0"
        },
        {
          "seq": 1,
          "type": "damage",
          "target_uid": "p2-0",
          "amount": null,
          "hp_after": 56,
          "max_hp": 240,
          "effectiveness": "neutral",
          "crit": false,
          "source": "move"
        },
        {
          "seq": 2,
          "type": "damage",
          "target_uid": "p1-0",
          "amount": null,
          "hp_after": 177,
          "max_hp": 288,
          "effectiveness": "neutral",
          "crit": false,
          "source": "move"
        },
        {
          "seq": 3,
          "type": "move",
          "player": "p2",
          "pokemon_uid": "p2-0",
          "move_id": "u-turn",
          "target_uid": "p1-0"
        },
        {
          "seq": 4,
          "type": "effect",
          "effect_type": "resisted",
          "raw_parts": [
            "-resisted",
            "p1a: Corviknight"
          ]
        },
        {
          "seq": 5,
          "type": "damage",
          "target_uid": "p1-0",
          "amount": null,
          "hp_after": 156,
          "max_hp": 288,
          "effectiveness": "neutral",
          "crit": false,
          "source": "move"
        },
        {
          "seq": 6,
          "type": "switch",
          "player": "p2",
          "pokemon_uid": "p2-1",
          "into_uid": "p2-1"
        },
        {
          "seq": 7,
          "type": "damage",
          "target_uid": "p2-1",
          "amount": null,
          "hp_after": 128,
          "max_hp": 291,
          "effectiveness": "neutral",
          "crit": false,
          "source": "move"
        }
      ],
      "state_after": {
        "sides": {
          "p1": {
            "active": [],
            "side_conditions": []
          },
          "p2": {
            "active": [],
            "side_conditions": []
          }
        },
        "field": {
          "global_conditions": [],
          "weather": null
        },
        "clocks": {
          "p1": 150,
          "p2": 150
        }
      }
    },
    {
      "turn_number": 13,
      "events": [
        {
          "seq": 0,
          "type": "switch",
          "player": "p1",
          "pokemon_uid": "p1-1",
          "into_uid": "p1-1"
        },
        {
          "seq": 1,
          "type": "move",
          "player": "p2",
          "pokemon_uid": "p2-1",
          "move_id": "flareblitz",
          "target_uid": "p1-1"
        },
        {
          "seq": 2,
          "type": "damage",
          "target_uid": "p1-1",
          "amount": null,
          "hp_after": 86,
          "max_hp": 297,
          "effectiveness": "neutral",
          "crit": false,
          "source": "move"
        },
        {
          "seq": 3,
          "type": "damage",
          "target_uid": "p2-1",
          "amount": null,
          "hp_after": 81,
          "max_hp": 291,
          "effectiveness": "neutral",
          "crit": false,
          "source": "move"
        },
        {
          "seq": 4,
          "type": "heal",
          "target_uid": "p1-1",
          "amount": null,
          "hp_after": 104,
          "max_hp": 297,
          "source": "unknown"
        },
        {
          "seq": 5,
          "type": "damage",
          "target_uid": "p2-1",
          "amount": null,
          "hp_after": 45,
          "max_hp": 291,
          "effectiveness": "neutral",
          "crit": false,
          "source": "move"
        }
      ],
      "state_after": {
        "sides": {
          "p1": {
            "active": [],
            "side_conditions": []
          },
          "p2": {
            "active": [],
            "side_conditions": []
          }
        },
        "field": {
          "global_conditions": [],
          "weather": null
        },
        "clocks": {
          "p1": 150,
          "p2": 150
        }
      }
    },
    {
      "turn_number": 14,
      "events": [
        {
          "seq": 0,
          "type": "move",
          "player": "p2",
          "pokemon_uid": "p2-1",
          "move_id": "flareblitz",
          "target_uid": "p1-1"
        },
        {
          "seq": 1,
          "type": "damage",
          "target_uid": "p1-1",
          "amount": null,
          "hp_after": 0,
          "max_hp": null,
          "effectiveness": "neutral",
          "crit": false,
          "source": "move"
        },
        {
          "seq": 2,
          "type": "faint",
          "target_uid": "p1-1"
        },
        {
          "seq": 3,
          "type": "damage",
          "target_uid": "p2-1",
          "amount": null,
          "hp_after": 11,
          "max_hp": 291,
          "effectiveness": "neutral",
          "crit": false,
          "source": "move"
        },
        {
          "seq": 4,
          "type": "damage",
          "target_uid": "p2-1",
          "amount": null,
          "hp_after": 0,
          "max_hp": null,
          "effectiveness": "neutral",
          "crit": false,
          "source": "move"
        },
        {
          "seq": 5,
          "type": "faint",
          "target_uid": "p2-1"
        },
        {
          "seq": 6,
          "type": "switch",
          "player": "p2",
          "pokemon_uid": "p2-3",
          "into_uid": "p2-3"
        },
        {
          "seq": 7,
          "type": "switch",
          "player": "p1",
          "pokemon_uid": "p1-0",
          "into_uid": "p1-0"
        }
      ],
      "state_after": {
        "sides": {
          "p1": {
            "active": [],
            "side_conditions": []
          },
          "p2": {
            "active": [],
            "side_conditions": []
          }
        },
        "field": {
          "global_conditions": [],
          "weather": null
        },
        "clocks": {
          "p1": 150,
          "p2": 150
        }
      }
    },
    {
      "turn_number": 15,
      "events": [
        {
          "seq": 0,
          "type": "move",
          "player": "p1",
          "pokemon_uid": "p1-0",
          "move_id": "bravebird",
          "target_uid": "p2-3"
        },
        {
          "seq": 1,
          "type": "damage",
          "target_uid": "p2-3",
          "amount": null,
          "hp_after": 242,
          "max_hp": 347,
          "effectiveness": "neutral",
          "crit": false,
          "source": "move"
        },
        {
          "seq": 2,
          "type": "damage",
          "target_uid": "p1-0",
          "amount": null,
          "hp_after": 121,
          "max_hp": 288,
          "effectiveness": "neutral",
          "crit": false,
          "source": "move"
        },
        {
          "seq": 3,
          "type": "move",
          "player": "p2",
          "pokemon_uid": "p2-3",
          "move_id": "swordsdance",
          "target_uid": "p2-3"
        },
        {
          "seq": 4,
          "type": "stat_change",
          "target_uid": "p2-3",
          "stat": "atk",
          "amount": 2
        }
      ],
      "state_after": {
        "sides": {
          "p1": {
            "active": [],
            "side_conditions": []
          },
          "p2": {
            "active": [],
            "side_conditions": []
          }
        },
        "field": {
          "global_conditions": [],
          "weather": null
        },
        "clocks": {
          "p1": 150,
          "p2": 150
        }
      }
    },
    {
      "turn_number": 16,
      "events": [
        {
          "seq": 0,
          "type": "move",
          "player": "p1",
          "pokemon_uid": "p1-0",
          "move_id": "bravebird",
          "target_uid": "p2-3"
        },
        {
          "seq": 1,
          "type": "damage",
          "target_uid": "p2-3",
          "amount": null,
          "hp_after": 136,
          "max_hp": 347,
          "effectiveness": "neutral",
          "crit": false,
          "source": "move"
        },
        {
          "seq": 2,
          "type": "effect",
          "effect_type": "enditem",
          "raw_parts": [
            "-enditem",
            "p2a: Greedent",
            "Sitrus Berry",
            "[eat]"
          ]
        },
        {
          "seq": 3,
          "type": "heal",
          "target_uid": "p2-3",
          "amount": null,
          "hp_after": 222,
          "max_hp": 347,
          "source": "unknown"
        },
        {
          "seq": 4,
          "type": "heal",
          "target_uid": "p2-3",
          "amount": null,
          "hp_after": 337,
          "max_hp": 347,
          "source": "unknown"
        },
        {
          "seq": 5,
          "type": "damage",
          "target_uid": "p1-0",
          "amount": null,
          "hp_after": 86,
          "max_hp": 288,
          "effectiveness": "neutral",
          "crit": false,
          "source": "move"
        },
        {
          "seq": 6,
          "type": "move",
          "player": "p2",
          "pokemon_uid": "p2-3",
          "move_id": "knockoff",
          "target_uid": "p1-0"
        },
        {
          "seq": 7,
          "type": "damage",
          "target_uid": "p1-0",
          "amount": null,
          "hp_after": 1,
          "max_hp": 288,
          "effectiveness": "neutral",
          "crit": false,
          "source": "move"
        }
      ],
      "state_after": {
        "sides": {
          "p1": {
            "active": [],
            "side_conditions": []
          },
          "p2": {
            "active": [],
            "side_conditions": []
          }
        },
        "field": {
          "global_conditions": [],
          "weather": null
        },
        "clocks": {
          "p1": 150,
          "p2": 150
        }
      }
    },
    {
      "turn_number": 17,
      "events": [
        {
          "seq": 0,
          "type": "move",
          "player": "p1",
          "pokemon_uid": "p1-0",
          "move_id": "roost",
          "target_uid": "p1-0"
        },
        {
          "seq": 1,
          "type": "heal",
          "target_uid": "p1-0",
          "amount": null,
          "hp_after": 145,
          "max_hp": 288,
          "source": "unknown"
        },
        {
          "seq": 2,
          "type": "effect",
          "effect_type": "singleturn",
          "raw_parts": [
            "-singleturn",
            "p1a: Corviknight",
            "move: Roost"
          ]
        },
        {
          "seq": 3,
          "type": "move",
          "player": "p2",
          "pokemon_uid": "p2-3",
          "move_id": "knockoff",
          "target_uid": "p1-0"
        },
        {
          "seq": 4,
          "type": "damage",
          "target_uid": "p1-0",
          "amount": null,
          "hp_after": 59,
          "max_hp": 288,
          "effectiveness": "neutral",
          "crit": false,
          "source": "move"
        }
      ],
      "state_after": {
        "sides": {
          "p1": {
            "active": [],
            "side_conditions": []
          },
          "p2": {
            "active": [],
            "side_conditions": []
          }
        },
        "field": {
          "global_conditions": [],
          "weather": null
        },
        "clocks": {
          "p1": 150,
          "p2": 150
        }
      }
    },
    {
      "turn_number": 18,
      "events": [
        {
          "seq": 0,
          "type": "move",
          "player": "p1",
          "pokemon_uid": "p1-0",
          "move_id": "roost",
          "target_uid": "p1-0"
        },
        {
          "seq": 1,
          "type": "heal",
          "target_uid": "p1-0",
          "amount": null,
          "hp_after": 203,
          "max_hp": 288,
          "source": "unknown"
        },
        {
          "seq": 2,
          "type": "effect",
          "effect_type": "singleturn",
          "raw_parts": [
            "-singleturn",
            "p1a: Corviknight",
            "move: Roost"
          ]
        },
        {
          "seq": 3,
          "type": "move",
          "player": "p2",
          "pokemon_uid": "p2-3",
          "move_id": "earthquake",
          "target_uid": "p1-0"
        },
        {
          "seq": 4,
          "type": "effect",
          "effect_type": "supereffective",
          "raw_parts": [
            "-supereffective",
            "p1a: Corviknight"
          ]
        },
        {
          "seq": 5,
          "type": "damage",
          "target_uid": "p1-0",
          "amount": null,
          "hp_after": 0,
          "max_hp": null,
          "effectiveness": "neutral",
          "crit": false,
          "source": "move"
        },
        {
          "seq": 6,
          "type": "faint",
          "target_uid": "p1-0"
        },
        {
          "seq": 7,
          "type": "switch",
          "player": "p1",
          "pokemon_uid": "p1-2",
          "into_uid": "p1-2"
        }
      ],
      "state_after": {
        "sides": {
          "p1": {
            "active": [],
            "side_conditions": []
          },
          "p2": {
            "active": [],
            "side_conditions": []
          }
        },
        "field": {
          "global_conditions": [],
          "weather": null
        },
        "clocks": {
          "p1": 150,
          "p2": 150
        }
      }
    },
    {
      "turn_number": 19,
      "events": [
        {
          "seq": 0,
          "type": "move",
          "player": "p1",
          "pokemon_uid": "p1-2",
          "move_id": "toxic",
          "target_uid": "p2-3"
        },
        {
          "seq": 1,
          "type": "effect",
          "effect_type": "miss",
          "raw_parts": [
            "-miss",
            "p1a: Bellibolt",
            "p2a: Greedent"
          ]
        },
        {
          "seq": 2,
          "type": "move",
          "player": "p2",
          "pokemon_uid": "p2-3",
          "move_id": "earthquake",
          "target_uid": "p1-2"
        },
        {
          "seq": 3,
          "type": "effect",
          "effect_type": "supereffective",
          "raw_parts": [
            "-supereffective",
            "p1a: Bellibolt"
          ]
        },
        {
          "seq": 4,
          "type": "damage",
          "target_uid": "p1-2",
          "amount": null,
          "hp_after": 40,
          "max_hp": 320,
          "effectiveness": "neutral",
          "crit": false,
          "source": "move"
        },
        {
          "seq": 5,
          "type": "effect",
          "effect_type": "start",
          "raw_parts": [
            "-start",
            "p1a: Bellibolt",
            "Charge",
            "Earthquake",
            "[from] ability: Electromorphosis"
          ]
        },
        {
          "seq": 6,
          "type": "heal",
          "target_uid": "p1-2",
          "amount": null,
          "hp_after": 60,
          "max_hp": 320,
          "source": "unknown"
        }
      ],
      "state_after": {
        "sides": {
          "p1": {
            "active": [],
            "side_conditions": []
          },
          "p2": {
            "active": [],
            "side_conditions": []
          }
        },
        "field": {
          "global_conditions": [],
          "weather": null
        },
        "clocks": {
          "p1": 150,
          "p2": 150
        }
      }
    },
    {
      "turn_number": 20,
      "events": [
        {
          "seq": 0,
          "type": "move",
          "player": "p1",
          "pokemon_uid": "p1-2",
          "move_id": "toxic",
          "target_uid": "p2-3"
        },
        {
          "seq": 1,
          "type": "status_start",
          "target_uid": "p2-3",
          "status": "tox",
          "source": "unknown"
        },
        {
          "seq": 2,
          "type": "move",
          "player": "p2",
          "pokemon_uid": "p2-3",
          "move_id": "earthquake",
          "target_uid": "p1-2"
        },
        {
          "seq": 3,
          "type": "effect",
          "effect_type": "supereffective",
          "raw_parts": [
            "-supereffective",
            "p1a: Bellibolt"
          ]
        },
        {
          "seq": 4,
          "type": "damage",
          "target_uid": "p1-2",
          "amount": null,
          "hp_after": 0,
          "max_hp": null,
          "effectiveness": "neutral",
          "crit": false,
          "source": "move"
        },
        {
          "seq": 5,
          "type": "faint",
          "target_uid": "p1-2"
        },
        {
          "seq": 6,
          "type": "damage",
          "target_uid": "p2-3",
          "amount": null,
          "hp_after": 316,
          "max_hp": 347,
          "effectiveness": "neutral",
          "crit": false,
          "source": "move"
        },
        {
          "seq": 7,
          "type": "switch",
          "player": "p1",
          "pokemon_uid": "p1-3",
          "into_uid": "p1-3"
        }
      ],
      "state_after": {
        "sides": {
          "p1": {
            "active": [],
            "side_conditions": []
          },
          "p2": {
            "active": [],
            "side_conditions": []
          }
        },
        "field": {
          "global_conditions": [],
          "weather": null
        },
        "clocks": {
          "p1": 150,
          "p2": 150
        }
      }
    },
    {
      "turn_number": 21,
      "events": [
        {
          "seq": 0,
          "type": "move",
          "player": "p1",
          "pokemon_uid": "p1-3",
          "move_id": "wish",
          "target_uid": "p1-3"
        },
        {
          "seq": 1,
          "type": "move",
          "player": "p2",
          "pokemon_uid": "p2-3",
          "move_id": "knockoff",
          "target_uid": "p1-3"
        },
        {
          "seq": 2,
          "type": "effect",
          "effect_type": "supereffective",
          "raw_parts": [
            "-supereffective",
            "p1a: Farigiraf"
          ]
        },
        {
          "seq": 3,
          "type": "damage",
          "target_uid": "p1-3",
          "amount": null,
          "hp_after": 72,
          "max_hp": 366,
          "effectiveness": "neutral",
          "crit": false,
          "source": "move"
        },
        {
          "seq": 4,
          "type": "effect",
          "effect_type": "enditem",
          "raw_parts": [
            "-enditem",
            "p1a: Farigiraf",
            "Leftovers",
            "[from] move: Knock Off",
            "[of] p2a: Greedent"
          ]
        },
        {
          "seq": 5,
          "type": "damage",
          "target_uid": "p2-3",
          "amount": null,
          "hp_after": 274,
          "max_hp": 347,
          "effectiveness": "neutral",
          "crit": false,
          "source": "move"
        }
      ],
      "state_after": {
        "sides": {
          "p1": {
            "active": [],
            "side_conditions": []
          },
          "p2": {
            "active": [],
            "side_conditions": []
          }
        },
        "field": {
          "global_conditions": [],
          "weather": null
        },
        "clocks": {
          "p1": 150,
          "p2": 150
        }
      }
    },
    {
      "turn_number": 22,
      "events": [
        {
          "seq": 0,
          "type": "switch",
          "player": "p2",
          "pokemon_uid": "p2-4",
          "into_uid": "p2-4"
        },
        {
          "seq": 1,
          "type": "move",
          "player": "p1",
          "pokemon_uid": "p1-3",
          "move_id": "protect",
          "target_uid": null
        },
        {
          "seq": 2,
          "type": "effect",
          "effect_type": "fail",
          "raw_parts": [
            "-fail",
            "p1a: Farigiraf"
          ]
        },
        {
          "seq": 3,
          "type": "heal",
          "target_uid": "p1-3",
          "amount": null,
          "hp_after": 255,
          "max_hp": 366,
          "source": "unknown"
        }
      ],
      "state_after": {
        "sides": {
          "p1": {
            "active": [],
            "side_conditions": []
          },
          "p2": {
            "active": [],
            "side_conditions": []
          }
        },
        "field": {
          "global_conditions": [],
          "weather": null
        },
        "clocks": {
          "p1": 150,
          "p2": 150
        }
      }
    },
    {
      "turn_number": 23,
      "events": [
        {
          "seq": 0,
          "type": "move",
          "player": "p2",
          "pokemon_uid": "p2-4",
          "move_id": "will-o-wisp",
          "target_uid": "p1-3"
        },
        {
          "seq": 1,
          "type": "status_start",
          "target_uid": "p1-3",
          "status": "brn",
          "source": "unknown"
        },
        {
          "seq": 2,
          "type": "move",
          "player": "p1",
          "pokemon_uid": "p1-3",
          "move_id": "futuresight",
          "target_uid": "p2-4"
        },
        {
          "seq": 3,
          "type": "effect",
          "effect_type": "start",
          "raw_parts": [
            "-start",
            "p1a: Farigiraf",
            "move: Future Sight"
          ]
        },
        {
          "seq": 4,
          "type": "damage",
          "target_uid": "p1-3",
          "amount": null,
          "hp_after": 233,
          "max_hp": 366,
          "effectiveness": "neutral",
          "crit": false,
          "source": "move"
        }
      ],
      "state_after": {
        "sides": {
          "p1": {
            "active": [],
            "side_conditions": []
          },
          "p2": {
            "active": [],
            "side_conditions": []
          }
        },
        "field": {
          "global_conditions": [],
          "weather": null
        },
        "clocks": {
          "p1": 150,
          "p2": 150
        }
      }
    },
    {
      "turn_number": 24,
      "events": [
        {
          "seq": 0,
          "type": "move",
          "player": "p1",
          "pokemon_uid": "p1-3",
          "move_id": "protect",
          "target_uid": "p1-3"
        },
        {
          "seq": 1,
          "type": "effect",
          "effect_type": "singleturn",
          "raw_parts": [
            "-singleturn",
            "p1a: Farigiraf",
            "Protect"
          ]
        },
        {
          "seq": 2,
          "type": "move",
          "player": "p2",
          "pokemon_uid": "p2-4",
          "move_id": "u-turn",
          "target_uid": "p1-3"
        },
        {
          "seq": 3,
          "type": "effect",
          "effect_type": "activate",
          "raw_parts": [
            "-activate",
            "p1a: Farigiraf",
            "move: Protect"
          ]
        },
        {
          "seq": 4,
          "type": "damage",
          "target_uid": "p1-3",
          "amount": null,
          "hp_after": 211,
          "max_hp": 366,
          "effectiveness": "neutral",
          "crit": false,
          "source": "move"
        }
      ],
      "state_after": {
        "sides": {
          "p1": {
            "active": [],
            "side_conditions": []
          },
          "p2": {
            "active": [],
            "side_conditions": []
          }
        },
        "field": {
          "global_conditions": [],
          "weather": null
        },
        "clocks": {
          "p1": 150,
          "p2": 150
        }
      }
    },
    {
      "turn_number": 25,
      "events": [
        {
          "seq": 0,
          "type": "effect",
          "effect_type": "end",
          "raw_parts": [
            "-end",
            "p2a: Slither Wing",
            "Protosynthesis",
            "[silent]"
          ]
        },
        {
          "seq": 1,
          "type": "switch",
          "player": "p2",
          "pokemon_uid": "p2-5",
          "into_uid": "p2-5"
        },
        {
          "seq": 2,
          "type": "effect",
          "effect_type": "ability",
          "raw_parts": [
            "-ability",
            "p2a: Scrafty",
            "Intimidate",
            "boost"
          ]
        },
        {
          "seq": 3,
          "type": "stat_change",
          "target_uid": "p1-3",
          "stat": "atk",
          "amount": -1
        },
        {
          "seq": 4,
          "type": "move",
          "player": "p1",
          "pokemon_uid": "p1-3",
          "move_id": "wish",
          "target_uid": "p1-3"
        },
        {
          "seq": 5,
          "type": "effect",
          "effect_type": "end",
          "raw_parts": [
            "-end",
            "p2a: Scrafty",
            "move: Future Sight"
          ]
        },
        {
          "seq": 6,
          "type": "effect",
          "effect_type": "immune",
          "raw_parts": [
            "-immune",
            "p2a: Scrafty"
          ]
        },
        {
          "seq": 7,
          "type": "damage",
          "target_uid": "p1-3",
          "amount": null,
          "hp_after": 189,
          "max_hp": 366,
          "effectiveness": "neutral",
          "crit": false,
          "source": "move"
        }
      ],
      "state_after": {
        "sides": {
          "p1": {
            "active": [],
            "side_conditions": []
          },
          "p2": {
            "active": [],
            "side_conditions": []
          }
        },
        "field": {
          "global_conditions": [],
          "weather": null
        },
        "clocks": {
          "p1": 150,
          "p2": 150
        }
      }
    },
    {
      "turn_number": 26,
      "events": [
        {
          "seq": 0,
          "type": "move",
          "player": "p1",
          "pokemon_uid": "p1-3",
          "move_id": "hypervoice",
          "target_uid": "p2-5"
        },
        {
          "seq": 1,
          "type": "damage",
          "target_uid": "p2-5",
          "amount": null,
          "hp_after": 141,
          "max_hp": 246,
          "effectiveness": "neutral",
          "crit": false,
          "source": "move"
        },
        {
          "seq": 2,
          "type": "move",
          "player": "p2",
          "pokemon_uid": "p2-5",
          "move_id": "dragondance",
          "target_uid": "p2-5"
        },
        {
          "seq": 3,
          "type": "stat_change",
          "target_uid": "p2-5",
          "stat": "atk",
          "amount": 1
        },
        {
          "seq": 4,
          "type": "stat_change",
          "target_uid": "p2-5",
          "stat": "spe",
          "amount": 1
        },
        {
          "seq": 5,
          "type": "heal",
          "target_uid": "p1-3",
          "amount": null,
          "hp_after": 366,
          "max_hp": 366,
          "source": "unknown"
        },
        {
          "seq": 6,
          "type": "damage",
          "target_uid": "p1-3",
          "amount": null,
          "hp_after": 344,
          "max_hp": 366,
          "effectiveness": "neutral",
          "crit": false,
          "source": "move"
        }
      ],
      "state_after": {
        "sides": {
          "p1": {
            "active": [],
            "side_conditions": []
          },
          "p2": {
            "active": [],
            "side_conditions": []
          }
        },
        "field": {
          "global_conditions": [],
          "weather": null
        },
        "clocks": {
          "p1": 150,
          "p2": 150
        }
      }
    },
    {
      "turn_number": 27,
      "events": [
        {
          "seq": 0,
          "type": "move",
          "player": "p2",
          "pokemon_uid": "p2-5",
          "move_id": "knockoff",
          "target_uid": "p1-3"
        },
        {
          "seq": 1,
          "type": "effect",
          "effect_type": "supereffective",
          "raw_parts": [
            "-supereffective",
            "p1a: Farigiraf"
          ]
        },
        {
          "seq": 2,
          "type": "damage",
          "target_uid": "p1-3",
          "amount": null,
          "hp_after": 53,
          "max_hp": 366,
          "effectiveness": "neutral",
          "crit": false,
          "source": "move"
        },
        {
          "seq": 3,
          "type": "damage",
          "target_uid": "p2-5",
          "amount": null,
          "hp_after": 117,
          "max_hp": 246,
          "effectiveness": "neutral",
          "crit": false,
          "source": "move"
        },
        {
          "seq": 4,
          "type": "move",
          "player": "p1",
          "pokemon_uid": "p1-3",
          "move_id": "hypervoice",
          "target_uid": "p2-5"
        },
        {
          "seq": 5,
          "type": "damage",
          "target_uid": "p2-5",
          "amount": null,
          "hp_after": 21,
          "max_hp": 246,
          "effectiveness": "neutral",
          "crit": false,
          "source": "move"
        },
        {
          "seq": 6,
          "type": "damage",
          "target_uid": "p1-3",
          "amount": null,
          "hp_after": 31,
          "max_hp": 366,
          "effectiveness": "neutral",
          "crit": false,
          "source": "move"
        }
      ],
      "state_after": {
        "sides": {
          "p1": {
            "active": [],
            "side_conditions": []
          },
          "p2": {
            "active": [],
            "side_conditions": []
          }
        },
        "field": {
          "global_conditions": [],
          "weather": null
        },
        "clocks": {
          "p1": 150,
          "p2": 150
        }
      }
    },
    {
      "turn_number": 28,
      "events": [
        {
          "seq": 0,
          "type": "move",
          "player": "p2",
          "pokemon_uid": "p2-5",
          "move_id": "knockoff",
          "target_uid": "p1-3"
        },
        {
          "seq": 1,
          "type": "effect",
          "effect_type": "supereffective",
          "raw_parts": [
            "-supereffective",
            "p1a: Farigiraf"
          ]
        },
        {
          "seq": 2,
          "type": "damage",
          "target_uid": "p1-3",
          "amount": null,
          "hp_after": 0,
          "max_hp": null,
          "effectiveness": "neutral",
          "crit": false,
          "source": "move"
        },
        {
          "seq": 3,
          "type": "faint",
          "target_uid": "p1-3"
        },
        {
          "seq": 4,
          "type": "damage",
          "target_uid": "p2-5",
          "amount": null,
          "hp_after": 0,
          "max_hp": null,
          "effectiveness": "neutral",
          "crit": false,
          "source": "move"
        },
        {
          "seq": 5,
          "type": "faint",
          "target_uid": "p2-5"
        },
        {
          "seq": 6,
          "type": "switch",
          "player": "p1",
          "pokemon_uid": "p1-4",
          "into_uid": "p1-4"
        },
        {
          "seq": 7,
          "type": "switch",
          "player": "p2",
          "pokemon_uid": "p2-3",
          "into_uid": "p2-3"
        }
      ],
      "state_after": {
        "sides": {
          "p1": {
            "active": [],
            "side_conditions": []
          },
          "p2": {
            "active": [],
            "side_conditions": []
          }
        },
        "field": {
          "global_conditions": [],
          "weather": null
        },
        "clocks": {
          "p1": 150,
          "p2": 150
        }
      }
    },
    {
      "turn_number": 29,
      "events": [
        {
          "seq": 0,
          "type": "move",
          "player": "p1",
          "pokemon_uid": "p1-4",
          "move_id": "moonblast",
          "target_uid": "p2-3"
        },
        {
          "seq": 1,
          "type": "damage",
          "target_uid": "p2-3",
          "amount": null,
          "hp_after": 91,
          "max_hp": 347,
          "effectiveness": "neutral",
          "crit": false,
          "source": "move"
        },
        {
          "seq": 2,
          "type": "move",
          "player": "p2",
          "pokemon_uid": "p2-3",
          "move_id": "swordsdance",
          "target_uid": "p2-3"
        },
        {
          "seq": 3,
          "type": "stat_change",
          "target_uid": "p2-3",
          "stat": "atk",
          "amount": 2
        },
        {
          "seq": 4,
          "type": "damage",
          "target_uid": "p2-3",
          "amount": null,
          "hp_after": 70,
          "max_hp": 347,
          "effectiveness": "neutral",
          "crit": false,
          "source": "move"
        }
      ],
      "state_after": {
        "sides": {
          "p1": {
            "active": [],
            "side_conditions": []
          },
          "p2": {
            "active": [],
            "side_conditions": []
          }
        },
        "field": {
          "global_conditions": [],
          "weather": null
        },
        "clocks": {
          "p1": 150,
          "p2": 150
        }
      }
    },
    {
      "turn_number": 30,
      "events": [
        {
          "seq": 0,
          "type": "move",
          "player": "p1",
          "pokemon_uid": "p1-4",
          "move_id": "moonblast",
          "target_uid": "p2-3"
        },
        {
          "seq": 1,
          "type": "damage",
          "target_uid": "p2-3",
          "amount": null,
          "hp_after": 0,
          "max_hp": null,
          "effectiveness": "neutral",
          "crit": false,
          "source": "move"
        },
        {
          "seq": 2,
          "type": "faint",
          "target_uid": "p2-3"
        },
        {
          "seq": 3,
          "type": "switch",
          "player": "p2",
          "pokemon_uid": "p2-4",
          "into_uid": "p2-4"
        }
      ],
      "state_after": {
        "sides": {
          "p1": {
            "active": [],
            "side_conditions": []
          },
          "p2": {
            "active": [],
            "side_conditions": []
          }
        },
        "field": {
          "global_conditions": [],
          "weather": null
        },
        "clocks": {
          "p1": 150,
          "p2": 150
        }
      }
    },
    {
      "turn_number": 31,
      "events": [
        {
          "seq": 0,
          "type": "move",
          "player": "p1",
          "pokemon_uid": "p1-4",
          "move_id": "moonblast",
          "target_uid": "p2-4"
        },
        {
          "seq": 1,
          "type": "effect",
          "effect_type": "supereffective",
          "raw_parts": [
            "-supereffective",
            "p2a: Slither Wing"
          ]
        },
        {
          "seq": 2,
          "type": "damage",
          "target_uid": "p2-4",
          "amount": null,
          "hp_after": 16,
          "max_hp": 270,
          "effectiveness": "neutral",
          "crit": false,
          "source": "move"
        },
        {
          "seq": 3,
          "type": "move",
          "player": "p2",
          "pokemon_uid": "p2-4",
          "move_id": "u-turn",
          "target_uid": "p1-4"
        },
        {
          "seq": 4,
          "type": "effect",
          "effect_type": "resisted",
          "raw_parts": [
            "-resisted",
            "p1a: Flutter Mane"
          ]
        },
        {
          "seq": 5,
          "type": "damage",
          "target_uid": "p1-4",
          "amount": null,
          "hp_after": 168,
          "max_hp": 203,
          "effectiveness": "neutral",
          "crit": false,
          "source": "move"
        },
        {
          "seq": 6,
          "type": "effect",
          "effect_type": "end",
          "raw_parts": [
            "-end",
            "p2a: Slither Wing",
            "Protosynthesis",
            "[silent]"
          ]
        },
        {
          "seq": 7,
          "type": "switch",
          "player": "p2",
          "pokemon_uid": "p2-0",
          "into_uid": "p2-0"
        },
        {
          "seq": 8,
          "type": "heal",
          "target_uid": "p2-0",
          "amount": null,
          "hp_after": 71,
          "max_hp": 240,
          "source": "unknown"
        }
      ],
      "state_after": {
        "sides": {
          "p1": {
            "active": [],
            "side_conditions": []
          },
          "p2": {
            "active": [],
            "side_conditions": []
          }
        },
        "field": {
          "global_conditions": [],
          "weather": null
        },
        "clocks": {
          "p1": 150,
          "p2": 150
        }
      }
    },
    {
      "turn_number": 32,
      "events": [
        {
          "seq": 0,
          "type": "move",
          "player": "p2",
          "pokemon_uid": "p2-0",
          "move_id": "bulletpunch",
          "target_uid": "p1-4"
        },
        {
          "seq": 1,
          "type": "effect",
          "effect_type": "supereffective",
          "raw_parts": [
            "-supereffective",
            "p1a: Flutter Mane"
          ]
        },
        {
          "seq": 2,
          "type": "damage",
          "target_uid": "p1-4",
          "amount": null,
          "hp_after": 0,
          "max_hp": null,
          "effectiveness": "neutral",
          "crit": false,
          "source": "move"
        },
        {
          "seq": 3,
          "type": "faint",
          "target_uid": "p1-4"
        },
        {
          "seq": 4,
          "type": "effect",
          "effect_type": "end",
          "raw_parts": [
            "-end",
            "p1a: Flutter Mane",
            "Protosynthesis",
            "[silent]"
          ]
        },
        {
          "seq": 5,
          "type": "heal",
          "target_uid": "p2-0",
          "amount": null,
          "hp_after": 86,
          "max_hp": 240,
          "source": "unknown"
        },
        {
          "seq": 6,
          "type": "switch",
          "player": "p1",
          "pokemon_uid": "p1-5",
          "into_uid": "p1-5"
        }
      ],
      "state_after": {
        "sides": {
          "p1": {
            "active": [],
            "side_conditions": []
          },
          "p2": {
            "active": [],
            "side_conditions": []
          }
        },
        "field": {
          "global_conditions": [],
          "weather": null
        },
        "clocks": {
          "p1": 150,
          "p2": 150
        }
      }
    },
    {
      "turn_number": 33,
      "events": [
        {
          "seq": 0,
          "type": "move",
          "player": "p2",
          "pokemon_uid": "p2-0",
          "move_id": "knockoff",
          "target_uid": "p1-5"
        },
        {
          "seq": 1,
          "type": "effect",
          "effect_type": "supereffective",
          "raw_parts": [
            "-supereffective",
            "p1a: Reuniclus"
          ]
        },
        {
          "seq": 2,
          "type": "damage",
          "target_uid": "p1-5",
          "amount": null,
          "hp_after": 159,
          "max_hp": 337,
          "effectiveness": "neutral",
          "crit": false,
          "source": "move"
        },
        {
          "seq": 3,
          "type": "effect",
          "effect_type": "enditem",
          "raw_parts": [
            "-enditem",
            "p1a: Reuniclus",
            "Life Orb",
            "[from] move: Knock Off",
            "[of] p2a: Scizor"
          ]
        },
        {
          "seq": 4,
          "type": "move",
          "player": "p1",
          "pokemon_uid": "p1-5",
          "move_id": "focusblast",
          "target_uid": "p2-0"
        },
        {
          "seq": 5,
          "type": "damage",
          "target_uid": "p2-0",
          "amount": null,
          "hp_after": 0,
          "max_hp": null,
          "effectiveness": "neutral",
          "crit": false,
          "source": "move"
        },
        {
          "seq": 6,
          "type": "faint",
          "target_uid": "p2-0"
        },
        {
          "seq": 7,
          "type": "switch",
          "player": "p2",
          "pokemon_uid": "p2-4",
          "into_uid": "p2-4"
        }
      ],
      "state_after": {
        "sides": {
          "p1": {
            "active": [],
            "side_conditions": []
          },
          "p2": {
            "active": [],
            "side_conditions": []
          }
        },
        "field": {
          "global_conditions": [],
          "weather": null
        },
        "clocks": {
          "p1": 150,
          "p2": 150
        }
      }
    },
    {
      "turn_number": 34,
      "events": [
        {
          "seq": 0,
          "type": "move",
          "player": "p2",
          "pokemon_uid": "p2-4",
          "move_id": "u-turn",
          "target_uid": "p1-5"
        },
        {
          "seq": 1,
          "type": "effect",
          "effect_type": "supereffective",
          "raw_parts": [
            "-supereffective",
            "p1a: Reuniclus"
          ]
        },
        {
          "seq": 2,
          "type": "damage",
          "target_uid": "p1-5",
          "amount": null,
          "hp_after": 0,
          "max_hp": null,
          "effectiveness": "neutral",
          "crit": false,
          "source": "move"
        },
        {
          "seq": 3,
          "type": "faint",
          "target_uid": "p1-5"
        }
      ],
      "state_after": {
        "sides": {
          "p1": {
            "active": [],
            "side_conditions": []
          },
          "p2": {
            "active": [],
            "side_conditions": []
          }
        },
        "field": {
          "global_conditions": [],
          "weather": null
        },
        "clocks": {
          "p1": 150,
          "p2": 150
        }
      }
    }
  ],
  "summary": {
    "pokemon_used": {
      "p1": [
        "p1-0",
        "p1-1",
        "p1-2",
        "p1-3",
        "p1-4",
        "p1-5"
      ],
      "p2": [
        "p2-0",
        "p2-1",
        "p2-2",
        "p2-3",
        "p2-4",
        "p2-5"
      ]
    },
    "fainted_order": {
      "p1": [],
      "p2": []
    },
    "major_events": null
  },
  "integrity": {
    "validated": true,
    "issues": [],
    "sha256_raw_log": "f6951455ff22f6872640c32748143ea6",
    "generation_time_ms": 0
  }
}